nationalGridBmUnit,PNLevel,MELLevel,MILLevel,BidVolume,OfferVolume,Metered,ExpectOT,CapacityCalibrated,NetError,ABSError,max_M_ABS_NetError%,installedCapacity_mwh,FUEL_I,A_NetError%,A_ABS_NetError%,Rank_A_ABS_NetError%,PctRank_A_ABS_NetError%
MEADD-1,0.0,0.0,-420480.0,0.0,0.0,-52983.71,0.0,420480.0,52983.71,109676.21,28.54,,DEMAND,12.6,12.6,1589.0,0.91
MOSED-1,0.0,0.0,-219000.0,0.0,0.0,-115763.82,0.0,219000.0,115763.82,115763.82,55.54,,DEMAND,52.86,52.86,1682.0,0.96
PINFD-5,0.0,0.0,0.0,0.0,0.0,-2711.66,-2711.66,17520.0,0.0,0.0,0.0,,DEMAND,0.0,0.0,140.0,0.08
PINFD-6,0.0,0.0,0.0,0.0,0.0,-2156.03,-2156.03,17520.0,0.0,0.0,0.0,,DEMAND,0.0,0.0,140.0,0.08
