nationalGridBmUnit,PNLevel,MELLevel,MILLevel,BidVolume,OfferVolume,Metered,ExpectOT,CapacityCalibrated,NetError,ABSError,max_M_ABS_NetError%,installedCapacity_mwh,FUEL_I,A_NetError%,A_ABS_NetError%,Rank_A_ABS_NetError%,PctRank_A_ABS_NetError%
GRAISC-1,0.0,8645.3,0.0,0.0,0.0,-14408.62,-0.76,8761.3,14407.86,14407.86,168.91,,SYNCHRONOUS COMPENSATOR,164.45,164.45,1732.0,0.99
GRAISC-2,0.0,8644.51,0.0,0.0,0.0,-14052.26,-0.74,8760.51,14051.52,14052.02,164.93,,SYNCHRONOUS COMPENSATOR,160.4,160.4,1727.0,0.99
KILLSC-1,0.0,8520.9,0.0,0.0,0.0,-8180.64,-22.65,8758.9,8157.99,8157.99,101.27,,SYNCHRONOUS COMPENSATOR,93.14,93.14,1707.0,0.98
KILLSC-2,0.0,8398.26,0.0,0.0,0.0,-7896.64,-26.93,8759.26,7869.71,7869.71,98.73,,SYNCHRONOUS COMPENSATOR,89.84,89.84,1704.0,0.98
LRDSC-1,0.0,8371.7,-8058.07,0.0,0.0,-8125.66,-85.64,8755.72,8040.02,8040.02,101.47,,SYNCHRONOUS COMPENSATOR,91.83,91.83,1706.0,0.98
LRDSC-2,0.0,8540.35,-8188.66,0.0,0.0,-6701.41,-0.2,8756.25,6701.21,6701.21,85.07,,SYNCHRONOUS COMPENSATOR,76.53,76.53,1697.0,0.97
RASSP-1,0.0,8697.09,0.0,0.0,0.0,-13761.04,-7.1,8759.09,13753.94,13753.94,173.62,,SYNCHRONOUS COMPENSATOR,157.02,157.02,1725.0,0.99
