BMU_ID,HourLocal,Agreement_Type,DATETIME_FROM,DATETIME_TO,Traded_Date,Trade_Created,Awareness_Start,Pn_change_on_IC,Total_Volume,Trade_met_on_IC,Countertrade_on_same_IC,CP Code,Total_Vol_Traded_across_allICs,Total_PN_change_across_ICs,All_Trades_Met_company,Trade_met_across_IC,Shortfall_MW_on_IC,Opposite_BMU_ID,Decision,Action
IFG-DSKC1,2023-04-03 01:00:00,,,,,,,0.0,0.0,True,False,DANSKE,0.0,0.0,False,True,0.0,IFD-DSKC1,INFO,✅ OK: Position Fully Balanced.
IFG-DVAL1,2023-04-03 01:00:00,,,,,,,0.0,0.0,True,False,DVALIN,0.0,0.0,False,True,0.0,IFD-DVAL1,INFO,✅ OK: Position Fully Balanced.
IFD-EDFT1,2023-04-03 01:00:00,,,,,,,0.0,0.0,True,False,EDFT,0.0,0.0,False,True,0.0,IFG-EDFT1,INFO,✅ OK: Position Fully Balanced.
IFG-EDFT1,2023-04-03 01:00:00,,,,,,,0.0,0.0,True,False,EDFT,0.0,0.0,False,True,0.0,IFD-EDFT1,INFO,✅ OK: Position Fully Balanced.
IFG-ELTR1,2023-04-03 01:00:00,,,,,,,0.0,0.0,True,False,ELECTRO,0.0,0.0,False,True,0.0,IFD-ELTR1,INFO,✅ OK: Position Fully Balanced.
IFD-EDMK1,2023-04-03 01:00:00,,,,,,,0.0,0.0,True,False,ENERGIDAN,0.0,0.0,False,True,0.0,IFG-EDMK1,INFO,✅ OK: Position Fully Balanced.
IFG-EDMK1,2023-04-03 01:00:00,,,,,,,0.0,0.0,True,False,ENERGIDAN,0.0,0.0,False,True,0.0,IFD-EDMK1,INFO,✅ OK: Position Fully Balanced.
IFG-HELI1,2023-04-03 01:00:00,,,,,,,0.0,0.0,True,False,HELIOS,0.0,0.0,False,True,0.0,IFD-HELI1,INFO,✅ OK: Position Fully Balanced.
IFG-INCM1,2023-04-03 01:00:00,,,,,,,0.0,0.0,True,False,INCOM,0.0,0.0,False,True,0.0,IFD-INCM1,INFO,✅ OK: Position Fully Balanced.
IFG-MFTE1,2023-04-03 01:00:00,,,,,,,0.0,0.0,True,False,MFT,0.0,0.0,False,True,0.0,IFD-MFTE1,INFO,✅ OK: Position Fully Balanced.
IFD-NTPL1,2023-04-03 01:00:00,,,,,,,0.0,0.0,True,False,NORTHPOOL,0.0,0.0,False,True,0.0,IFG-NTPL1,INFO,✅ OK: Position Fully Balanced.
IFD-VSAL1,2023-04-03 01:00:00,,,,,,,0.0,0.0,True,False,VITOL,0.0,0.0,False,True,0.0,IFG-VSAL1,INFO,✅ OK: Position Fully Balanced.
IFG-VSAL1,2023-04-03 01:00:00,,,,,,,0.0,0.0,True,False,VITOL,0.0,0.0,False,True,0.0,IFD-VSAL1,INFO,✅ OK: Position Fully Balanced.
IFD-CNGS1,2023-04-03 01:00:00,,,,,,,0.0,0.0,True,False,,0.0,0.0,False,True,0.0,IFG-CNGS1,INFO,✅ OK: Position Fully Balanced.
IFD-OMPX1,2023-04-03 01:00:00,,,,,,,0.0,0.0,True,False,,0.0,0.0,False,True,0.0,IFG-OMPX1,INFO,✅ OK: Position Fully Balanced.
IFD-STAT1,2023-04-03 01:00:00,,,,,,,0.0,0.0,True,False,,0.0,0.0,False,True,0.0,IFG-STAT1,INFO,✅ OK: Position Fully Balanced.
IFG-CNGS1,2023-04-03 01:00:00,,,,,,,0.0,0.0,True,False,,0.0,0.0,False,True,0.0,IFD-CNGS1,INFO,✅ OK: Position Fully Balanced.
IFG-EPCO1,2023-04-03 01:00:00,,,,,,,0.0,0.0,True,False,,0.0,0.0,False,True,0.0,IFD-EPCO1,INFO,✅ OK: Position Fully Balanced.
IFG-MCRA1,2023-04-03 01:00:00,,,,,,,0.0,0.0,True,False,,0.0,0.0,False,True,0.0,IFD-MCRA1,INFO,✅ OK: Position Fully Balanced.
IFG-OMPX1,2023-04-03 01:00:00,,,,,,,0.0,0.0,True,False,,0.0,0.0,False,True,0.0,IFD-OMPX1,INFO,✅ OK: Position Fully Balanced.
IFG-STAT1,2023-04-03 01:00:00,,,,,,,0.0,0.0,True,False,,0.0,0.0,False,True,0.0,IFD-STAT1,INFO,✅ OK: Position Fully Balanced.
IFG-TFEE1,2023-04-03 01:00:00,,,,,,,0.0,0.0,True,False,,0.0,0.0,False,True,0.0,IFD-TFEE1,INFO,✅ OK: Position Fully Balanced.
IFG-DSKC1,2023-04-03 02:00:00,,,,,,,0.0,0.0,True,False,DANSKE,0.0,0.0,False,True,0.0,IFD-DSKC1,INFO,✅ OK: Position Fully Balanced.
IFG-DVAL1,2023-04-03 02:00:00,,,,,,,0.0,0.0,True,False,DVALIN,0.0,0.0,False,True,0.0,IFD-DVAL1,INFO,✅ OK: Position Fully Balanced.
IFD-EDFT1,2023-04-03 02:00:00,,,,,,,0.0,0.0,True,False,EDFT,0.0,0.0,False,True,0.0,IFG-EDFT1,INFO,✅ OK: Position Fully Balanced.
IFG-EDFT1,2023-04-03 02:00:00,,,,,,,0.0,0.0,True,False,EDFT,0.0,0.0,False,True,0.0,IFD-EDFT1,INFO,✅ OK: Position Fully Balanced.
IFG-ELTR1,2023-04-03 02:00:00,,,,,,,0.0,0.0,True,False,ELECTRO,0.0,0.0,False,True,0.0,IFD-ELTR1,INFO,✅ OK: Position Fully Balanced.
IFD-EDMK1,2023-04-03 02:00:00,,,,,,,0.0,0.0,True,False,ENERGIDAN,0.0,0.0,False,True,0.0,IFG-EDMK1,INFO,✅ OK: Position Fully Balanced.
IFG-EDMK1,2023-04-03 02:00:00,,,,,,,0.0,0.0,True,False,ENERGIDAN,0.0,0.0,False,True,0.0,IFD-EDMK1,INFO,✅ OK: Position Fully Balanced.
IFG-HELI1,2023-04-03 02:00:00,,,,,,,0.0,0.0,True,False,HELIOS,0.0,0.0,False,True,0.0,IFD-HELI1,INFO,✅ OK: Position Fully Balanced.
IFG-INCM1,2023-04-03 02:00:00,,,,,,,0.0,0.0,True,False,INCOM,0.0,0.0,False,True,0.0,IFD-INCM1,INFO,✅ OK: Position Fully Balanced.
IFG-MFTE1,2023-04-03 02:00:00,,,,,,,0.0,0.0,True,False,MFT,0.0,0.0,False,True,0.0,IFD-MFTE1,INFO,✅ OK: Position Fully Balanced.
IFD-NTPL1,2023-04-03 02:00:00,,,,,,,0.0,0.0,True,False,NORTHPOOL,0.0,0.0,False,True,0.0,IFG-NTPL1,INFO,✅ OK: Position Fully Balanced.
IFD-VSAL1,2023-04-03 02:00:00,,,,,,,0.0,0.0,True,False,VITOL,0.0,0.0,False,True,0.0,IFG-VSAL1,INFO,✅ OK: Position Fully Balanced.
IFG-VSAL1,2023-04-03 02:00:00,,,,,,,0.0,0.0,True,False,VITOL,0.0,0.0,False,True,0.0,IFD-VSAL1,INFO,✅ OK: Position Fully Balanced.
IFD-CNGS1,2023-04-03 02:00:00,,,,,,,0.0,0.0,True,False,,0.0,0.0,False,True,0.0,IFG-CNGS1,INFO,✅ OK: Position Fully Balanced.
IFD-OMPX1,2023-04-03 02:00:00,,,,,,,0.0,0.0,True,False,,0.0,0.0,False,True,0.0,IFG-OMPX1,INFO,✅ OK: Position Fully Balanced.
IFD-STAT1,2023-04-03 02:00:00,,,,,,,0.0,0.0,True,False,,0.0,0.0,False,True,0.0,IFG-STAT1,INFO,✅ OK: Position Fully Balanced.
IFG-CNGS1,2023-04-03 02:00:00,,,,,,,0.0,0.0,True,False,,0.0,0.0,False,True,0.0,IFD-CNGS1,INFO,✅ OK: Position Fully Balanced.
IFG-EPCO1,2023-04-03 02:00:00,,,,,,,0.0,0.0,True,False,,0.0,0.0,False,True,0.0,IFD-EPCO1,INFO,✅ OK: Position Fully Balanced.
IFG-MCRA1,2023-04-03 02:00:00,,,,,,,0.0,0.0,True,False,,0.0,0.0,False,True,0.0,IFD-MCRA1,INFO,✅ OK: Position Fully Balanced.
IFG-OMPX1,2023-04-03 02:00:00,,,,,,,0.0,0.0,True,False,,0.0,0.0,False,True,0.0,IFD-OMPX1,INFO,✅ OK: Position Fully Balanced.
IFG-STAT1,2023-04-03 02:00:00,,,,,,,0.0,0.0,True,False,,0.0,0.0,False,True,0.0,IFD-STAT1,INFO,✅ OK: Position Fully Balanced.
IFG-TFEE1,2023-04-03 02:00:00,,,,,,,0.0,0.0,True,False,,0.0,0.0,False,True,0.0,IFD-TFEE1,INFO,✅ OK: Position Fully Balanced.
IFG-DSKC1,2023-04-03 03:00:00,,,,,,,0.0,0.0,True,False,DANSKE,0.0,0.0,False,True,0.0,IFD-DSKC1,INFO,✅ OK: Position Fully Balanced.
IFG-DVAL1,2023-04-03 03:00:00,,,,,,,0.0,0.0,True,False,DVALIN,0.0,0.0,False,True,0.0,IFD-DVAL1,INFO,✅ OK: Position Fully Balanced.
IFD-EDFT1,2023-04-03 03:00:00,,,,,,,0.0,0.0,True,False,EDFT,0.0,0.0,False,True,0.0,IFG-EDFT1,INFO,✅ OK: Position Fully Balanced.
IFG-EDFT1,2023-04-03 03:00:00,,,,,,,0.0,0.0,True,False,EDFT,0.0,0.0,False,True,0.0,IFD-EDFT1,INFO,✅ OK: Position Fully Balanced.
IFG-ELTR1,2023-04-03 03:00:00,,,,,,,0.0,0.0,True,False,ELECTRO,0.0,0.0,False,True,0.0,IFD-ELTR1,INFO,✅ OK: Position Fully Balanced.
IFD-EDMK1,2023-04-03 03:00:00,,,,,,,0.0,0.0,True,False,ENERGIDAN,0.0,0.0,False,True,0.0,IFG-EDMK1,INFO,✅ OK: Position Fully Balanced.
IFG-EDMK1,2023-04-03 03:00:00,,,,,,,0.0,0.0,True,False,ENERGIDAN,0.0,0.0,False,True,0.0,IFD-EDMK1,INFO,✅ OK: Position Fully Balanced.
IFG-HELI1,2023-04-03 03:00:00,,,,,,,0.0,0.0,True,False,HELIOS,0.0,0.0,False,True,0.0,IFD-HELI1,INFO,✅ OK: Position Fully Balanced.
IFG-INCM1,2023-04-03 03:00:00,,,,,,,0.0,0.0,True,False,INCOM,0.0,0.0,False,True,0.0,IFD-INCM1,INFO,✅ OK: Position Fully Balanced.
IFG-MFTE1,2023-04-03 03:00:00,,,,,,,0.0,0.0,True,False,MFT,0.0,0.0,False,True,0.0,IFD-MFTE1,INFO,✅ OK: Position Fully Balanced.
IFD-NTPL1,2023-04-03 03:00:00,,,,,,,0.0,0.0,True,False,NORTHPOOL,0.0,0.0,False,True,0.0,IFG-NTPL1,INFO,✅ OK: Position Fully Balanced.
IFD-VSAL1,2023-04-03 03:00:00,,,,,,,0.0,0.0,True,False,VITOL,0.0,0.0,False,True,0.0,IFG-VSAL1,INFO,✅ OK: Position Fully Balanced.
IFG-VSAL1,2023-04-03 03:00:00,,,,,,,0.0,0.0,True,False,VITOL,0.0,0.0,False,True,0.0,IFD-VSAL1,INFO,✅ OK: Position Fully Balanced.
IFD-CNGS1,2023-04-03 03:00:00,,,,,,,0.0,0.0,True,False,,0.0,0.0,False,True,0.0,IFG-CNGS1,INFO,✅ OK: Position Fully Balanced.
IFD-OMPX1,2023-04-03 03:00:00,,,,,,,0.0,0.0,True,False,,0.0,0.0,False,True,0.0,IFG-OMPX1,INFO,✅ OK: Position Fully Balanced.
IFD-STAT1,2023-04-03 03:00:00,,,,,,,0.0,0.0,True,False,,0.0,0.0,False,True,0.0,IFG-STAT1,INFO,✅ OK: Position Fully Balanced.
IFG-CNGS1,2023-04-03 03:00:00,,,,,,,0.0,0.0,True,False,,0.0,0.0,False,True,0.0,IFD-CNGS1,INFO,✅ OK: Position Fully Balanced.
IFG-EPCO1,2023-04-03 03:00:00,,,,,,,0.0,0.0,True,False,,0.0,0.0,False,True,0.0,IFD-EPCO1,INFO,✅ OK: Position Fully Balanced.
IFG-MCRA1,2023-04-03 03:00:00,,,,,,,0.0,0.0,True,False,,0.0,0.0,False,True,0.0,IFD-MCRA1,INFO,✅ OK: Position Fully Balanced.
IFG-OMPX1,2023-04-03 03:00:00,,,,,,,0.0,0.0,True,False,,0.0,0.0,False,True,0.0,IFD-OMPX1,INFO,✅ OK: Position Fully Balanced.
IFG-STAT1,2023-04-03 03:00:00,,,,,,,0.0,0.0,True,False,,0.0,0.0,False,True,0.0,IFD-STAT1,INFO,✅ OK: Position Fully Balanced.
IFG-TFEE1,2023-04-03 03:00:00,,,,,,,0.0,0.0,True,False,,0.0,0.0,False,True,0.0,IFD-TFEE1,INFO,✅ OK: Position Fully Balanced.
IFG-DSKC1,2023-04-03 04:00:00,,,,,,,0.0,0.0,True,False,DANSKE,0.0,0.0,False,True,0.0,IFD-DSKC1,INFO,✅ OK: Position Fully Balanced.
IFG-DVAL1,2023-04-03 04:00:00,,,,,,,0.0,0.0,True,False,DVALIN,0.0,0.0,False,True,0.0,IFD-DVAL1,INFO,✅ OK: Position Fully Balanced.
IFD-EDFT1,2023-04-03 04:00:00,,,,,,,0.0,0.0,True,False,EDFT,0.0,0.0,False,True,0.0,IFG-EDFT1,INFO,✅ OK: Position Fully Balanced.
IFG-EDFT1,2023-04-03 04:00:00,,,,,,,0.0,0.0,True,False,EDFT,0.0,0.0,False,True,0.0,IFD-EDFT1,INFO,✅ OK: Position Fully Balanced.
IFG-ELTR1,2023-04-03 04:00:00,,,,,,,0.0,0.0,True,False,ELECTRO,0.0,0.0,False,True,0.0,IFD-ELTR1,INFO,✅ OK: Position Fully Balanced.
IFD-EDMK1,2023-04-03 04:00:00,,,,,,,0.0,0.0,True,False,ENERGIDAN,0.0,0.0,False,True,0.0,IFG-EDMK1,INFO,✅ OK: Position Fully Balanced.
IFG-EDMK1,2023-04-03 04:00:00,,,,,,,0.0,0.0,True,False,ENERGIDAN,0.0,0.0,False,True,0.0,IFD-EDMK1,INFO,✅ OK: Position Fully Balanced.
IFG-HELI1,2023-04-03 04:00:00,,,,,,,0.0,0.0,True,False,HELIOS,0.0,0.0,False,True,0.0,IFD-HELI1,INFO,✅ OK: Position Fully Balanced.
IFG-INCM1,2023-04-03 04:00:00,,,,,,,0.0,0.0,True,False,INCOM,0.0,0.0,False,True,0.0,IFD-INCM1,INFO,✅ OK: Position Fully Balanced.
IFG-MFTE1,2023-04-03 04:00:00,,,,,,,0.0,0.0,True,False,MFT,0.0,0.0,False,True,0.0,IFD-MFTE1,INFO,✅ OK: Position Fully Balanced.
IFD-NTPL1,2023-04-03 04:00:00,,,,,,,0.0,0.0,True,False,NORTHPOOL,0.0,0.0,False,True,0.0,IFG-NTPL1,INFO,✅ OK: Position Fully Balanced.
IFD-VSAL1,2023-04-03 04:00:00,,,,,,,0.0,0.0,True,False,VITOL,0.0,0.0,False,True,0.0,IFG-VSAL1,INFO,✅ OK: Position Fully Balanced.
IFG-VSAL1,2023-04-03 04:00:00,,,,,,,0.0,0.0,True,False,VITOL,0.0,0.0,False,True,0.0,IFD-VSAL1,INFO,✅ OK: Position Fully Balanced.
IFD-CNGS1,2023-04-03 04:00:00,,,,,,,0.0,0.0,True,False,,0.0,0.0,False,True,0.0,IFG-CNGS1,INFO,✅ OK: Position Fully Balanced.
IFD-OMPX1,2023-04-03 04:00:00,,,,,,,0.0,0.0,True,False,,0.0,0.0,False,True,0.0,IFG-OMPX1,INFO,✅ OK: Position Fully Balanced.
IFD-STAT1,2023-04-03 04:00:00,,,,,,,0.0,0.0,True,False,,0.0,0.0,False,True,0.0,IFG-STAT1,INFO,✅ OK: Position Fully Balanced.
IFG-CNGS1,2023-04-03 04:00:00,,,,,,,0.0,0.0,True,False,,0.0,0.0,False,True,0.0,IFD-CNGS1,INFO,✅ OK: Position Fully Balanced.
IFG-EPCO1,2023-04-03 04:00:00,,,,,,,0.0,0.0,True,False,,0.0,0.0,False,True,0.0,IFD-EPCO1,INFO,✅ OK: Position Fully Balanced.
IFG-MCRA1,2023-04-03 04:00:00,,,,,,,0.0,0.0,True,False,,0.0,0.0,False,True,0.0,IFD-MCRA1,INFO,✅ OK: Position Fully Balanced.
IFG-OMPX1,2023-04-03 04:00:00,,,,,,,0.0,0.0,True,False,,0.0,0.0,False,True,0.0,IFD-OMPX1,INFO,✅ OK: Position Fully Balanced.
IFG-STAT1,2023-04-03 04:00:00,,,,,,,0.0,0.0,True,False,,0.0,0.0,False,True,0.0,IFD-STAT1,INFO,✅ OK: Position Fully Balanced.
IFG-TFEE1,2023-04-03 04:00:00,,,,,,,0.0,0.0,True,False,,0.0,0.0,False,True,0.0,IFD-TFEE1,INFO,✅ OK: Position Fully Balanced.
IFG-DSKC1,2023-04-03 05:00:00,,,,,,,0.0,0.0,True,False,DANSKE,0.0,0.0,False,True,0.0,IFD-DSKC1,INFO,✅ OK: Position Fully Balanced.
IFG-DVAL1,2023-04-03 05:00:00,,,,,,,0.0,0.0,True,False,DVALIN,0.0,0.0,False,True,0.0,IFD-DVAL1,INFO,✅ OK: Position Fully Balanced.
IFD-EDFT1,2023-04-03 05:00:00,,,,,,,0.0,0.0,True,False,EDFT,0.0,0.0,False,True,0.0,IFG-EDFT1,INFO,✅ OK: Position Fully Balanced.
IFG-EDFT1,2023-04-03 05:00:00,,,,,,,0.0,0.0,True,False,EDFT,0.0,0.0,False,True,0.0,IFD-EDFT1,INFO,✅ OK: Position Fully Balanced.
IFG-ELTR1,2023-04-03 05:00:00,,,,,,,0.0,0.0,True,False,ELECTRO,0.0,0.0,False,True,0.0,IFD-ELTR1,INFO,✅ OK: Position Fully Balanced.
IFD-EDMK1,2023-04-03 05:00:00,,,,,,,0.0,0.0,True,False,ENERGIDAN,0.0,0.0,False,True,0.0,IFG-EDMK1,INFO,✅ OK: Position Fully Balanced.
IFG-EDMK1,2023-04-03 05:00:00,,,,,,,0.0,0.0,True,False,ENERGIDAN,0.0,0.0,False,True,0.0,IFD-EDMK1,INFO,✅ OK: Position Fully Balanced.
IFG-HELI1,2023-04-03 05:00:00,,,,,,,0.0,0.0,True,False,HELIOS,0.0,0.0,False,True,0.0,IFD-HELI1,INFO,✅ OK: Position Fully Balanced.
IFG-INCM1,2023-04-03 05:00:00,,,,,,,0.0,0.0,True,False,INCOM,0.0,0.0,False,True,0.0,IFD-INCM1,INFO,✅ OK: Position Fully Balanced.
IFG-MFTE1,2023-04-03 05:00:00,,,,,,,0.0,0.0,True,False,MFT,0.0,0.0,False,True,0.0,IFD-MFTE1,INFO,✅ OK: Position Fully Balanced.
IFD-NTPL1,2023-04-03 05:00:00,,,,,,,0.0,0.0,True,False,NORTHPOOL,0.0,0.0,False,True,0.0,IFG-NTPL1,INFO,✅ OK: Position Fully Balanced.
IFD-VSAL1,2023-04-03 05:00:00,,,,,,,0.0,0.0,True,False,VITOL,0.0,0.0,False,True,0.0,IFG-VSAL1,INFO,✅ OK: Position Fully Balanced.
IFG-VSAL1,2023-04-03 05:00:00,,,,,,,0.0,0.0,True,False,VITOL,0.0,0.0,False,True,0.0,IFD-VSAL1,INFO,✅ OK: Position Fully Balanced.
IFD-CNGS1,2023-04-03 05:00:00,,,,,,,0.0,0.0,True,False,,0.0,0.0,False,True,0.0,IFG-CNGS1,INFO,✅ OK: Position Fully Balanced.
IFD-OMPX1,2023-04-03 05:00:00,,,,,,,0.0,0.0,True,False,,0.0,0.0,False,True,0.0,IFG-OMPX1,INFO,✅ OK: Position Fully Balanced.
IFD-STAT1,2023-04-03 05:00:00,,,,,,,0.0,0.0,True,False,,0.0,0.0,False,True,0.0,IFG-STAT1,INFO,✅ OK: Position Fully Balanced.
IFG-CNGS1,2023-04-03 05:00:00,,,,,,,0.0,0.0,True,False,,0.0,0.0,False,True,0.0,IFD-CNGS1,INFO,✅ OK: Position Fully Balanced.
IFG-EPCO1,2023-04-03 05:00:00,,,,,,,0.0,0.0,True,False,,0.0,0.0,False,True,0.0,IFD-EPCO1,INFO,✅ OK: Position Fully Balanced.
IFG-MCRA1,2023-04-03 05:00:00,,,,,,,0.0,0.0,True,False,,0.0,0.0,False,True,0.0,IFD-MCRA1,INFO,✅ OK: Position Fully Balanced.
IFG-OMPX1,2023-04-03 05:00:00,,,,,,,0.0,0.0,True,False,,0.0,0.0,False,True,0.0,IFD-OMPX1,INFO,✅ OK: Position Fully Balanced.
IFG-STAT1,2023-04-03 05:00:00,,,,,,,0.0,0.0,True,False,,0.0,0.0,False,True,0.0,IFD-STAT1,INFO,✅ OK: Position Fully Balanced.
IFG-TFEE1,2023-04-03 05:00:00,,,,,,,0.0,0.0,True,False,,0.0,0.0,False,True,0.0,IFD-TFEE1,INFO,✅ OK: Position Fully Balanced.
IFG-DSKC1,2023-04-03 06:00:00,,,,,,,0.0,0.0,True,False,DANSKE,0.0,0.0,False,True,0.0,IFD-DSKC1,INFO,✅ OK: Position Fully Balanced.
IFG-DVAL1,2023-04-03 06:00:00,,,,,,,0.0,0.0,True,False,DVALIN,0.0,0.0,False,True,0.0,IFD-DVAL1,INFO,✅ OK: Position Fully Balanced.
IFD-EDFT1,2023-04-03 06:00:00,,,,,,,0.0,0.0,True,False,EDFT,0.0,0.0,False,True,0.0,IFG-EDFT1,INFO,✅ OK: Position Fully Balanced.
IFG-EDFT1,2023-04-03 06:00:00,,,,,,,0.0,0.0,True,False,EDFT,0.0,0.0,False,True,0.0,IFD-EDFT1,INFO,✅ OK: Position Fully Balanced.
IFG-ELTR1,2023-04-03 06:00:00,,,,,,,0.0,0.0,True,False,ELECTRO,0.0,0.0,False,True,0.0,IFD-ELTR1,INFO,✅ OK: Position Fully Balanced.
IFD-EDMK1,2023-04-03 06:00:00,,,,,,,0.0,0.0,True,False,ENERGIDAN,0.0,0.0,False,True,0.0,IFG-EDMK1,INFO,✅ OK: Position Fully Balanced.
IFG-EDMK1,2023-04-03 06:00:00,,,,,,,0.0,0.0,True,False,ENERGIDAN,0.0,0.0,False,True,0.0,IFD-EDMK1,INFO,✅ OK: Position Fully Balanced.
IFG-HELI1,2023-04-03 06:00:00,,,,,,,0.0,0.0,True,False,HELIOS,0.0,0.0,False,True,0.0,IFD-HELI1,INFO,✅ OK: Position Fully Balanced.
IFG-INCM1,2023-04-03 06:00:00,,,,,,,0.0,0.0,True,False,INCOM,0.0,0.0,False,True,0.0,IFD-INCM1,INFO,✅ OK: Position Fully Balanced.
IFG-MFTE1,2023-04-03 06:00:00,,,,,,,0.0,0.0,True,False,MFT,0.0,0.0,False,True,0.0,IFD-MFTE1,INFO,✅ OK: Position Fully Balanced.
IFD-NTPL1,2023-04-03 06:00:00,,,,,,,0.0,0.0,True,False,NORTHPOOL,0.0,0.0,False,True,0.0,IFG-NTPL1,INFO,✅ OK: Position Fully Balanced.
IFD-VSAL1,2023-04-03 06:00:00,,,,,,,0.0,0.0,True,False,VITOL,0.0,0.0,False,True,0.0,IFG-VSAL1,INFO,✅ OK: Position Fully Balanced.
IFG-VSAL1,2023-04-03 06:00:00,,,,,,,0.0,0.0,True,False,VITOL,0.0,0.0,False,True,0.0,IFD-VSAL1,INFO,✅ OK: Position Fully Balanced.
IFD-CNGS1,2023-04-03 06:00:00,,,,,,,0.0,0.0,True,False,,0.0,0.0,False,True,0.0,IFG-CNGS1,INFO,✅ OK: Position Fully Balanced.
IFD-OMPX1,2023-04-03 06:00:00,,,,,,,0.0,0.0,True,False,,0.0,0.0,False,True,0.0,IFG-OMPX1,INFO,✅ OK: Position Fully Balanced.
IFD-STAT1,2023-04-03 06:00:00,,,,,,,0.0,0.0,True,False,,0.0,0.0,False,True,0.0,IFG-STAT1,INFO,✅ OK: Position Fully Balanced.
IFG-CNGS1,2023-04-03 06:00:00,,,,,,,0.0,0.0,True,False,,0.0,0.0,False,True,0.0,IFD-CNGS1,INFO,✅ OK: Position Fully Balanced.
IFG-EPCO1,2023-04-03 06:00:00,,,,,,,0.0,0.0,True,False,,0.0,0.0,False,True,0.0,IFD-EPCO1,INFO,✅ OK: Position Fully Balanced.
IFG-MCRA1,2023-04-03 06:00:00,,,,,,,0.0,0.0,True,False,,0.0,0.0,False,True,0.0,IFD-MCRA1,INFO,✅ OK: Position Fully Balanced.
IFG-OMPX1,2023-04-03 06:00:00,,,,,,,0.0,0.0,True,False,,0.0,0.0,False,True,0.0,IFD-OMPX1,INFO,✅ OK: Position Fully Balanced.
IFG-STAT1,2023-04-03 06:00:00,,,,,,,0.0,0.0,True,False,,0.0,0.0,False,True,0.0,IFD-STAT1,INFO,✅ OK: Position Fully Balanced.
IFG-TFEE1,2023-04-03 06:00:00,,,,,,,0.0,0.0,True,False,,0.0,0.0,False,True,0.0,IFD-TFEE1,INFO,✅ OK: Position Fully Balanced.
IFG-DSKC1,2023-04-03 07:00:00,,,,,,,0.0,0.0,True,False,DANSKE,0.0,0.0,False,True,0.0,IFD-DSKC1,INFO,✅ OK: Position Fully Balanced.
IFG-DVAL1,2023-04-03 07:00:00,,,,,,,0.0,0.0,True,False,DVALIN,0.0,0.0,False,True,0.0,IFD-DVAL1,INFO,✅ OK: Position Fully Balanced.
IFD-EDFT1,2023-04-03 07:00:00,,,,,,,0.0,0.0,True,False,EDFT,0.0,0.0,False,True,0.0,IFG-EDFT1,INFO,✅ OK: Position Fully Balanced.
IFG-EDFT1,2023-04-03 07:00:00,,,,,,,0.0,0.0,True,False,EDFT,0.0,0.0,False,True,0.0,IFD-EDFT1,INFO,✅ OK: Position Fully Balanced.
IFG-ELTR1,2023-04-03 07:00:00,,,,,,,0.0,0.0,True,False,ELECTRO,0.0,0.0,False,True,0.0,IFD-ELTR1,INFO,✅ OK: Position Fully Balanced.
IFD-EDMK1,2023-04-03 07:00:00,,,,,,,0.0,0.0,True,False,ENERGIDAN,0.0,0.0,False,True,0.0,IFG-EDMK1,INFO,✅ OK: Position Fully Balanced.
IFG-EDMK1,2023-04-03 07:00:00,,,,,,,0.0,0.0,True,False,ENERGIDAN,0.0,0.0,False,True,0.0,IFD-EDMK1,INFO,✅ OK: Position Fully Balanced.
IFG-HELI1,2023-04-03 07:00:00,,,,,,,0.0,0.0,True,False,HELIOS,0.0,0.0,False,True,0.0,IFD-HELI1,INFO,✅ OK: Position Fully Balanced.
IFG-INCM1,2023-04-03 07:00:00,,,,,,,0.0,0.0,True,False,INCOM,0.0,0.0,False,True,0.0,IFD-INCM1,INFO,✅ OK: Position Fully Balanced.
IFG-MFTE1,2023-04-03 07:00:00,,,,,,,0.0,0.0,True,False,MFT,0.0,0.0,False,True,0.0,IFD-MFTE1,INFO,✅ OK: Position Fully Balanced.
IFD-NTPL1,2023-04-03 07:00:00,,,,,,,0.0,0.0,True,False,NORTHPOOL,0.0,0.0,False,True,0.0,IFG-NTPL1,INFO,✅ OK: Position Fully Balanced.
IFD-VSAL1,2023-04-03 07:00:00,,,,,,,0.0,0.0,True,False,VITOL,0.0,0.0,False,True,0.0,IFG-VSAL1,INFO,✅ OK: Position Fully Balanced.
IFG-VSAL1,2023-04-03 07:00:00,,,,,,,0.0,0.0,True,False,VITOL,0.0,0.0,False,True,0.0,IFD-VSAL1,INFO,✅ OK: Position Fully Balanced.
IFD-CNGS1,2023-04-03 07:00:00,,,,,,,0.0,0.0,True,False,,0.0,0.0,False,True,0.0,IFG-CNGS1,INFO,✅ OK: Position Fully Balanced.
IFD-OMPX1,2023-04-03 07:00:00,,,,,,,0.0,0.0,True,False,,0.0,0.0,False,True,0.0,IFG-OMPX1,INFO,✅ OK: Position Fully Balanced.
IFD-STAT1,2023-04-03 07:00:00,,,,,,,0.0,0.0,True,False,,0.0,0.0,False,True,0.0,IFG-STAT1,INFO,✅ OK: Position Fully Balanced.
IFG-CNGS1,2023-04-03 07:00:00,,,,,,,0.0,0.0,True,False,,0.0,0.0,False,True,0.0,IFD-CNGS1,INFO,✅ OK: Position Fully Balanced.
IFG-EPCO1,2023-04-03 07:00:00,,,,,,,0.0,0.0,True,False,,0.0,0.0,False,True,0.0,IFD-EPCO1,INFO,✅ OK: Position Fully Balanced.
IFG-MCRA1,2023-04-03 07:00:00,,,,,,,0.0,0.0,True,False,,0.0,0.0,False,True,0.0,IFD-MCRA1,INFO,✅ OK: Position Fully Balanced.
IFG-OMPX1,2023-04-03 07:00:00,,,,,,,0.0,0.0,True,False,,0.0,0.0,False,True,0.0,IFD-OMPX1,INFO,✅ OK: Position Fully Balanced.
IFG-STAT1,2023-04-03 07:00:00,,,,,,,0.0,0.0,True,False,,0.0,0.0,False,True,0.0,IFD-STAT1,INFO,✅ OK: Position Fully Balanced.
IFG-TFEE1,2023-04-03 07:00:00,,,,,,,0.0,0.0,True,False,,0.0,0.0,False,True,0.0,IFD-TFEE1,INFO,✅ OK: Position Fully Balanced.
IFG-DSKC1,2023-04-03 08:00:00,,,,,,,0.0,0.0,True,False,DANSKE,0.0,0.0,False,True,0.0,IFD-DSKC1,INFO,✅ OK: Position Fully Balanced.
IFG-DVAL1,2023-04-03 08:00:00,,,,,,,0.0,0.0,True,False,DVALIN,0.0,0.0,False,True,0.0,IFD-DVAL1,INFO,✅ OK: Position Fully Balanced.
IFD-EDFT1,2023-04-03 08:00:00,,,,,,,0.0,0.0,True,False,EDFT,0.0,0.0,False,True,0.0,IFG-EDFT1,INFO,✅ OK: Position Fully Balanced.
IFG-EDFT1,2023-04-03 08:00:00,,,,,,,0.0,0.0,True,False,EDFT,0.0,0.0,False,True,0.0,IFD-EDFT1,INFO,✅ OK: Position Fully Balanced.
IFG-ELTR1,2023-04-03 08:00:00,,,,,,,0.0,0.0,True,False,ELECTRO,0.0,0.0,False,True,0.0,IFD-ELTR1,INFO,✅ OK: Position Fully Balanced.
IFD-EDMK1,2023-04-03 08:00:00,,,,,,,0.0,0.0,True,False,ENERGIDAN,0.0,0.0,False,True,0.0,IFG-EDMK1,INFO,✅ OK: Position Fully Balanced.
IFG-EDMK1,2023-04-03 08:00:00,,,,,,,0.0,0.0,True,False,ENERGIDAN,0.0,0.0,False,True,0.0,IFD-EDMK1,INFO,✅ OK: Position Fully Balanced.
IFG-HELI1,2023-04-03 08:00:00,,,,,,,0.0,0.0,True,False,HELIOS,0.0,0.0,False,True,0.0,IFD-HELI1,INFO,✅ OK: Position Fully Balanced.
IFG-INCM1,2023-04-03 08:00:00,,,,,,,0.0,0.0,True,False,INCOM,0.0,0.0,False,True,0.0,IFD-INCM1,INFO,✅ OK: Position Fully Balanced.
IFG-MFTE1,2023-04-03 08:00:00,,,,,,,0.0,0.0,True,False,MFT,0.0,0.0,False,True,0.0,IFD-MFTE1,INFO,✅ OK: Position Fully Balanced.
IFD-NTPL1,2023-04-03 08:00:00,,,,,,,0.0,0.0,True,False,NORTHPOOL,0.0,0.0,False,True,0.0,IFG-NTPL1,INFO,✅ OK: Position Fully Balanced.
IFD-VSAL1,2023-04-03 08:00:00,,,,,,,0.0,0.0,True,False,VITOL,0.0,0.0,False,True,0.0,IFG-VSAL1,INFO,✅ OK: Position Fully Balanced.
IFG-VSAL1,2023-04-03 08:00:00,,,,,,,0.0,0.0,True,False,VITOL,0.0,0.0,False,True,0.0,IFD-VSAL1,INFO,✅ OK: Position Fully Balanced.
IFD-CNGS1,2023-04-03 08:00:00,,,,,,,0.0,0.0,True,False,,0.0,0.0,False,True,0.0,IFG-CNGS1,INFO,✅ OK: Position Fully Balanced.
IFD-OMPX1,2023-04-03 08:00:00,,,,,,,0.0,0.0,True,False,,0.0,0.0,False,True,0.0,IFG-OMPX1,INFO,✅ OK: Position Fully Balanced.
IFD-STAT1,2023-04-03 08:00:00,,,,,,,0.0,0.0,True,False,,0.0,0.0,False,True,0.0,IFG-STAT1,INFO,✅ OK: Position Fully Balanced.
IFG-CNGS1,2023-04-03 08:00:00,,,,,,,0.0,0.0,True,False,,0.0,0.0,False,True,0.0,IFD-CNGS1,INFO,✅ OK: Position Fully Balanced.
IFG-EPCO1,2023-04-03 08:00:00,,,,,,,0.0,0.0,True,False,,0.0,0.0,False,True,0.0,IFD-EPCO1,INFO,✅ OK: Position Fully Balanced.
IFG-MCRA1,2023-04-03 08:00:00,,,,,,,0.0,0.0,True,False,,0.0,0.0,False,True,0.0,IFD-MCRA1,INFO,✅ OK: Position Fully Balanced.
IFG-OMPX1,2023-04-03 08:00:00,,,,,,,0.0,0.0,True,False,,0.0,0.0,False,True,0.0,IFD-OMPX1,INFO,✅ OK: Position Fully Balanced.
IFG-STAT1,2023-04-03 08:00:00,,,,,,,0.0,0.0,True,False,,0.0,0.0,False,True,0.0,IFD-STAT1,INFO,✅ OK: Position Fully Balanced.
IFG-TFEE1,2023-04-03 08:00:00,,,,,,,0.0,0.0,True,False,,0.0,0.0,False,True,0.0,IFD-TFEE1,INFO,✅ OK: Position Fully Balanced.
IFG-DSKC1,2023-04-03 09:00:00,,,,,,,0.0,0.0,True,False,DANSKE,0.0,0.0,False,True,0.0,IFD-DSKC1,INFO,✅ OK: Position Fully Balanced.
IFG-DVAL1,2023-04-03 09:00:00,,,,,,,0.0,0.0,True,False,DVALIN,0.0,0.0,False,True,0.0,IFD-DVAL1,INFO,✅ OK: Position Fully Balanced.
IFD-EDFT1,2023-04-03 09:00:00,,,,,,,0.0,0.0,True,False,EDFT,0.0,0.0,False,True,0.0,IFG-EDFT1,INFO,✅ OK: Position Fully Balanced.
IFG-EDFT1,2023-04-03 09:00:00,,,,,,,0.0,0.0,True,False,EDFT,0.0,0.0,False,True,0.0,IFD-EDFT1,INFO,✅ OK: Position Fully Balanced.
IFG-ELTR1,2023-04-03 09:00:00,,,,,,,0.0,0.0,True,False,ELECTRO,0.0,0.0,False,True,0.0,IFD-ELTR1,INFO,✅ OK: Position Fully Balanced.
IFD-EDMK1,2023-04-03 09:00:00,,,,,,,0.0,0.0,True,False,ENERGIDAN,0.0,0.0,False,True,0.0,IFG-EDMK1,INFO,✅ OK: Position Fully Balanced.
IFG-EDMK1,2023-04-03 09:00:00,,,,,,,0.0,0.0,True,False,ENERGIDAN,0.0,0.0,False,True,0.0,IFD-EDMK1,INFO,✅ OK: Position Fully Balanced.
IFG-HELI1,2023-04-03 09:00:00,,,,,,,0.0,0.0,True,False,HELIOS,0.0,0.0,False,True,0.0,IFD-HELI1,INFO,✅ OK: Position Fully Balanced.
IFG-INCM1,2023-04-03 09:00:00,,,,,,,0.0,0.0,True,False,INCOM,0.0,0.0,False,True,0.0,IFD-INCM1,INFO,✅ OK: Position Fully Balanced.
IFG-MFTE1,2023-04-03 09:00:00,,,,,,,0.0,0.0,True,False,MFT,0.0,0.0,False,True,0.0,IFD-MFTE1,INFO,✅ OK: Position Fully Balanced.
IFD-NTPL1,2023-04-03 09:00:00,,,,,,,0.0,0.0,True,False,NORTHPOOL,0.0,0.0,False,True,0.0,IFG-NTPL1,INFO,✅ OK: Position Fully Balanced.
IFD-VSAL1,2023-04-03 09:00:00,,,,,,,0.0,0.0,True,False,VITOL,0.0,0.0,False,True,0.0,IFG-VSAL1,INFO,✅ OK: Position Fully Balanced.
IFG-VSAL1,2023-04-03 09:00:00,,,,,,,0.0,0.0,True,False,VITOL,0.0,0.0,False,True,0.0,IFD-VSAL1,INFO,✅ OK: Position Fully Balanced.
IFD-CNGS1,2023-04-03 09:00:00,,,,,,,0.0,0.0,True,False,,0.0,0.0,False,True,0.0,IFG-CNGS1,INFO,✅ OK: Position Fully Balanced.
IFD-OMPX1,2023-04-03 09:00:00,,,,,,,0.0,0.0,True,False,,0.0,0.0,False,True,0.0,IFG-OMPX1,INFO,✅ OK: Position Fully Balanced.
IFD-STAT1,2023-04-03 09:00:00,,,,,,,0.0,0.0,True,False,,0.0,0.0,False,True,0.0,IFG-STAT1,INFO,✅ OK: Position Fully Balanced.
IFG-CNGS1,2023-04-03 09:00:00,,,,,,,0.0,0.0,True,False,,0.0,0.0,False,True,0.0,IFD-CNGS1,INFO,✅ OK: Position Fully Balanced.
IFG-EPCO1,2023-04-03 09:00:00,,,,,,,0.0,0.0,True,False,,0.0,0.0,False,True,0.0,IFD-EPCO1,INFO,✅ OK: Position Fully Balanced.
IFG-MCRA1,2023-04-03 09:00:00,,,,,,,0.0,0.0,True,False,,0.0,0.0,False,True,0.0,IFD-MCRA1,INFO,✅ OK: Position Fully Balanced.
IFG-OMPX1,2023-04-03 09:00:00,,,,,,,0.0,0.0,True,False,,0.0,0.0,False,True,0.0,IFD-OMPX1,INFO,✅ OK: Position Fully Balanced.
IFG-STAT1,2023-04-03 09:00:00,,,,,,,0.0,0.0,True,False,,0.0,0.0,False,True,0.0,IFD-STAT1,INFO,✅ OK: Position Fully Balanced.
IFG-TFEE1,2023-04-03 09:00:00,,,,,,,0.0,0.0,True,False,,0.0,0.0,False,True,0.0,IFD-TFEE1,INFO,✅ OK: Position Fully Balanced.
IFG-DSKC1,2023-04-03 10:00:00,,,,,,,0.0,0.0,True,False,DANSKE,0.0,0.0,False,True,0.0,IFD-DSKC1,INFO,✅ OK: Position Fully Balanced.
IFG-DVAL1,2023-04-03 10:00:00,,,,,,,0.0,0.0,True,False,DVALIN,0.0,0.0,False,True,0.0,IFD-DVAL1,INFO,✅ OK: Position Fully Balanced.
IFD-EDFT1,2023-04-03 10:00:00,,,,,,,0.0,0.0,True,False,EDFT,0.0,0.0,False,True,0.0,IFG-EDFT1,INFO,✅ OK: Position Fully Balanced.
IFG-EDFT1,2023-04-03 10:00:00,,,,,,,0.0,0.0,True,False,EDFT,0.0,0.0,False,True,0.0,IFD-EDFT1,INFO,✅ OK: Position Fully Balanced.
IFG-ELTR1,2023-04-03 10:00:00,,,,,,,0.0,0.0,True,False,ELECTRO,0.0,0.0,False,True,0.0,IFD-ELTR1,INFO,✅ OK: Position Fully Balanced.
IFD-EDMK1,2023-04-03 10:00:00,,,,,,,0.0,0.0,True,False,ENERGIDAN,0.0,0.0,False,True,0.0,IFG-EDMK1,INFO,✅ OK: Position Fully Balanced.
IFG-EDMK1,2023-04-03 10:00:00,,,,,,,0.0,0.0,True,False,ENERGIDAN,0.0,0.0,False,True,0.0,IFD-EDMK1,INFO,✅ OK: Position Fully Balanced.
IFG-HELI1,2023-04-03 10:00:00,,,,,,,0.0,0.0,True,False,HELIOS,0.0,0.0,False,True,0.0,IFD-HELI1,INFO,✅ OK: Position Fully Balanced.
IFG-INCM1,2023-04-03 10:00:00,,,,,,,0.0,0.0,True,False,INCOM,0.0,0.0,False,True,0.0,IFD-INCM1,INFO,✅ OK: Position Fully Balanced.
IFG-MFTE1,2023-04-03 10:00:00,,,,,,,0.0,0.0,True,False,MFT,0.0,0.0,False,True,0.0,IFD-MFTE1,INFO,✅ OK: Position Fully Balanced.
IFD-NTPL1,2023-04-03 10:00:00,,,,,,,0.0,0.0,True,False,NORTHPOOL,0.0,0.0,False,True,0.0,IFG-NTPL1,INFO,✅ OK: Position Fully Balanced.
IFD-VSAL1,2023-04-03 10:00:00,,,,,,,0.0,0.0,True,False,VITOL,0.0,0.0,False,True,0.0,IFG-VSAL1,INFO,✅ OK: Position Fully Balanced.
IFG-VSAL1,2023-04-03 10:00:00,,,,,,,0.0,0.0,True,False,VITOL,0.0,0.0,False,True,0.0,IFD-VSAL1,INFO,✅ OK: Position Fully Balanced.
IFD-CNGS1,2023-04-03 10:00:00,,,,,,,0.0,0.0,True,False,,0.0,0.0,False,True,0.0,IFG-CNGS1,INFO,✅ OK: Position Fully Balanced.
IFD-OMPX1,2023-04-03 10:00:00,,,,,,,0.0,0.0,True,False,,0.0,0.0,False,True,0.0,IFG-OMPX1,INFO,✅ OK: Position Fully Balanced.
IFD-STAT1,2023-04-03 10:00:00,,,,,,,0.0,0.0,True,False,,0.0,0.0,False,True,0.0,IFG-STAT1,INFO,✅ OK: Position Fully Balanced.
IFG-CNGS1,2023-04-03 10:00:00,,,,,,,0.0,0.0,True,False,,0.0,0.0,False,True,0.0,IFD-CNGS1,INFO,✅ OK: Position Fully Balanced.
IFG-EPCO1,2023-04-03 10:00:00,,,,,,,0.0,0.0,True,False,,0.0,0.0,False,True,0.0,IFD-EPCO1,INFO,✅ OK: Position Fully Balanced.
IFG-MCRA1,2023-04-03 10:00:00,,,,,,,0.0,0.0,True,False,,0.0,0.0,False,True,0.0,IFD-MCRA1,INFO,✅ OK: Position Fully Balanced.
IFG-OMPX1,2023-04-03 10:00:00,,,,,,,0.0,0.0,True,False,,0.0,0.0,False,True,0.0,IFD-OMPX1,INFO,✅ OK: Position Fully Balanced.
IFG-STAT1,2023-04-03 10:00:00,,,,,,,0.0,0.0,True,False,,0.0,0.0,False,True,0.0,IFD-STAT1,INFO,✅ OK: Position Fully Balanced.
IFG-TFEE1,2023-04-03 10:00:00,,,,,,,0.0,0.0,True,False,,0.0,0.0,False,True,0.0,IFD-TFEE1,INFO,✅ OK: Position Fully Balanced.
IFG-DSKC1,2023-04-03 11:00:00,,,,,,,0.0,0.0,True,False,DANSKE,0.0,0.0,False,True,0.0,IFD-DSKC1,INFO,✅ OK: Position Fully Balanced.
IFG-DVAL1,2023-04-03 11:00:00,,,,,,,0.0,0.0,True,False,DVALIN,0.0,0.0,False,True,0.0,IFD-DVAL1,INFO,✅ OK: Position Fully Balanced.
IFD-EDFT1,2023-04-03 11:00:00,,,,,,,0.0,0.0,True,False,EDFT,0.0,0.0,False,True,0.0,IFG-EDFT1,INFO,✅ OK: Position Fully Balanced.
IFG-EDFT1,2023-04-03 11:00:00,,,,,,,0.0,0.0,True,False,EDFT,0.0,0.0,False,True,0.0,IFD-EDFT1,INFO,✅ OK: Position Fully Balanced.
IFG-ELTR1,2023-04-03 11:00:00,,,,,,,0.0,0.0,True,False,ELECTRO,0.0,0.0,False,True,0.0,IFD-ELTR1,INFO,✅ OK: Position Fully Balanced.
IFD-EDMK1,2023-04-03 11:00:00,,,,,,,0.0,0.0,True,False,ENERGIDAN,0.0,0.0,False,True,0.0,IFG-EDMK1,INFO,✅ OK: Position Fully Balanced.
IFG-EDMK1,2023-04-03 11:00:00,,,,,,,0.0,0.0,True,False,ENERGIDAN,0.0,0.0,False,True,0.0,IFD-EDMK1,INFO,✅ OK: Position Fully Balanced.
IFG-HELI1,2023-04-03 11:00:00,,,,,,,0.0,0.0,True,False,HELIOS,0.0,0.0,False,True,0.0,IFD-HELI1,INFO,✅ OK: Position Fully Balanced.
IFG-INCM1,2023-04-03 11:00:00,,,,,,,0.0,0.0,True,False,INCOM,0.0,0.0,False,True,0.0,IFD-INCM1,INFO,✅ OK: Position Fully Balanced.
IFG-MFTE1,2023-04-03 11:00:00,,,,,,,0.0,0.0,True,False,MFT,0.0,0.0,False,True,0.0,IFD-MFTE1,INFO,✅ OK: Position Fully Balanced.
IFD-NTPL1,2023-04-03 11:00:00,,,,,,,0.0,0.0,True,False,NORTHPOOL,0.0,0.0,False,True,0.0,IFG-NTPL1,INFO,✅ OK: Position Fully Balanced.
IFD-VSAL1,2023-04-03 11:00:00,,,,,,,0.0,0.0,True,False,VITOL,0.0,0.0,False,True,0.0,IFG-VSAL1,INFO,✅ OK: Position Fully Balanced.
IFG-VSAL1,2023-04-03 11:00:00,,,,,,,0.0,0.0,True,False,VITOL,0.0,0.0,False,True,0.0,IFD-VSAL1,INFO,✅ OK: Position Fully Balanced.
IFD-CNGS1,2023-04-03 11:00:00,,,,,,,0.0,0.0,True,False,,0.0,0.0,False,True,0.0,IFG-CNGS1,INFO,✅ OK: Position Fully Balanced.
IFD-OMPX1,2023-04-03 11:00:00,,,,,,,0.0,0.0,True,False,,0.0,0.0,False,True,0.0,IFG-OMPX1,INFO,✅ OK: Position Fully Balanced.
IFD-STAT1,2023-04-03 11:00:00,,,,,,,0.0,0.0,True,False,,0.0,0.0,False,True,0.0,IFG-STAT1,INFO,✅ OK: Position Fully Balanced.
IFG-CNGS1,2023-04-03 11:00:00,,,,,,,0.0,0.0,True,False,,0.0,0.0,False,True,0.0,IFD-CNGS1,INFO,✅ OK: Position Fully Balanced.
IFG-EPCO1,2023-04-03 11:00:00,,,,,,,0.0,0.0,True,False,,0.0,0.0,False,True,0.0,IFD-EPCO1,INFO,✅ OK: Position Fully Balanced.
IFG-MCRA1,2023-04-03 11:00:00,,,,,,,0.0,0.0,True,False,,0.0,0.0,False,True,0.0,IFD-MCRA1,INFO,✅ OK: Position Fully Balanced.
IFG-OMPX1,2023-04-03 11:00:00,,,,,,,0.0,0.0,True,False,,0.0,0.0,False,True,0.0,IFD-OMPX1,INFO,✅ OK: Position Fully Balanced.
IFG-STAT1,2023-04-03 11:00:00,,,,,,,0.0,0.0,True,False,,0.0,0.0,False,True,0.0,IFD-STAT1,INFO,✅ OK: Position Fully Balanced.
IFG-TFEE1,2023-04-03 11:00:00,,,,,,,0.0,0.0,True,False,,0.0,0.0,False,True,0.0,IFD-TFEE1,INFO,✅ OK: Position Fully Balanced.
IFG-DSKC1,2023-04-03 12:00:00,,,,,,,0.0,0.0,True,False,DANSKE,0.0,0.0,False,True,0.0,IFD-DSKC1,INFO,✅ OK: Position Fully Balanced.
IFG-DVAL1,2023-04-03 12:00:00,,,,,,,0.0,0.0,True,False,DVALIN,0.0,0.0,False,True,0.0,IFD-DVAL1,INFO,✅ OK: Position Fully Balanced.
IFD-EDFT1,2023-04-03 12:00:00,,,,,,,0.0,0.0,True,False,EDFT,0.0,0.0,False,True,0.0,IFG-EDFT1,INFO,✅ OK: Position Fully Balanced.
IFG-EDFT1,2023-04-03 12:00:00,,,,,,,0.0,0.0,True,False,EDFT,0.0,0.0,False,True,0.0,IFD-EDFT1,INFO,✅ OK: Position Fully Balanced.
IFG-ELTR1,2023-04-03 12:00:00,,,,,,,0.0,0.0,True,False,ELECTRO,0.0,0.0,False,True,0.0,IFD-ELTR1,INFO,✅ OK: Position Fully Balanced.
IFD-EDMK1,2023-04-03 12:00:00,,,,,,,0.0,0.0,True,False,ENERGIDAN,0.0,0.0,False,True,0.0,IFG-EDMK1,INFO,✅ OK: Position Fully Balanced.
IFG-EDMK1,2023-04-03 12:00:00,,,,,,,0.0,0.0,True,False,ENERGIDAN,0.0,0.0,False,True,0.0,IFD-EDMK1,INFO,✅ OK: Position Fully Balanced.
IFG-HELI1,2023-04-03 12:00:00,,,,,,,0.0,0.0,True,False,HELIOS,0.0,0.0,False,True,0.0,IFD-HELI1,INFO,✅ OK: Position Fully Balanced.
IFG-INCM1,2023-04-03 12:00:00,,,,,,,0.0,0.0,True,False,INCOM,0.0,0.0,False,True,0.0,IFD-INCM1,INFO,✅ OK: Position Fully Balanced.
IFG-MFTE1,2023-04-03 12:00:00,,,,,,,0.0,0.0,True,False,MFT,0.0,0.0,False,True,0.0,IFD-MFTE1,INFO,✅ OK: Position Fully Balanced.
IFD-NTPL1,2023-04-03 12:00:00,,,,,,,0.0,0.0,True,False,NORTHPOOL,0.0,0.0,False,True,0.0,IFG-NTPL1,INFO,✅ OK: Position Fully Balanced.
IFD-VSAL1,2023-04-03 12:00:00,,,,,,,0.0,0.0,True,False,VITOL,0.0,0.0,False,True,0.0,IFG-VSAL1,INFO,✅ OK: Position Fully Balanced.
IFG-VSAL1,2023-04-03 12:00:00,,,,,,,0.0,0.0,True,False,VITOL,0.0,0.0,False,True,0.0,IFD-VSAL1,INFO,✅ OK: Position Fully Balanced.
IFD-CNGS1,2023-04-03 12:00:00,,,,,,,0.0,0.0,True,False,,0.0,0.0,False,True,0.0,IFG-CNGS1,INFO,✅ OK: Position Fully Balanced.
IFD-OMPX1,2023-04-03 12:00:00,,,,,,,0.0,0.0,True,False,,0.0,0.0,False,True,0.0,IFG-OMPX1,INFO,✅ OK: Position Fully Balanced.
IFD-STAT1,2023-04-03 12:00:00,,,,,,,0.0,0.0,True,False,,0.0,0.0,False,True,0.0,IFG-STAT1,INFO,✅ OK: Position Fully Balanced.
IFG-CNGS1,2023-04-03 12:00:00,,,,,,,0.0,0.0,True,False,,0.0,0.0,False,True,0.0,IFD-CNGS1,INFO,✅ OK: Position Fully Balanced.
IFG-EPCO1,2023-04-03 12:00:00,,,,,,,0.0,0.0,True,False,,0.0,0.0,False,True,0.0,IFD-EPCO1,INFO,✅ OK: Position Fully Balanced.
IFG-MCRA1,2023-04-03 12:00:00,,,,,,,0.0,0.0,True,False,,0.0,0.0,False,True,0.0,IFD-MCRA1,INFO,✅ OK: Position Fully Balanced.
IFG-OMPX1,2023-04-03 12:00:00,,,,,,,0.0,0.0,True,False,,0.0,0.0,False,True,0.0,IFD-OMPX1,INFO,✅ OK: Position Fully Balanced.
IFG-STAT1,2023-04-03 12:00:00,,,,,,,0.0,0.0,True,False,,0.0,0.0,False,True,0.0,IFD-STAT1,INFO,✅ OK: Position Fully Balanced.
IFG-TFEE1,2023-04-03 12:00:00,,,,,,,0.0,0.0,True,False,,0.0,0.0,False,True,0.0,IFD-TFEE1,INFO,✅ OK: Position Fully Balanced.
IFG-DSKC1,2023-04-03 13:00:00,,,,,,,0.0,0.0,True,False,DANSKE,0.0,0.0,False,True,0.0,IFD-DSKC1,INFO,✅ OK: Position Fully Balanced.
IFG-DVAL1,2023-04-03 13:00:00,,,,,,,0.0,0.0,True,False,DVALIN,0.0,0.0,False,True,0.0,IFD-DVAL1,INFO,✅ OK: Position Fully Balanced.
IFD-EDFT1,2023-04-03 13:00:00,,,,,,,0.0,0.0,True,False,EDFT,0.0,0.0,False,True,0.0,IFG-EDFT1,INFO,✅ OK: Position Fully Balanced.
IFG-EDFT1,2023-04-03 13:00:00,,,,,,,0.0,0.0,True,False,EDFT,0.0,0.0,False,True,0.0,IFD-EDFT1,INFO,✅ OK: Position Fully Balanced.
IFG-ELTR1,2023-04-03 13:00:00,,,,,,,0.0,0.0,True,False,ELECTRO,0.0,0.0,False,True,0.0,IFD-ELTR1,INFO,✅ OK: Position Fully Balanced.
IFD-EDMK1,2023-04-03 13:00:00,,,,,,,0.0,0.0,True,False,ENERGIDAN,0.0,0.0,False,True,0.0,IFG-EDMK1,INFO,✅ OK: Position Fully Balanced.
IFG-EDMK1,2023-04-03 13:00:00,,,,,,,0.0,0.0,True,False,ENERGIDAN,0.0,0.0,False,True,0.0,IFD-EDMK1,INFO,✅ OK: Position Fully Balanced.
IFG-HELI1,2023-04-03 13:00:00,,,,,,,0.0,0.0,True,False,HELIOS,0.0,0.0,False,True,0.0,IFD-HELI1,INFO,✅ OK: Position Fully Balanced.
IFG-INCM1,2023-04-03 13:00:00,,,,,,,0.0,0.0,True,False,INCOM,0.0,0.0,False,True,0.0,IFD-INCM1,INFO,✅ OK: Position Fully Balanced.
IFG-MFTE1,2023-04-03 13:00:00,,,,,,,0.0,0.0,True,False,MFT,0.0,0.0,False,True,0.0,IFD-MFTE1,INFO,✅ OK: Position Fully Balanced.
IFD-NTPL1,2023-04-03 13:00:00,,,,,,,0.0,0.0,True,False,NORTHPOOL,0.0,0.0,False,True,0.0,IFG-NTPL1,INFO,✅ OK: Position Fully Balanced.
IFD-VSAL1,2023-04-03 13:00:00,,,,,,,0.0,0.0,True,False,VITOL,0.0,0.0,False,True,0.0,IFG-VSAL1,INFO,✅ OK: Position Fully Balanced.
IFG-VSAL1,2023-04-03 13:00:00,,,,,,,0.0,0.0,True,False,VITOL,0.0,0.0,False,True,0.0,IFD-VSAL1,INFO,✅ OK: Position Fully Balanced.
IFD-CNGS1,2023-04-03 13:00:00,,,,,,,0.0,0.0,True,False,,0.0,0.0,False,True,0.0,IFG-CNGS1,INFO,✅ OK: Position Fully Balanced.
IFD-OMPX1,2023-04-03 13:00:00,,,,,,,0.0,0.0,True,False,,0.0,0.0,False,True,0.0,IFG-OMPX1,INFO,✅ OK: Position Fully Balanced.
IFD-STAT1,2023-04-03 13:00:00,,,,,,,0.0,0.0,True,False,,0.0,0.0,False,True,0.0,IFG-STAT1,INFO,✅ OK: Position Fully Balanced.
IFG-CNGS1,2023-04-03 13:00:00,,,,,,,0.0,0.0,True,False,,0.0,0.0,False,True,0.0,IFD-CNGS1,INFO,✅ OK: Position Fully Balanced.
IFG-EPCO1,2023-04-03 13:00:00,,,,,,,0.0,0.0,True,False,,0.0,0.0,False,True,0.0,IFD-EPCO1,INFO,✅ OK: Position Fully Balanced.
IFG-MCRA1,2023-04-03 13:00:00,,,,,,,0.0,0.0,True,False,,0.0,0.0,False,True,0.0,IFD-MCRA1,INFO,✅ OK: Position Fully Balanced.
IFG-OMPX1,2023-04-03 13:00:00,,,,,,,0.0,0.0,True,False,,0.0,0.0,False,True,0.0,IFD-OMPX1,INFO,✅ OK: Position Fully Balanced.
IFG-STAT1,2023-04-03 13:00:00,,,,,,,0.0,0.0,True,False,,0.0,0.0,False,True,0.0,IFD-STAT1,INFO,✅ OK: Position Fully Balanced.
IFG-TFEE1,2023-04-03 13:00:00,,,,,,,0.0,0.0,True,False,,0.0,0.0,False,True,0.0,IFD-TFEE1,INFO,✅ OK: Position Fully Balanced.
IFG-DSKC1,2023-04-03 14:00:00,,,,,,,0.0,0.0,True,False,DANSKE,0.0,0.0,False,True,0.0,IFD-DSKC1,INFO,✅ OK: Position Fully Balanced.
IFG-DVAL1,2023-04-03 14:00:00,,,,,,,0.0,0.0,True,False,DVALIN,0.0,0.0,False,True,0.0,IFD-DVAL1,INFO,✅ OK: Position Fully Balanced.
IFD-EDFT1,2023-04-03 14:00:00,,,,,,,0.0,0.0,True,False,EDFT,0.0,0.0,False,True,0.0,IFG-EDFT1,INFO,✅ OK: Position Fully Balanced.
IFG-EDFT1,2023-04-03 14:00:00,,,,,,,0.0,0.0,True,False,EDFT,0.0,0.0,False,True,0.0,IFD-EDFT1,INFO,✅ OK: Position Fully Balanced.
IFG-ELTR1,2023-04-03 14:00:00,,,,,,,0.0,0.0,True,False,ELECTRO,0.0,0.0,False,True,0.0,IFD-ELTR1,INFO,✅ OK: Position Fully Balanced.
IFD-EDMK1,2023-04-03 14:00:00,,,,,,,0.0,0.0,True,False,ENERGIDAN,0.0,0.0,False,True,0.0,IFG-EDMK1,INFO,✅ OK: Position Fully Balanced.
IFG-EDMK1,2023-04-03 14:00:00,,,,,,,0.0,0.0,True,False,ENERGIDAN,0.0,0.0,False,True,0.0,IFD-EDMK1,INFO,✅ OK: Position Fully Balanced.
IFG-HELI1,2023-04-03 14:00:00,,,,,,,0.0,0.0,True,False,HELIOS,0.0,0.0,False,True,0.0,IFD-HELI1,INFO,✅ OK: Position Fully Balanced.
IFG-INCM1,2023-04-03 14:00:00,,,,,,,0.0,0.0,True,False,INCOM,0.0,0.0,False,True,0.0,IFD-INCM1,INFO,✅ OK: Position Fully Balanced.
IFG-MFTE1,2023-04-03 14:00:00,,,,,,,0.0,0.0,True,False,MFT,0.0,0.0,False,True,0.0,IFD-MFTE1,INFO,✅ OK: Position Fully Balanced.
IFD-NTPL1,2023-04-03 14:00:00,,,,,,,0.0,0.0,True,False,NORTHPOOL,0.0,0.0,False,True,0.0,IFG-NTPL1,INFO,✅ OK: Position Fully Balanced.
IFD-VSAL1,2023-04-03 14:00:00,,,,,,,0.0,0.0,True,False,VITOL,0.0,0.0,False,True,0.0,IFG-VSAL1,INFO,✅ OK: Position Fully Balanced.
IFG-VSAL1,2023-04-03 14:00:00,,,,,,,0.0,0.0,True,False,VITOL,0.0,0.0,False,True,0.0,IFD-VSAL1,INFO,✅ OK: Position Fully Balanced.
IFD-CNGS1,2023-04-03 14:00:00,,,,,,,0.0,0.0,True,False,,0.0,0.0,False,True,0.0,IFG-CNGS1,INFO,✅ OK: Position Fully Balanced.
IFD-OMPX1,2023-04-03 14:00:00,,,,,,,0.0,0.0,True,False,,0.0,0.0,False,True,0.0,IFG-OMPX1,INFO,✅ OK: Position Fully Balanced.
IFD-STAT1,2023-04-03 14:00:00,,,,,,,0.0,0.0,True,False,,0.0,0.0,False,True,0.0,IFG-STAT1,INFO,✅ OK: Position Fully Balanced.
IFG-CNGS1,2023-04-03 14:00:00,,,,,,,0.0,0.0,True,False,,0.0,0.0,False,True,0.0,IFD-CNGS1,INFO,✅ OK: Position Fully Balanced.
IFG-EPCO1,2023-04-03 14:00:00,,,,,,,0.0,0.0,True,False,,0.0,0.0,False,True,0.0,IFD-EPCO1,INFO,✅ OK: Position Fully Balanced.
IFG-MCRA1,2023-04-03 14:00:00,,,,,,,0.0,0.0,True,False,,0.0,0.0,False,True,0.0,IFD-MCRA1,INFO,✅ OK: Position Fully Balanced.
IFG-OMPX1,2023-04-03 14:00:00,,,,,,,0.0,0.0,True,False,,0.0,0.0,False,True,0.0,IFD-OMPX1,INFO,✅ OK: Position Fully Balanced.
IFG-STAT1,2023-04-03 14:00:00,,,,,,,0.0,0.0,True,False,,0.0,0.0,False,True,0.0,IFD-STAT1,INFO,✅ OK: Position Fully Balanced.
IFG-TFEE1,2023-04-03 14:00:00,,,,,,,0.0,0.0,True,False,,0.0,0.0,False,True,0.0,IFD-TFEE1,INFO,✅ OK: Position Fully Balanced.
IFG-DSKC1,2023-04-03 15:00:00,,,,,,,0.0,0.0,True,False,DANSKE,0.0,0.0,False,True,0.0,IFD-DSKC1,INFO,✅ OK: Position Fully Balanced.
IFG-DVAL1,2023-04-03 15:00:00,,,,,,,0.0,0.0,True,False,DVALIN,0.0,0.0,False,True,0.0,IFD-DVAL1,INFO,✅ OK: Position Fully Balanced.
IFD-EDFT1,2023-04-03 15:00:00,,,,,,,0.0,0.0,True,False,EDFT,0.0,0.0,False,True,0.0,IFG-EDFT1,INFO,✅ OK: Position Fully Balanced.
IFG-EDFT1,2023-04-03 15:00:00,,,,,,,0.0,0.0,True,False,EDFT,0.0,0.0,False,True,0.0,IFD-EDFT1,INFO,✅ OK: Position Fully Balanced.
IFG-ELTR1,2023-04-03 15:00:00,,,,,,,0.0,0.0,True,False,ELECTRO,0.0,0.0,False,True,0.0,IFD-ELTR1,INFO,✅ OK: Position Fully Balanced.
IFD-EDMK1,2023-04-03 15:00:00,,,,,,,0.0,0.0,True,False,ENERGIDAN,0.0,0.0,False,True,0.0,IFG-EDMK1,INFO,✅ OK: Position Fully Balanced.
IFG-EDMK1,2023-04-03 15:00:00,,,,,,,0.0,0.0,True,False,ENERGIDAN,0.0,0.0,False,True,0.0,IFD-EDMK1,INFO,✅ OK: Position Fully Balanced.
IFG-HELI1,2023-04-03 15:00:00,,,,,,,0.0,0.0,True,False,HELIOS,0.0,0.0,False,True,0.0,IFD-HELI1,INFO,✅ OK: Position Fully Balanced.
IFG-INCM1,2023-04-03 15:00:00,,,,,,,0.0,0.0,True,False,INCOM,0.0,0.0,False,True,0.0,IFD-INCM1,INFO,✅ OK: Position Fully Balanced.
IFG-MFTE1,2023-04-03 15:00:00,,,,,,,0.0,0.0,True,False,MFT,0.0,0.0,False,True,0.0,IFD-MFTE1,INFO,✅ OK: Position Fully Balanced.
IFD-NTPL1,2023-04-03 15:00:00,,,,,,,0.0,0.0,True,False,NORTHPOOL,0.0,0.0,False,True,0.0,IFG-NTPL1,INFO,✅ OK: Position Fully Balanced.
IFD-VSAL1,2023-04-03 15:00:00,,,,,,,0.0,0.0,True,False,VITOL,0.0,0.0,False,True,0.0,IFG-VSAL1,INFO,✅ OK: Position Fully Balanced.
IFG-VSAL1,2023-04-03 15:00:00,,,,,,,0.0,0.0,True,False,VITOL,0.0,0.0,False,True,0.0,IFD-VSAL1,INFO,✅ OK: Position Fully Balanced.
IFD-CNGS1,2023-04-03 15:00:00,,,,,,,0.0,0.0,True,False,,0.0,0.0,False,True,0.0,IFG-CNGS1,INFO,✅ OK: Position Fully Balanced.
IFD-OMPX1,2023-04-03 15:00:00,,,,,,,0.0,0.0,True,False,,0.0,0.0,False,True,0.0,IFG-OMPX1,INFO,✅ OK: Position Fully Balanced.
IFD-STAT1,2023-04-03 15:00:00,,,,,,,0.0,0.0,True,False,,0.0,0.0,False,True,0.0,IFG-STAT1,INFO,✅ OK: Position Fully Balanced.
IFG-CNGS1,2023-04-03 15:00:00,,,,,,,0.0,0.0,True,False,,0.0,0.0,False,True,0.0,IFD-CNGS1,INFO,✅ OK: Position Fully Balanced.
IFG-EPCO1,2023-04-03 15:00:00,,,,,,,0.0,0.0,True,False,,0.0,0.0,False,True,0.0,IFD-EPCO1,INFO,✅ OK: Position Fully Balanced.
IFG-MCRA1,2023-04-03 15:00:00,,,,,,,0.0,0.0,True,False,,0.0,0.0,False,True,0.0,IFD-MCRA1,INFO,✅ OK: Position Fully Balanced.
IFG-OMPX1,2023-04-03 15:00:00,,,,,,,0.0,0.0,True,False,,0.0,0.0,False,True,0.0,IFD-OMPX1,INFO,✅ OK: Position Fully Balanced.
IFG-STAT1,2023-04-03 15:00:00,,,,,,,0.0,0.0,True,False,,0.0,0.0,False,True,0.0,IFD-STAT1,INFO,✅ OK: Position Fully Balanced.
IFG-TFEE1,2023-04-03 15:00:00,,,,,,,0.0,0.0,True,False,,0.0,0.0,False,True,0.0,IFD-TFEE1,INFO,✅ OK: Position Fully Balanced.
IFG-DSKC1,2023-04-03 16:00:00,,,,,,,0.0,0.0,True,False,DANSKE,0.0,0.0,False,True,0.0,IFD-DSKC1,INFO,✅ OK: Position Fully Balanced.
IFG-DVAL1,2023-04-03 16:00:00,,,,,,,0.0,0.0,True,False,DVALIN,0.0,0.0,False,True,0.0,IFD-DVAL1,INFO,✅ OK: Position Fully Balanced.
IFD-EDFT1,2023-04-03 16:00:00,,,,,,,0.0,0.0,True,False,EDFT,0.0,0.0,False,True,0.0,IFG-EDFT1,INFO,✅ OK: Position Fully Balanced.
IFG-EDFT1,2023-04-03 16:00:00,,,,,,,0.0,0.0,True,False,EDFT,0.0,0.0,False,True,0.0,IFD-EDFT1,INFO,✅ OK: Position Fully Balanced.
IFG-ELTR1,2023-04-03 16:00:00,,,,,,,0.0,0.0,True,False,ELECTRO,0.0,0.0,False,True,0.0,IFD-ELTR1,INFO,✅ OK: Position Fully Balanced.
IFD-EDMK1,2023-04-03 16:00:00,,,,,,,0.0,0.0,True,False,ENERGIDAN,0.0,0.0,False,True,0.0,IFG-EDMK1,INFO,✅ OK: Position Fully Balanced.
IFG-EDMK1,2023-04-03 16:00:00,,,,,,,0.0,0.0,True,False,ENERGIDAN,0.0,0.0,False,True,0.0,IFD-EDMK1,INFO,✅ OK: Position Fully Balanced.
IFG-HELI1,2023-04-03 16:00:00,,,,,,,0.0,0.0,True,False,HELIOS,0.0,0.0,False,True,0.0,IFD-HELI1,INFO,✅ OK: Position Fully Balanced.
IFG-INCM1,2023-04-03 16:00:00,,,,,,,0.0,0.0,True,False,INCOM,0.0,0.0,False,True,0.0,IFD-INCM1,INFO,✅ OK: Position Fully Balanced.
IFG-MFTE1,2023-04-03 16:00:00,,,,,,,0.0,0.0,True,False,MFT,0.0,0.0,False,True,0.0,IFD-MFTE1,INFO,✅ OK: Position Fully Balanced.
IFD-NTPL1,2023-04-03 16:00:00,,,,,,,0.0,0.0,True,False,NORTHPOOL,0.0,0.0,False,True,0.0,IFG-NTPL1,INFO,✅ OK: Position Fully Balanced.
IFD-VSAL1,2023-04-03 16:00:00,,,,,,,0.0,0.0,True,False,VITOL,0.0,0.0,False,True,0.0,IFG-VSAL1,INFO,✅ OK: Position Fully Balanced.
IFG-VSAL1,2023-04-03 16:00:00,,,,,,,0.0,0.0,True,False,VITOL,0.0,0.0,False,True,0.0,IFD-VSAL1,INFO,✅ OK: Position Fully Balanced.
IFD-CNGS1,2023-04-03 16:00:00,,,,,,,0.0,0.0,True,False,,0.0,0.0,False,True,0.0,IFG-CNGS1,INFO,✅ OK: Position Fully Balanced.
IFD-OMPX1,2023-04-03 16:00:00,,,,,,,0.0,0.0,True,False,,0.0,0.0,False,True,0.0,IFG-OMPX1,INFO,✅ OK: Position Fully Balanced.
IFD-STAT1,2023-04-03 16:00:00,,,,,,,0.0,0.0,True,False,,0.0,0.0,False,True,0.0,IFG-STAT1,INFO,✅ OK: Position Fully Balanced.
IFG-CNGS1,2023-04-03 16:00:00,,,,,,,0.0,0.0,True,False,,0.0,0.0,False,True,0.0,IFD-CNGS1,INFO,✅ OK: Position Fully Balanced.
IFG-EPCO1,2023-04-03 16:00:00,,,,,,,0.0,0.0,True,False,,0.0,0.0,False,True,0.0,IFD-EPCO1,INFO,✅ OK: Position Fully Balanced.
IFG-MCRA1,2023-04-03 16:00:00,,,,,,,0.0,0.0,True,False,,0.0,0.0,False,True,0.0,IFD-MCRA1,INFO,✅ OK: Position Fully Balanced.
IFG-OMPX1,2023-04-03 16:00:00,,,,,,,0.0,0.0,True,False,,0.0,0.0,False,True,0.0,IFD-OMPX1,INFO,✅ OK: Position Fully Balanced.
IFG-STAT1,2023-04-03 16:00:00,,,,,,,0.0,0.0,True,False,,0.0,0.0,False,True,0.0,IFD-STAT1,INFO,✅ OK: Position Fully Balanced.
IFG-TFEE1,2023-04-03 16:00:00,,,,,,,0.0,0.0,True,False,,0.0,0.0,False,True,0.0,IFD-TFEE1,INFO,✅ OK: Position Fully Balanced.
IFG-DSKC1,2023-04-03 17:00:00,,,,,,,0.0,0.0,True,False,DANSKE,0.0,0.0,False,True,0.0,IFD-DSKC1,INFO,✅ OK: Position Fully Balanced.
IFG-DVAL1,2023-04-03 17:00:00,,,,,,,0.0,0.0,True,False,DVALIN,0.0,0.0,False,True,0.0,IFD-DVAL1,INFO,✅ OK: Position Fully Balanced.
IFD-EDFT1,2023-04-03 17:00:00,,,,,,,0.0,0.0,True,False,EDFT,0.0,0.0,False,True,0.0,IFG-EDFT1,INFO,✅ OK: Position Fully Balanced.
IFG-EDFT1,2023-04-03 17:00:00,,,,,,,0.0,0.0,True,False,EDFT,0.0,0.0,False,True,0.0,IFD-EDFT1,INFO,✅ OK: Position Fully Balanced.
IFG-ELTR1,2023-04-03 17:00:00,,,,,,,0.0,0.0,True,False,ELECTRO,0.0,0.0,False,True,0.0,IFD-ELTR1,INFO,✅ OK: Position Fully Balanced.
IFD-EDMK1,2023-04-03 17:00:00,,,,,,,0.0,0.0,True,False,ENERGIDAN,0.0,0.0,False,True,0.0,IFG-EDMK1,INFO,✅ OK: Position Fully Balanced.
IFG-EDMK1,2023-04-03 17:00:00,,,,,,,0.0,0.0,True,False,ENERGIDAN,0.0,0.0,False,True,0.0,IFD-EDMK1,INFO,✅ OK: Position Fully Balanced.
IFG-HELI1,2023-04-03 17:00:00,,,,,,,0.0,0.0,True,False,HELIOS,0.0,0.0,False,True,0.0,IFD-HELI1,INFO,✅ OK: Position Fully Balanced.
IFG-INCM1,2023-04-03 17:00:00,,,,,,,0.0,0.0,True,False,INCOM,0.0,0.0,False,True,0.0,IFD-INCM1,INFO,✅ OK: Position Fully Balanced.
IFG-MFTE1,2023-04-03 17:00:00,,,,,,,0.0,0.0,True,False,MFT,0.0,0.0,False,True,0.0,IFD-MFTE1,INFO,✅ OK: Position Fully Balanced.
IFD-NTPL1,2023-04-03 17:00:00,,,,,,,0.0,0.0,True,False,NORTHPOOL,0.0,0.0,False,True,0.0,IFG-NTPL1,INFO,✅ OK: Position Fully Balanced.
IFD-VSAL1,2023-04-03 17:00:00,,,,,,,0.0,0.0,True,False,VITOL,0.0,0.0,False,True,0.0,IFG-VSAL1,INFO,✅ OK: Position Fully Balanced.
IFG-VSAL1,2023-04-03 17:00:00,,,,,,,0.0,0.0,True,False,VITOL,0.0,0.0,False,True,0.0,IFD-VSAL1,INFO,✅ OK: Position Fully Balanced.
IFD-CNGS1,2023-04-03 17:00:00,,,,,,,0.0,0.0,True,False,,0.0,0.0,False,True,0.0,IFG-CNGS1,INFO,✅ OK: Position Fully Balanced.
IFD-OMPX1,2023-04-03 17:00:00,,,,,,,0.0,0.0,True,False,,0.0,0.0,False,True,0.0,IFG-OMPX1,INFO,✅ OK: Position Fully Balanced.
IFD-STAT1,2023-04-03 17:00:00,,,,,,,0.0,0.0,True,False,,0.0,0.0,False,True,0.0,IFG-STAT1,INFO,✅ OK: Position Fully Balanced.
IFG-CNGS1,2023-04-03 17:00:00,,,,,,,0.0,0.0,True,False,,0.0,0.0,False,True,0.0,IFD-CNGS1,INFO,✅ OK: Position Fully Balanced.
IFG-EPCO1,2023-04-03 17:00:00,,,,,,,0.0,0.0,True,False,,0.0,0.0,False,True,0.0,IFD-EPCO1,INFO,✅ OK: Position Fully Balanced.
IFG-MCRA1,2023-04-03 17:00:00,,,,,,,0.0,0.0,True,False,,0.0,0.0,False,True,0.0,IFD-MCRA1,INFO,✅ OK: Position Fully Balanced.
IFG-OMPX1,2023-04-03 17:00:00,,,,,,,0.0,0.0,True,False,,0.0,0.0,False,True,0.0,IFD-OMPX1,INFO,✅ OK: Position Fully Balanced.
IFG-STAT1,2023-04-03 17:00:00,,,,,,,0.0,0.0,True,False,,0.0,0.0,False,True,0.0,IFD-STAT1,INFO,✅ OK: Position Fully Balanced.
IFG-TFEE1,2023-04-03 17:00:00,,,,,,,0.0,0.0,True,False,,0.0,0.0,False,True,0.0,IFD-TFEE1,INFO,✅ OK: Position Fully Balanced.
IFG-DSKC1,2023-04-03 18:00:00,,,,,,,0.0,0.0,True,False,DANSKE,0.0,0.0,False,True,0.0,IFD-DSKC1,INFO,✅ OK: Position Fully Balanced.
IFG-DVAL1,2023-04-03 18:00:00,,,,,,,0.0,0.0,True,False,DVALIN,0.0,0.0,False,True,0.0,IFD-DVAL1,INFO,✅ OK: Position Fully Balanced.
IFD-EDFT1,2023-04-03 18:00:00,,,,,,,0.0,0.0,True,False,EDFT,0.0,0.0,False,True,0.0,IFG-EDFT1,INFO,✅ OK: Position Fully Balanced.
IFG-EDFT1,2023-04-03 18:00:00,,,,,,,0.0,0.0,True,False,EDFT,0.0,0.0,False,True,0.0,IFD-EDFT1,INFO,✅ OK: Position Fully Balanced.
IFG-ELTR1,2023-04-03 18:00:00,,,,,,,0.0,0.0,True,False,ELECTRO,0.0,0.0,False,True,0.0,IFD-ELTR1,INFO,✅ OK: Position Fully Balanced.
IFD-EDMK1,2023-04-03 18:00:00,,,,,,,0.0,0.0,True,False,ENERGIDAN,0.0,0.0,False,True,0.0,IFG-EDMK1,INFO,✅ OK: Position Fully Balanced.
IFG-EDMK1,2023-04-03 18:00:00,,,,,,,0.0,0.0,True,False,ENERGIDAN,0.0,0.0,False,True,0.0,IFD-EDMK1,INFO,✅ OK: Position Fully Balanced.
IFG-HELI1,2023-04-03 18:00:00,,,,,,,0.0,0.0,True,False,HELIOS,0.0,0.0,False,True,0.0,IFD-HELI1,INFO,✅ OK: Position Fully Balanced.
IFG-INCM1,2023-04-03 18:00:00,,,,,,,0.0,0.0,True,False,INCOM,0.0,0.0,False,True,0.0,IFD-INCM1,INFO,✅ OK: Position Fully Balanced.
IFG-MFTE1,2023-04-03 18:00:00,,,,,,,0.0,0.0,True,False,MFT,0.0,0.0,False,True,0.0,IFD-MFTE1,INFO,✅ OK: Position Fully Balanced.
IFD-NTPL1,2023-04-03 18:00:00,,,,,,,0.0,0.0,True,False,NORTHPOOL,0.0,0.0,False,True,0.0,IFG-NTPL1,INFO,✅ OK: Position Fully Balanced.
IFD-VSAL1,2023-04-03 18:00:00,,,,,,,0.0,0.0,True,False,VITOL,0.0,0.0,False,True,0.0,IFG-VSAL1,INFO,✅ OK: Position Fully Balanced.
IFG-VSAL1,2023-04-03 18:00:00,,,,,,,0.0,0.0,True,False,VITOL,0.0,0.0,False,True,0.0,IFD-VSAL1,INFO,✅ OK: Position Fully Balanced.
IFD-CNGS1,2023-04-03 18:00:00,,,,,,,0.0,0.0,True,False,,0.0,0.0,False,True,0.0,IFG-CNGS1,INFO,✅ OK: Position Fully Balanced.
IFD-OMPX1,2023-04-03 18:00:00,,,,,,,0.0,0.0,True,False,,0.0,0.0,False,True,0.0,IFG-OMPX1,INFO,✅ OK: Position Fully Balanced.
IFD-STAT1,2023-04-03 18:00:00,,,,,,,0.0,0.0,True,False,,0.0,0.0,False,True,0.0,IFG-STAT1,INFO,✅ OK: Position Fully Balanced.
IFG-CNGS1,2023-04-03 18:00:00,,,,,,,0.0,0.0,True,False,,0.0,0.0,False,True,0.0,IFD-CNGS1,INFO,✅ OK: Position Fully Balanced.
IFG-EPCO1,2023-04-03 18:00:00,,,,,,,0.0,0.0,True,False,,0.0,0.0,False,True,0.0,IFD-EPCO1,INFO,✅ OK: Position Fully Balanced.
IFG-MCRA1,2023-04-03 18:00:00,,,,,,,0.0,0.0,True,False,,0.0,0.0,False,True,0.0,IFD-MCRA1,INFO,✅ OK: Position Fully Balanced.
IFG-OMPX1,2023-04-03 18:00:00,,,,,,,0.0,0.0,True,False,,0.0,0.0,False,True,0.0,IFD-OMPX1,INFO,✅ OK: Position Fully Balanced.
IFG-STAT1,2023-04-03 18:00:00,,,,,,,0.0,0.0,True,False,,0.0,0.0,False,True,0.0,IFD-STAT1,INFO,✅ OK: Position Fully Balanced.
IFG-TFEE1,2023-04-03 18:00:00,,,,,,,0.0,0.0,True,False,,0.0,0.0,False,True,0.0,IFD-TFEE1,INFO,✅ OK: Position Fully Balanced.
IFG-DSKC1,2023-04-03 19:00:00,,,,,,,0.0,0.0,True,False,DANSKE,0.0,0.0,False,True,0.0,IFD-DSKC1,INFO,✅ OK: Position Fully Balanced.
IFG-DVAL1,2023-04-03 19:00:00,,,,,,,0.0,0.0,True,False,DVALIN,0.0,0.0,False,True,0.0,IFD-DVAL1,INFO,✅ OK: Position Fully Balanced.
IFD-EDFT1,2023-04-03 19:00:00,,,,,,,0.0,0.0,True,False,EDFT,0.0,0.0,False,True,0.0,IFG-EDFT1,INFO,✅ OK: Position Fully Balanced.
IFG-EDFT1,2023-04-03 19:00:00,,,,,,,0.0,0.0,True,False,EDFT,0.0,0.0,False,True,0.0,IFD-EDFT1,INFO,✅ OK: Position Fully Balanced.
IFG-ELTR1,2023-04-03 19:00:00,,,,,,,0.0,0.0,True,False,ELECTRO,0.0,0.0,False,True,0.0,IFD-ELTR1,INFO,✅ OK: Position Fully Balanced.
IFD-EDMK1,2023-04-03 19:00:00,,,,,,,0.0,0.0,True,False,ENERGIDAN,0.0,0.0,False,True,0.0,IFG-EDMK1,INFO,✅ OK: Position Fully Balanced.
IFG-EDMK1,2023-04-03 19:00:00,,,,,,,0.0,0.0,True,False,ENERGIDAN,0.0,0.0,False,True,0.0,IFD-EDMK1,INFO,✅ OK: Position Fully Balanced.
IFG-HELI1,2023-04-03 19:00:00,,,,,,,0.0,0.0,True,False,HELIOS,0.0,0.0,False,True,0.0,IFD-HELI1,INFO,✅ OK: Position Fully Balanced.
IFG-INCM1,2023-04-03 19:00:00,,,,,,,0.0,0.0,True,False,INCOM,0.0,0.0,False,True,0.0,IFD-INCM1,INFO,✅ OK: Position Fully Balanced.
IFG-MFTE1,2023-04-03 19:00:00,,,,,,,0.0,0.0,True,False,MFT,0.0,0.0,False,True,0.0,IFD-MFTE1,INFO,✅ OK: Position Fully Balanced.
IFD-NTPL1,2023-04-03 19:00:00,,,,,,,0.0,0.0,True,False,NORTHPOOL,0.0,0.0,False,True,0.0,IFG-NTPL1,INFO,✅ OK: Position Fully Balanced.
IFD-VSAL1,2023-04-03 19:00:00,,,,,,,0.0,0.0,True,False,VITOL,0.0,0.0,False,True,0.0,IFG-VSAL1,INFO,✅ OK: Position Fully Balanced.
IFG-VSAL1,2023-04-03 19:00:00,,,,,,,0.0,0.0,True,False,VITOL,0.0,0.0,False,True,0.0,IFD-VSAL1,INFO,✅ OK: Position Fully Balanced.
IFD-CNGS1,2023-04-03 19:00:00,,,,,,,0.0,0.0,True,False,,0.0,0.0,False,True,0.0,IFG-CNGS1,INFO,✅ OK: Position Fully Balanced.
IFD-OMPX1,2023-04-03 19:00:00,,,,,,,0.0,0.0,True,False,,0.0,0.0,False,True,0.0,IFG-OMPX1,INFO,✅ OK: Position Fully Balanced.
IFD-STAT1,2023-04-03 19:00:00,,,,,,,0.0,0.0,True,False,,0.0,0.0,False,True,0.0,IFG-STAT1,INFO,✅ OK: Position Fully Balanced.
IFG-CNGS1,2023-04-03 19:00:00,,,,,,,0.0,0.0,True,False,,0.0,0.0,False,True,0.0,IFD-CNGS1,INFO,✅ OK: Position Fully Balanced.
IFG-EPCO1,2023-04-03 19:00:00,,,,,,,0.0,0.0,True,False,,0.0,0.0,False,True,0.0,IFD-EPCO1,INFO,✅ OK: Position Fully Balanced.
IFG-MCRA1,2023-04-03 19:00:00,,,,,,,0.0,0.0,True,False,,0.0,0.0,False,True,0.0,IFD-MCRA1,INFO,✅ OK: Position Fully Balanced.
IFG-OMPX1,2023-04-03 19:00:00,,,,,,,0.0,0.0,True,False,,0.0,0.0,False,True,0.0,IFD-OMPX1,INFO,✅ OK: Position Fully Balanced.
IFG-STAT1,2023-04-03 19:00:00,,,,,,,0.0,0.0,True,False,,0.0,0.0,False,True,0.0,IFD-STAT1,INFO,✅ OK: Position Fully Balanced.
IFG-TFEE1,2023-04-03 19:00:00,,,,,,,0.0,0.0,True,False,,0.0,0.0,False,True,0.0,IFD-TFEE1,INFO,✅ OK: Position Fully Balanced.
IFG-DSKC1,2023-04-03 20:00:00,,,,,,,0.0,0.0,True,False,DANSKE,0.0,0.0,False,True,0.0,IFD-DSKC1,INFO,✅ OK: Position Fully Balanced.
IFG-DVAL1,2023-04-03 20:00:00,,,,,,,0.0,0.0,True,False,DVALIN,0.0,0.0,False,True,0.0,IFD-DVAL1,INFO,✅ OK: Position Fully Balanced.
IFD-EDFT1,2023-04-03 20:00:00,,,,,,,0.0,0.0,True,False,EDFT,0.0,0.0,False,True,0.0,IFG-EDFT1,INFO,✅ OK: Position Fully Balanced.
IFG-EDFT1,2023-04-03 20:00:00,,,,,,,0.0,0.0,True,False,EDFT,0.0,0.0,False,True,0.0,IFD-EDFT1,INFO,✅ OK: Position Fully Balanced.
IFG-ELTR1,2023-04-03 20:00:00,,,,,,,0.0,0.0,True,False,ELECTRO,0.0,0.0,False,True,0.0,IFD-ELTR1,INFO,✅ OK: Position Fully Balanced.
IFD-EDMK1,2023-04-03 20:00:00,,,,,,,0.0,0.0,True,False,ENERGIDAN,0.0,0.0,False,True,0.0,IFG-EDMK1,INFO,✅ OK: Position Fully Balanced.
IFG-EDMK1,2023-04-03 20:00:00,,,,,,,0.0,0.0,True,False,ENERGIDAN,0.0,0.0,False,True,0.0,IFD-EDMK1,INFO,✅ OK: Position Fully Balanced.
IFG-HELI1,2023-04-03 20:00:00,,,,,,,0.0,0.0,True,False,HELIOS,0.0,0.0,False,True,0.0,IFD-HELI1,INFO,✅ OK: Position Fully Balanced.
IFG-INCM1,2023-04-03 20:00:00,,,,,,,0.0,0.0,True,False,INCOM,0.0,0.0,False,True,0.0,IFD-INCM1,INFO,✅ OK: Position Fully Balanced.
IFG-MFTE1,2023-04-03 20:00:00,,,,,,,0.0,0.0,True,False,MFT,0.0,0.0,False,True,0.0,IFD-MFTE1,INFO,✅ OK: Position Fully Balanced.
IFD-NTPL1,2023-04-03 20:00:00,,,,,,,0.0,0.0,True,False,NORTHPOOL,0.0,0.0,False,True,0.0,IFG-NTPL1,INFO,✅ OK: Position Fully Balanced.
IFD-VSAL1,2023-04-03 20:00:00,,,,,,,0.0,0.0,True,False,VITOL,0.0,0.0,False,True,0.0,IFG-VSAL1,INFO,✅ OK: Position Fully Balanced.
IFG-VSAL1,2023-04-03 20:00:00,,,,,,,0.0,0.0,True,False,VITOL,0.0,0.0,False,True,0.0,IFD-VSAL1,INFO,✅ OK: Position Fully Balanced.
IFD-CNGS1,2023-04-03 20:00:00,,,,,,,0.0,0.0,True,False,,0.0,0.0,False,True,0.0,IFG-CNGS1,INFO,✅ OK: Position Fully Balanced.
IFD-OMPX1,2023-04-03 20:00:00,,,,,,,0.0,0.0,True,False,,0.0,0.0,False,True,0.0,IFG-OMPX1,INFO,✅ OK: Position Fully Balanced.
IFD-STAT1,2023-04-03 20:00:00,,,,,,,0.0,0.0,True,False,,0.0,0.0,False,True,0.0,IFG-STAT1,INFO,✅ OK: Position Fully Balanced.
IFG-CNGS1,2023-04-03 20:00:00,,,,,,,0.0,0.0,True,False,,0.0,0.0,False,True,0.0,IFD-CNGS1,INFO,✅ OK: Position Fully Balanced.
IFG-EPCO1,2023-04-03 20:00:00,,,,,,,0.0,0.0,True,False,,0.0,0.0,False,True,0.0,IFD-EPCO1,INFO,✅ OK: Position Fully Balanced.
IFG-MCRA1,2023-04-03 20:00:00,,,,,,,0.0,0.0,True,False,,0.0,0.0,False,True,0.0,IFD-MCRA1,INFO,✅ OK: Position Fully Balanced.
IFG-OMPX1,2023-04-03 20:00:00,,,,,,,0.0,0.0,True,False,,0.0,0.0,False,True,0.0,IFD-OMPX1,INFO,✅ OK: Position Fully Balanced.
IFG-STAT1,2023-04-03 20:00:00,,,,,,,0.0,0.0,True,False,,0.0,0.0,False,True,0.0,IFD-STAT1,INFO,✅ OK: Position Fully Balanced.
IFG-TFEE1,2023-04-03 20:00:00,,,,,,,0.0,0.0,True,False,,0.0,0.0,False,True,0.0,IFD-TFEE1,INFO,✅ OK: Position Fully Balanced.
IFG-DSKC1,2023-04-03 21:00:00,,,,,,,0.0,0.0,True,False,DANSKE,0.0,0.0,False,True,0.0,IFD-DSKC1,INFO,✅ OK: Position Fully Balanced.
IFG-DVAL1,2023-04-03 21:00:00,,,,,,,0.0,0.0,True,False,DVALIN,0.0,0.0,False,True,0.0,IFD-DVAL1,INFO,✅ OK: Position Fully Balanced.
IFD-EDFT1,2023-04-03 21:00:00,,,,,,,0.0,0.0,True,False,EDFT,0.0,0.0,False,True,0.0,IFG-EDFT1,INFO,✅ OK: Position Fully Balanced.
IFG-EDFT1,2023-04-03 21:00:00,,,,,,,0.0,0.0,True,False,EDFT,0.0,0.0,False,True,0.0,IFD-EDFT1,INFO,✅ OK: Position Fully Balanced.
IFG-ELTR1,2023-04-03 21:00:00,,,,,,,0.0,0.0,True,False,ELECTRO,0.0,0.0,False,True,0.0,IFD-ELTR1,INFO,✅ OK: Position Fully Balanced.
IFD-EDMK1,2023-04-03 21:00:00,,,,,,,0.0,0.0,True,False,ENERGIDAN,0.0,0.0,False,True,0.0,IFG-EDMK1,INFO,✅ OK: Position Fully Balanced.
IFG-EDMK1,2023-04-03 21:00:00,,,,,,,0.0,0.0,True,False,ENERGIDAN,0.0,0.0,False,True,0.0,IFD-EDMK1,INFO,✅ OK: Position Fully Balanced.
IFG-HELI1,2023-04-03 21:00:00,,,,,,,0.0,0.0,True,False,HELIOS,0.0,0.0,False,True,0.0,IFD-HELI1,INFO,✅ OK: Position Fully Balanced.
IFG-INCM1,2023-04-03 21:00:00,,,,,,,0.0,0.0,True,False,INCOM,0.0,0.0,False,True,0.0,IFD-INCM1,INFO,✅ OK: Position Fully Balanced.
IFG-MFTE1,2023-04-03 21:00:00,,,,,,,0.0,0.0,True,False,MFT,0.0,0.0,False,True,0.0,IFD-MFTE1,INFO,✅ OK: Position Fully Balanced.
IFD-NTPL1,2023-04-03 21:00:00,,,,,,,0.0,0.0,True,False,NORTHPOOL,0.0,0.0,False,True,0.0,IFG-NTPL1,INFO,✅ OK: Position Fully Balanced.
IFD-VSAL1,2023-04-03 21:00:00,,,,,,,0.0,0.0,True,False,VITOL,0.0,0.0,False,True,0.0,IFG-VSAL1,INFO,✅ OK: Position Fully Balanced.
IFG-VSAL1,2023-04-03 21:00:00,,,,,,,0.0,0.0,True,False,VITOL,0.0,0.0,False,True,0.0,IFD-VSAL1,INFO,✅ OK: Position Fully Balanced.
IFD-CNGS1,2023-04-03 21:00:00,,,,,,,0.0,0.0,True,False,,0.0,0.0,False,True,0.0,IFG-CNGS1,INFO,✅ OK: Position Fully Balanced.
IFD-OMPX1,2023-04-03 21:00:00,,,,,,,0.0,0.0,True,False,,0.0,0.0,False,True,0.0,IFG-OMPX1,INFO,✅ OK: Position Fully Balanced.
IFD-STAT1,2023-04-03 21:00:00,,,,,,,0.0,0.0,True,False,,0.0,0.0,False,True,0.0,IFG-STAT1,INFO,✅ OK: Position Fully Balanced.
IFG-CNGS1,2023-04-03 21:00:00,,,,,,,0.0,0.0,True,False,,0.0,0.0,False,True,0.0,IFD-CNGS1,INFO,✅ OK: Position Fully Balanced.
IFG-EPCO1,2023-04-03 21:00:00,,,,,,,0.0,0.0,True,False,,0.0,0.0,False,True,0.0,IFD-EPCO1,INFO,✅ OK: Position Fully Balanced.
IFG-MCRA1,2023-04-03 21:00:00,,,,,,,0.0,0.0,True,False,,0.0,0.0,False,True,0.0,IFD-MCRA1,INFO,✅ OK: Position Fully Balanced.
IFG-OMPX1,2023-04-03 21:00:00,,,,,,,0.0,0.0,True,False,,0.0,0.0,False,True,0.0,IFD-OMPX1,INFO,✅ OK: Position Fully Balanced.
IFG-STAT1,2023-04-03 21:00:00,,,,,,,0.0,0.0,True,False,,0.0,0.0,False,True,0.0,IFD-STAT1,INFO,✅ OK: Position Fully Balanced.
IFG-TFEE1,2023-04-03 21:00:00,,,,,,,0.0,0.0,True,False,,0.0,0.0,False,True,0.0,IFD-TFEE1,INFO,✅ OK: Position Fully Balanced.
IFG-DSKC1,2023-04-03 22:00:00,,,,,,,0.0,0.0,True,False,DANSKE,0.0,0.0,False,True,0.0,IFD-DSKC1,INFO,✅ OK: Position Fully Balanced.
IFG-DVAL1,2023-04-03 22:00:00,,,,,,,0.0,0.0,True,False,DVALIN,0.0,0.0,False,True,0.0,IFD-DVAL1,INFO,✅ OK: Position Fully Balanced.
IFD-EDFT1,2023-04-03 22:00:00,,,,,,,0.0,0.0,True,False,EDFT,0.0,0.0,False,True,0.0,IFG-EDFT1,INFO,✅ OK: Position Fully Balanced.
IFG-EDFT1,2023-04-03 22:00:00,,,,,,,0.0,0.0,True,False,EDFT,0.0,0.0,False,True,0.0,IFD-EDFT1,INFO,✅ OK: Position Fully Balanced.
IFG-ELTR1,2023-04-03 22:00:00,,,,,,,0.0,0.0,True,False,ELECTRO,0.0,0.0,False,True,0.0,IFD-ELTR1,INFO,✅ OK: Position Fully Balanced.
IFD-EDMK1,2023-04-03 22:00:00,,,,,,,0.0,0.0,True,False,ENERGIDAN,0.0,0.0,False,True,0.0,IFG-EDMK1,INFO,✅ OK: Position Fully Balanced.
IFG-EDMK1,2023-04-03 22:00:00,,,,,,,0.0,0.0,True,False,ENERGIDAN,0.0,0.0,False,True,0.0,IFD-EDMK1,INFO,✅ OK: Position Fully Balanced.
IFG-HELI1,2023-04-03 22:00:00,,,,,,,0.0,0.0,True,False,HELIOS,0.0,0.0,False,True,0.0,IFD-HELI1,INFO,✅ OK: Position Fully Balanced.
IFG-INCM1,2023-04-03 22:00:00,,,,,,,0.0,0.0,True,False,INCOM,0.0,0.0,False,True,0.0,IFD-INCM1,INFO,✅ OK: Position Fully Balanced.
IFG-MFTE1,2023-04-03 22:00:00,,,,,,,0.0,0.0,True,False,MFT,0.0,0.0,False,True,0.0,IFD-MFTE1,INFO,✅ OK: Position Fully Balanced.
IFD-NTPL1,2023-04-03 22:00:00,,,,,,,0.0,0.0,True,False,NORTHPOOL,0.0,0.0,False,True,0.0,IFG-NTPL1,INFO,✅ OK: Position Fully Balanced.
IFD-VSAL1,2023-04-03 22:00:00,,,,,,,0.0,0.0,True,False,VITOL,0.0,0.0,False,True,0.0,IFG-VSAL1,INFO,✅ OK: Position Fully Balanced.
IFG-VSAL1,2023-04-03 22:00:00,,,,,,,0.0,0.0,True,False,VITOL,0.0,0.0,False,True,0.0,IFD-VSAL1,INFO,✅ OK: Position Fully Balanced.
IFD-CNGS1,2023-04-03 22:00:00,,,,,,,0.0,0.0,True,False,,0.0,0.0,False,True,0.0,IFG-CNGS1,INFO,✅ OK: Position Fully Balanced.
IFD-OMPX1,2023-04-03 22:00:00,,,,,,,0.0,0.0,True,False,,0.0,0.0,False,True,0.0,IFG-OMPX1,INFO,✅ OK: Position Fully Balanced.
IFD-STAT1,2023-04-03 22:00:00,,,,,,,0.0,0.0,True,False,,0.0,0.0,False,True,0.0,IFG-STAT1,INFO,✅ OK: Position Fully Balanced.
IFG-CNGS1,2023-04-03 22:00:00,,,,,,,0.0,0.0,True,False,,0.0,0.0,False,True,0.0,IFD-CNGS1,INFO,✅ OK: Position Fully Balanced.
IFG-EPCO1,2023-04-03 22:00:00,,,,,,,0.0,0.0,True,False,,0.0,0.0,False,True,0.0,IFD-EPCO1,INFO,✅ OK: Position Fully Balanced.
IFG-MCRA1,2023-04-03 22:00:00,,,,,,,0.0,0.0,True,False,,0.0,0.0,False,True,0.0,IFD-MCRA1,INFO,✅ OK: Position Fully Balanced.
IFG-OMPX1,2023-04-03 22:00:00,,,,,,,0.0,0.0,True,False,,0.0,0.0,False,True,0.0,IFD-OMPX1,INFO,✅ OK: Position Fully Balanced.
IFG-STAT1,2023-04-03 22:00:00,,,,,,,0.0,0.0,True,False,,0.0,0.0,False,True,0.0,IFD-STAT1,INFO,✅ OK: Position Fully Balanced.
IFG-TFEE1,2023-04-03 22:00:00,,,,,,,0.0,0.0,True,False,,0.0,0.0,False,True,0.0,IFD-TFEE1,INFO,✅ OK: Position Fully Balanced.
