﻿HourLocal,BMU_ID,PN_value,DeltaPN,Has_Trade,ReceiptLocal,Advisory
2023-04-03,IFD-NTPL1,-30.0,-30.0,False,2023-04-02 23:00:00,PN delta exists but no trades found — review / contact trading.
2023-04-03,IFG-DVAL1,1.0,1.0,False,2023-04-02 14:00:00,PN delta exists but no trades found — review / contact trading.
2023-04-03,IFG-EDFT1,75.0,-25.0,False,2023-04-02 23:00:00,PN delta exists but no trades found — review / contact trading.
2023-04-03,IFG-ELTR1,30.0,30.0,False,2023-04-02 14:00:00,PN delta exists but no trades found — review / contact trading.
2023-04-03,IFG-EPCO1,40.0,40.0,False,2023-04-02 09:00:00,PN delta exists but no trades found — review / contact trading.
2023-04-03,IFG-HELI1,14.0,14.0,False,2023-04-02 14:00:00,PN delta exists but no trades found — review / contact trading.
2023-04-03,IFG-INCM1,96.0,96.0,False,2023-04-02 14:00:00,PN delta exists but no trades found — review / contact trading.
2023-04-03,IFG-MCRA1,147.0,147.0,False,2023-04-02 09:00:00,PN delta exists but no trades found — review / contact trading.
2023-04-03,IFG-MFTE1,110.0,110.0,False,2023-04-02 14:00:00,PN delta exists but no trades found — review / contact trading.
2023-04-03,IFG-TFEE1,153.0,153.0,False,2023-04-02 09:00:00,PN delta exists but no trades found — review / contact trading.
2023-04-03,IFG-VSAL1,184.0,184.0,False,2023-04-02 14:00:00,PN delta exists but no trades found — review / contact trading.
