{
  "run_id": "e551626c-0d7f-4c19-993a-99fa8c060bfe",
  "start_utc": "2026-01-08 17:32:16.774633",
  "end_utc": "2026-01-08 17:32:21.497429",
  "duration_s": 4.722796,
  "latest_receipt_utc": "2023-04-02 22:00:00",
  "h_plus_1_utc": "2023-04-02 23:00:00",
  "delivery_start_utc": "2023-04-02 23:00:00",
  "day_end_utc": "2023-04-03 00:00:00",
  "c1_status": "H_PLUS_1_CHANGES",
  "c1_message": "H+1 changes detected \u2014 proceeded to Comparison 2.",
  "trades_rows": 128,
  "on_ic_met_count": 18,
  "across_ic_met_count": 18,
  "countertrade_count": 0,
  "class_tallies": {
    "YES1": 0,
    "YES2": 0,
    "YES3": 10,
    "NO": 1,
    "INFO": 18
  },
  "advisory_hours": [
    "2023-04-02 23:00:00"
  ],
  "output_paths": [
    "C:\\Users\\ivan.sanz\\OneDrive - National Energy System Operator\\Documents\\secondment\\Project_IC_CR\\IC_release_1\\outputs\\Comparison2_trade_results_IFA.csv",
    "C:\\Users\\ivan.sanz\\OneDrive - National Energy System Operator\\Documents\\secondment\\Project_IC_CR\\IC_release_1\\outputs\\Comparison2_hourly_summary_IFA.csv",
    "C:\\Users\\ivan.sanz\\OneDrive - National Energy System Operator\\Documents\\secondment\\Project_IC_CR\\IC_release_1\\outputs\\Comparison2_hourly_classification_IFA.csv",
    "C:\\Users\\ivan.sanz\\OneDrive - National Energy System Operator\\Documents\\secondment\\Project_IC_CR\\IC_release_1\\outputs\\Forward_PN_Advisory_IFA.csv",
    "C:\\Users\\ivan.sanz\\OneDrive - National Energy System Operator\\Documents\\secondment\\Project_IC_CR\\IC_release_1\\outputs\\Forward_PN_Advisory_tidy_IFA.csv"
  ]
}