{
  "run_id": "a4e99dbc-cb38-48d3-a5c6-5c309b0ce4cf",
  "start_utc": "2026-01-08 17:39:56.758200",
  "end_utc": "2026-01-08 17:40:01.771403",
  "duration_s": 5.013203,
  "latest_receipt_utc": "2023-04-02 23:00:00",
  "h_plus_1_utc": "2023-04-03 00:00:00",
  "delivery_start_utc": "2023-04-03 00:00:00",
  "day_end_utc": "2023-04-04 00:00:00",
  "c1_status": "FORWARD_CHANGES",
  "c1_message": "H+1 clean; forward changes detected \u2014 proceeded to Comparison 2.",
  "trades_rows": 116,
  "on_ic_met_count": 484,
  "across_ic_met_count": 484,
  "countertrade_count": 0,
  "class_tallies": {
    "YES1": 0,
    "YES2": 0,
    "YES3": 0,
    "NO": 0,
    "INFO": 484
  },
  "advisory_hours": [],
  "output_paths": [
    "C:\\Users\\ivan.sanz\\OneDrive - National Energy System Operator\\Documents\\secondment\\Project_IC_CR\\IC_release_1\\outputs\\Comparison2_trade_results_IFA.csv",
    "C:\\Users\\ivan.sanz\\OneDrive - National Energy System Operator\\Documents\\secondment\\Project_IC_CR\\IC_release_1\\outputs\\Comparison2_hourly_summary_IFA.csv",
    "C:\\Users\\ivan.sanz\\OneDrive - National Energy System Operator\\Documents\\secondment\\Project_IC_CR\\IC_release_1\\outputs\\Comparison2_hourly_classification_IFA.csv"
  ]
}