Id,Trade_Id,NGC_BM_Unit_Name,Unit_Volume,Agreement_Type,Delivery_Area,Note,CP_Name,Price,Total_Volume,Total_Value,SO_Flag,Trade_Constraint,Trade_Reason,Start_Time_UTC,End_Time_UTC,Trade_Created,Last_Updated,Traded_Date
ES00239205,ES00239205,IND-DARE1,-50.0,GTMA,,,Dare Power Ltd,38.33,-50.0,-1916.5,F,Downward Reg,Downward Reg,2023-04-01T00:00:00Z,2023-04-01T01:00:00Z,2023-03-31T19:44:58.567Z,2023-03-31T19:45:55.637Z,2023-03-31T20:42:39Z
ES00239206,ES00239206,IBD-EDMK1,-50.0,GTMA,,,Energi Danmark A/S,38.0,-50.0,-1900.0,F,Downward Reg,Downward Reg,2023-04-01T00:00:00Z,2023-04-01T01:00:00Z,2023-03-31T19:44:58.91Z,2023-03-31T19:46:01.387Z,2023-03-31T20:42:39Z
ES00239207,ES00239207,I2D-PWMR1,-49.0,GTMA,,,PowerMart ApS,37.7,-49.0,-1847.3,F,Downward Reg,Downward Reg,2023-04-01T00:00:00Z,2023-04-01T01:00:00Z,2023-03-31T19:44:59.49Z,2023-03-31T19:46:13.23Z,2023-03-31T20:42:39Z
ES00239208,ES00239208,IFD-OPMX1,-25.0,GTMA,,,Optimax Energy GmbH,34.95,-25.0,-873.75,F,Downward Reg,Downward Reg,2023-04-01T00:00:00Z,2023-04-01T01:00:00Z,2023-03-31T19:45:00.003Z,2023-03-31T19:46:11.057Z,2023-03-31T20:42:39Z
ES00239209,ES00239209,I2D-DSKC1,-50.0,GTMA,,,Danske Commodities A/S,34.85,-50.0,-1742.5,F,Downward Reg,Downward Reg,2023-04-01T00:00:00Z,2023-04-01T01:00:00Z,2023-03-31T19:45:00.597Z,2023-03-31T19:45:52.4Z,2023-03-31T20:42:39Z
ES00239210,ES00239210,IND-DARE1,-50.0,GTMA,,,Dare Power Ltd,34.81,-50.0,-1740.5,F,Downward Reg,Downward Reg,2023-04-01T00:00:00Z,2023-04-01T01:00:00Z,2023-03-31T19:45:01.177Z,2023-03-31T19:45:55.197Z,2023-03-31T20:42:39Z
ES00239211,ES00239211,IFD-NEAS1,-50.0,GTMA,,,Centrica Energy Trading A/S,34.6,-50.0,-1730.0,F,Downward Reg,Downward Reg,2023-04-01T00:00:00Z,2023-04-01T01:00:00Z,2023-03-31T19:45:01.707Z,2023-03-31T19:45:45.417Z,2023-03-31T20:42:39Z
ES00239212,ES00239212,I2D-EDFT1,-100.0,GTMA,,,EDF Trading Ltd,34.3,-100.0,-3430.0,F,Downward Reg,Downward Reg,2023-04-01T00:00:00Z,2023-04-01T01:00:00Z,2023-03-31T19:45:02.207Z,2023-03-31T19:45:57.197Z,2023-03-31T20:42:39Z
ES00239213,ES00239213,IFD-NITR1,-48.0,GTMA,,,Nitor Energy A/S,34.0,-48.0,-1632.0,F,Downward Reg,Downward Reg,2023-04-01T00:00:00Z,2023-04-01T01:00:00Z,2023-03-31T19:45:02.55Z,2023-03-31T19:46:07.587Z,2023-03-31T20:42:39Z
ES00239214,ES00239214,IBD-NEAS1,-34.0,GTMA,,,Centrica Energy Trading A/S,33.72,-34.0,-1146.48,F,Downward Reg,Downward Reg,2023-04-01T00:00:00Z,2023-04-01T01:00:00Z,2023-03-31T19:45:02.893Z,2023-03-31T19:45:46.183Z,2023-03-31T20:42:39Z
ES00239215,ES00239215,IBD-OPMX1,-15.0,GTMA,,,Optimax Energy GmbH,33.56,-15.0,-503.4,F,Downward Reg,Downward Reg,2023-04-01T00:00:00Z,2023-04-01T01:00:00Z,2023-03-31T19:45:03.193Z,2023-03-31T19:46:12.463Z,2023-03-31T20:42:39Z
ES00239216,ES00239216,I2D-OPMX1,-25.0,GTMA,,,Optimax Energy GmbH,33.35,-25.0,-833.75,F,Downward Reg,Downward Reg,2023-04-01T00:00:00Z,2023-04-01T01:00:00Z,2023-03-31T19:45:03.597Z,2023-03-31T19:46:12.84Z,2023-03-31T20:42:39Z
ES00239217,ES00239217,IFD-NEAS1,-50.0,GTMA,,,Centrica Energy Trading A/S,33.28,-50.0,-1664.0,F,Downward Reg,Downward Reg,2023-04-01T00:00:00Z,2023-04-01T01:00:00Z,2023-03-31T19:45:03.927Z,2023-03-31T19:45:45.79Z,2023-03-31T20:42:39Z
ES00239218,ES00239218,IFD-EDFT1,-51.0,GTMA,,,EDF Trading Ltd,33.22,-51.0,-1694.22,F,Downward Reg,Downward Reg,2023-04-01T00:00:00Z,2023-04-01T01:00:00Z,2023-03-31T19:45:04.223Z,2023-03-31T19:45:56.76Z,2023-03-31T20:42:39Z
ES00239219,ES00239219,IBD-EDMK1,-50.0,GTMA,,,Energi Danmark A/S,33.0,-50.0,-1650.0,F,Downward Reg,Downward Reg,2023-04-01T00:00:00Z,2023-04-01T01:00:00Z,2023-03-31T19:45:04.503Z,2023-03-31T19:46:01.01Z,2023-03-31T20:42:39Z
ES00239220,ES00239220,IFD-MFTE1,-101.0,GTMA,,,MFT Energy A/S,32.8,-101.0,-3312.8,F,Downward Reg,Downward Reg,2023-04-01T00:00:00Z,2023-04-01T01:00:00Z,2023-03-31T19:45:04.817Z,2023-03-31T19:46:05.963Z,2023-03-31T20:42:39Z
ES00239221,ES00239221,IND-EDFT1,-100.0,GTMA,,,EDF Trading Ltd,32.68,-100.0,-3268.0,F,Downward Reg,Downward Reg,2023-04-01T00:00:00Z,2023-04-01T01:00:00Z,2023-03-31T19:45:05.097Z,2023-03-31T19:45:56.387Z,2023-03-31T20:42:39Z
ES00239222,ES00239222,IFD-OPMX1,-25.0,GTMA,,,Optimax Energy GmbH,31.86,-25.0,-796.5,F,Downward Reg,Downward Reg,2023-04-01T00:00:00Z,2023-04-01T01:00:00Z,2023-03-31T19:45:05.393Z,2023-03-31T19:46:11.447Z,2023-03-31T20:42:39Z
ES00239223,ES00239223,IND-OPMX1,-20.0,GTMA,,,Optimax Energy GmbH,31.58,-20.0,-631.6,F,Downward Reg,Downward Reg,2023-04-01T00:00:00Z,2023-04-01T01:00:00Z,2023-03-31T19:45:05.693Z,2023-03-31T19:46:11.963Z,2023-03-31T20:42:39Z
ES00239224,ES00239224,IFD-NEAS1,-50.0,GTMA,,,Centrica Energy Trading A/S,31.53,-50.0,-1576.5,F,Downward Reg,Downward Reg,2023-04-01T00:00:00Z,2023-04-01T01:00:00Z,2023-03-31T19:45:05.973Z,2023-03-31T19:45:46.65Z,2023-03-31T20:42:39Z
ES00239225,ES00239225,IBD-NITR1,-50.0,GTMA,,,Nitor Energy A/S,31.0,-50.0,-1550.0,F,Downward Reg,Downward Reg,2023-04-01T00:00:00Z,2023-04-01T01:00:00Z,2023-03-31T19:45:06.253Z,2023-03-31T19:46:06.337Z,2023-03-31T20:42:39Z
ES00239226,ES00239226,IFD-NITR1,-48.0,GTMA,,,Nitor Energy A/S,31.0,-48.0,-1488.0,F,Downward Reg,Downward Reg,2023-04-01T00:00:00Z,2023-04-01T01:00:00Z,2023-03-31T19:45:06.55Z,2023-03-31T19:46:06.713Z,2023-03-31T20:42:39Z
ES00239227,ES00239227,IND-CBST1,-25.0,GTMA,,,Cobblestone Energy Ltd,31.0,-25.0,-775.0,F,Downward Reg,Downward Reg,2023-04-01T00:00:00Z,2023-04-01T01:00:00Z,2023-03-31T19:45:06.833Z,2023-03-31T19:45:51.54Z,2023-03-31T20:42:39Z
ES00239228,ES00239228,IND-DARE1,-75.0,GTMA,,,Dare Power Ltd,30.41,-75.0,-2280.75,F,Downward Reg,Downward Reg,2023-04-01T00:00:00Z,2023-04-01T01:00:00Z,2023-03-31T19:45:07.193Z,2023-03-31T19:45:56.01Z,2023-03-31T20:42:39Z
ES00239229,ES00239229,I2D-OPMX1,-25.0,GTMA,,,Optimax Energy GmbH,30.27,-25.0,-756.75,F,Downward Reg,Downward Reg,2023-04-01T00:00:00Z,2023-04-01T01:00:00Z,2023-03-31T19:45:07.613Z,2023-03-31T19:46:10.667Z,2023-03-31T20:42:39Z
ES00239230,ES00239230,I2D-NEAS1,-82.0,GTMA,,,Centrica Energy Trading A/S,30.21,-82.0,-2477.22,F,Downward Reg,Downward Reg,2023-04-01T00:00:00Z,2023-04-01T01:00:00Z,2023-03-31T19:45:08.02Z,2023-03-31T19:45:47.087Z,2023-03-31T20:42:39Z
ES00239231,ES00239231,IND-ELEE1,-50.0,GTMA,,,Electrabel SA,30.0,-50.0,-1500.0,F,Downward Reg,Downward Reg,2023-04-01T00:00:00Z,2023-04-01T01:00:00Z,2023-03-31T19:45:08.817Z,2023-03-31T19:46:00.637Z,2023-03-31T20:42:39Z
ES00239232,ES00239232,I2D-DSKC1,-50.0,GTMA,,,Danske Commodities A/S,29.39,-50.0,-1469.5,F,Downward Reg,Downward Reg,2023-04-01T00:00:00Z,2023-04-01T01:00:00Z,2023-03-31T19:45:09.113Z,2023-03-31T19:45:51.963Z,2023-03-31T20:42:39Z
ES00239233,ES00239233,IND-NEAS1,-2.0,GTMA,,,Centrica Energy Trading A/S,28.89,-2.0,-57.78,F,Downward Reg,Downward Reg,2023-04-01T00:00:00Z,2023-04-01T01:00:00Z,2023-03-31T19:45:09.397Z,2023-03-31T19:45:47.557Z,2023-03-31T20:42:39Z
ES00239234,ES00239234,IND-DARE1,-50.0,GTMA,,,Dare Power Ltd,31.1,-50.0,-1555.0,F,Downward Reg,Downward Reg,2023-04-01T01:00:00Z,2023-04-01T02:00:00Z,2023-03-31T19:45:09.677Z,2023-03-31T19:45:54.777Z,2023-03-31T20:42:39Z
ES00239235,ES00239235,IND-ELEE1,-50.0,GTMA,,,Electrabel SA,30.0,-50.0,-1500.0,F,Downward Reg,Downward Reg,2023-04-01T01:00:00Z,2023-04-01T02:00:00Z,2023-03-31T19:45:09.973Z,2023-03-31T19:45:59.087Z,2023-03-31T20:42:39Z
ES00239236,ES00239236,I2D-PWMR1,-49.0,GTMA,,,PowerMart ApS,29.6,-49.0,-1450.4,F,Downward Reg,Downward Reg,2023-04-01T01:00:00Z,2023-04-01T02:00:00Z,2023-03-31T19:45:10.253Z,2023-03-31T19:46:14.447Z,2023-03-31T20:42:39Z
ES00239237,ES00239237,IBD-EDMK1,-50.0,GTMA,,,Energi Danmark A/S,29.0,-50.0,-1450.0,F,Downward Reg,Downward Reg,2023-04-01T01:00:00Z,2023-04-01T02:00:00Z,2023-03-31T19:45:10.55Z,2023-03-31T19:46:03.103Z,2023-03-31T20:42:39Z
ES00239238,ES00239238,IFD-NEAS1,-50.0,GTMA,,,Centrica Energy Trading A/S,28.63,-50.0,-1431.5,F,Downward Reg,Downward Reg,2023-04-01T01:00:00Z,2023-04-01T02:00:00Z,2023-03-31T19:45:10.897Z,2023-03-31T19:45:48.01Z,2023-03-31T20:42:39Z
ES00239239,ES00239239,IND-DARE1,-50.0,GTMA,,,Dare Power Ltd,27.58,-50.0,-1379.0,F,Downward Reg,Downward Reg,2023-04-01T01:00:00Z,2023-04-01T02:00:00Z,2023-03-31T19:45:11.207Z,2023-03-31T19:45:54.4Z,2023-03-31T20:42:39Z
ES00239240,ES00239240,IFD-NEAS1,-50.0,GTMA,,,Centrica Energy Trading A/S,27.31,-50.0,-1365.5,F,Downward Reg,Downward Reg,2023-04-01T01:00:00Z,2023-04-01T02:00:00Z,2023-03-31T19:45:11.723Z,2023-03-31T19:45:48.447Z,2023-03-31T20:42:39Z
ES00239241,ES00239241,IND-ELEE1,-100.0,GTMA,,,Electrabel SA,27.0,-100.0,-2700.0,F,Downward Reg,Downward Reg,2023-04-01T01:00:00Z,2023-04-01T02:00:00Z,2023-03-31T19:45:12.097Z,2023-03-31T19:45:59.463Z,2023-03-31T20:42:39Z
ES00239242,ES00239242,IBD-NEAS1,-59.0,GTMA,,,Centrica Energy Trading A/S,26.87,-59.0,-1585.33,F,Downward Reg,Downward Reg,2023-04-01T01:00:00Z,2023-04-01T02:00:00Z,2023-03-31T19:45:12.443Z,2023-03-31T19:45:48.853Z,2023-03-31T20:42:39Z
ES00239243,ES00239243,I2D-EDFT1,-100.0,GTMA,,,EDF Trading Ltd,25.72,-100.0,-2572.0,F,Downward Reg,Downward Reg,2023-04-01T01:00:00Z,2023-04-01T02:00:00Z,2023-03-31T19:45:12.77Z,2023-03-31T19:45:58.323Z,2023-03-31T20:42:39Z
ES00239244,ES00239244,IFD-NEAS1,-50.0,GTMA,,,Centrica Energy Trading A/S,25.56,-50.0,-1278.0,F,Downward Reg,Downward Reg,2023-04-01T01:00:00Z,2023-04-01T02:00:00Z,2023-03-31T19:45:13.097Z,2023-03-31T19:45:49.387Z,2023-03-31T20:42:39Z
ES00239245,ES00239245,IND-ELEE1,-50.0,GTMA,,,Electrabel SA,25.0,-50.0,-1250.0,F,Downward Reg,Downward Reg,2023-04-01T01:00:00Z,2023-04-01T02:00:00Z,2023-03-31T19:45:13.443Z,2023-03-31T19:45:58.713Z,2023-03-31T20:42:39Z
ES00239246,ES00239246,IND-DARE1,-75.0,GTMA,,,Dare Power Ltd,24.94,-75.0,-1870.5,F,Downward Reg,Downward Reg,2023-04-01T01:00:00Z,2023-04-01T02:00:00Z,2023-03-31T19:45:13.753Z,2023-03-31T19:45:53.98Z,2023-03-31T20:42:39Z
ES00239247,ES00239247,IFD-EDFT1,-72.0,GTMA,,,EDF Trading Ltd,24.84,-72.0,-1788.48,F,Downward Reg,Downward Reg,2023-04-01T01:00:00Z,2023-04-01T02:00:00Z,2023-03-31T19:45:14.083Z,2023-03-31T19:45:57.9Z,2023-03-31T20:42:39Z
ES00239248,ES00239248,I2D-NEAS1,-50.0,GTMA,,,Centrica Energy Trading A/S,24.24,-50.0,-1212.0,F,Downward Reg,Downward Reg,2023-04-01T01:00:00Z,2023-04-01T02:00:00Z,2023-03-31T19:45:14.427Z,2023-03-31T19:45:49.76Z,2023-03-31T20:42:39Z
ES00239249,ES00239249,IFD-MFTE1,-101.0,GTMA,,,MFT Energy A/S,24.21,-101.0,-2445.21,F,Downward Reg,Downward Reg,2023-04-01T01:00:00Z,2023-04-01T02:00:00Z,2023-03-31T19:45:14.74Z,2023-03-31T19:46:05.587Z,2023-03-31T20:42:39Z
ES00239250,ES00239250,I2D-DSKC1,-50.0,GTMA,,,Danske Commodities A/S,24.06,-50.0,-1203.0,F,Downward Reg,Downward Reg,2023-04-01T01:00:00Z,2023-04-01T02:00:00Z,2023-03-31T19:45:15.083Z,2023-03-31T19:45:52.777Z,2023-03-31T20:42:39Z
ES00239251,ES00239251,IBD-NITR1,-50.0,GTMA,,,Nitor Energy A/S,24.0,-50.0,-1200.0,F,Downward Reg,Downward Reg,2023-04-01T01:00:00Z,2023-04-01T02:00:00Z,2023-03-31T19:45:15.397Z,2023-03-31T19:46:09.183Z,2023-03-31T20:42:39Z
ES00239252,ES00239252,IBD-EDMK1,-50.0,GTMA,,,Energi Danmark A/S,24.0,-50.0,-1200.0,F,Downward Reg,Downward Reg,2023-04-01T01:00:00Z,2023-04-01T02:00:00Z,2023-03-31T19:45:15.833Z,2023-03-31T19:46:03.743Z,2023-03-31T20:42:39Z
ES00239253,ES00239253,IND-CBST1,-25.0,GTMA,,,Cobblestone Energy Ltd,24.0,-25.0,-600.0,F,Downward Reg,Downward Reg,2023-04-01T01:00:00Z,2023-04-01T02:00:00Z,2023-03-31T19:45:16.287Z,2023-03-31T19:45:51.01Z,2023-03-31T20:42:39Z
ES00239254,ES00239254,IFD-NITR1,-48.0,GTMA,,,Nitor Energy A/S,23.0,-48.0,-1104.0,F,Downward Reg,Downward Reg,2023-04-01T01:00:00Z,2023-04-01T02:00:00Z,2023-03-31T19:45:16.693Z,2023-03-31T19:46:09.853Z,2023-03-31T20:42:39Z
ES00239255,ES00239255,I2D-NEAS1,-52.0,GTMA,,,Centrica Energy Trading A/S,22.92,-52.0,-1191.84,F,Downward Reg,Downward Reg,2023-04-01T01:00:00Z,2023-04-01T02:00:00Z,2023-03-31T19:45:17.037Z,2023-03-31T19:45:50.15Z,2023-03-31T20:42:39Z
ES00239256,ES00239256,IND-DARE1,-75.0,GTMA,,,Dare Power Ltd,22.3,-75.0,-1672.5,F,Downward Reg,Downward Reg,2023-04-01T01:00:00Z,2023-04-01T02:00:00Z,2023-03-31T19:45:17.38Z,2023-03-31T19:45:53.137Z,2023-03-31T20:42:39Z
ES00239257,ES00239257,IFD-OPMX1,-25.0,GTMA,,,Optimax Energy GmbH,21.65,-25.0,-541.25,F,Downward Reg,Downward Reg,2023-04-01T01:00:00Z,2023-04-01T02:00:00Z,2023-03-31T19:45:17.707Z,2023-03-31T19:46:10.29Z,2023-03-31T20:42:39Z
ES00239258,ES00239258,IBD-NITR1,-19.0,GTMA,,,Nitor Energy A/S,21.0,-19.0,-399.0,F,Downward Reg,Downward Reg,2023-04-01T01:00:00Z,2023-04-01T02:00:00Z,2023-03-31T19:45:18.037Z,2023-03-31T19:46:08.807Z,2023-03-31T20:42:39Z
ES00239259,ES00239259,IBD-EDMK1,-50.0,GTMA,,,Energi Danmark A/S,39.0,-50.0,-1950.0,F,Downward Reg,Downward Reg,2023-04-01T02:00:00Z,2023-04-01T03:00:00Z,2023-03-31T19:45:18.38Z,2023-03-31T19:46:02.137Z,2023-03-31T20:42:39Z
ES00239260,ES00239260,IBD-EDMK1,-50.0,GTMA,,,Energi Danmark A/S,34.0,-50.0,-1700.0,F,Downward Reg,Downward Reg,2023-04-01T02:00:00Z,2023-04-01T03:00:00Z,2023-03-31T19:45:19.02Z,2023-03-31T19:46:02.65Z,2023-03-31T20:42:39Z
ES00239261,ES00239261,IBD-NITR1,-50.0,GTMA,,,Nitor Energy A/S,30.0,-50.0,-1500.0,F,Downward Reg,Downward Reg,2023-04-01T02:00:00Z,2023-04-01T03:00:00Z,2023-03-31T19:45:19.333Z,2023-03-31T19:46:08.417Z,2023-03-31T20:42:39Z
ES00239262,ES00239262,IND-ELEE1,-50.0,GTMA,,,Electrabel SA,30.0,-50.0,-1500.0,F,Downward Reg,Downward Reg,2023-04-01T02:00:00Z,2023-04-01T03:00:00Z,2023-03-31T19:45:19.693Z,2023-03-31T19:46:00.213Z,2023-03-31T20:42:39Z
ES00239263,ES00239263,IND-DARE1,-50.0,GTMA,,,Dare Power Ltd,28.37,-50.0,-1418.5,F,Downward Reg,Downward Reg,2023-04-01T02:00:00Z,2023-04-01T03:00:00Z,2023-03-31T19:45:20.05Z,2023-03-31T19:45:53.557Z,2023-03-31T20:42:39Z
ES00239264,ES00239264,IND-ELEE1,-100.0,GTMA,,,Electrabel SA,27.0,-100.0,-2700.0,F,Downward Reg,Downward Reg,2023-04-01T02:00:00Z,2023-04-01T03:00:00Z,2023-03-31T19:45:20.537Z,2023-03-31T19:45:59.837Z,2023-03-31T20:42:39Z
ES00239265,ES00239265,IBD-NITR1,-50.0,GTMA,,,Nitor Energy A/S,27.0,-50.0,-1350.0,F,Downward Reg,Downward Reg,2023-04-01T02:00:00Z,2023-04-01T03:00:00Z,2023-03-31T19:45:20.847Z,2023-03-31T19:46:07.993Z,2023-03-31T20:42:39Z
ES00239266,ES00239266,IFD-NEAS1,-50.0,GTMA,,,Centrica Energy Trading A/S,25.56,-50.0,-1278.0,F,Downward Reg,Downward Reg,2023-04-01T02:00:00Z,2023-04-01T03:00:00Z,2023-03-31T19:45:21.193Z,2023-03-31T19:45:50.62Z,2023-03-31T20:42:39Z
ES00239267,ES00239267,IFD-MFTE1,-50.0,GTMA,,,MFT Energy A/S,25.07,-50.0,-1253.5,F,Downward Reg,Downward Reg,2023-04-01T02:00:00Z,2023-04-01T03:00:00Z,2023-03-31T19:45:21.49Z,2023-03-31T19:46:05.197Z,2023-03-31T20:42:39Z
ES00239268,ES00239268,IBD-EDMK1,-50.0,GTMA,,,Energi Danmark A/S,46.0,-50.0,-2300.0,F,Downward Reg,Downward Reg,2023-04-01T03:00:00Z,2023-04-01T04:00:00Z,2023-03-31T19:45:21.833Z,2023-03-31T19:46:04.337Z,2023-03-31T20:42:39Z
ES00239269,ES00239269,IBD-EDMK1,-50.0,GTMA,,,Energi Danmark A/S,41.0,-50.0,-2050.0,F,Downward Reg,Downward Reg,2023-04-01T03:00:00Z,2023-04-01T04:00:00Z,2023-03-31T19:45:22.177Z,2023-03-31T19:46:04.73Z,2023-03-31T20:42:39Z
ES00239270,ES00239270,IBD-DSKC1,-50.0,GTMA,,,Danske Commodities A/S,31.11,-50.0,-1555.5,F,Downward Reg,Downward Reg,2023-04-01T01:00:00Z,2023-04-01T02:00:00Z,2023-03-31T23:25:04.927Z,2023-03-31T23:26:16.993Z,2023-04-01T00:22:57Z
ES00239271,ES00239271,IBD-DSKC1,-50.0,GTMA,,,Danske Commodities A/S,28.84,-50.0,-1442.0,F,Downward Reg,Downward Reg,2023-04-01T01:00:00Z,2023-04-01T02:00:00Z,2023-03-31T23:25:06.08Z,2023-03-31T23:26:17.383Z,2023-04-01T00:22:57Z
ES00239272,ES00239272,IND-DARE1,-50.0,GTMA,,,Dare Power Ltd,28.2,-50.0,-1410.0,F,Downward Reg,Downward Reg,2023-04-01T01:00:00Z,2023-04-01T02:00:00Z,2023-03-31T23:25:06.363Z,2023-03-31T23:26:21.01Z,2023-04-01T00:22:57Z
ES00239273,ES00239273,IND-DARE1,-50.0,GTMA,,,Dare Power Ltd,28.2,-50.0,-1410.0,F,Downward Reg,Downward Reg,2023-04-01T01:00:00Z,2023-04-01T02:00:00Z,2023-03-31T23:25:06.643Z,2023-03-31T23:26:21.4Z,2023-04-01T00:22:57Z
ES00239274,ES00239274,IBD-EDMK1,-50.0,GTMA,,,Energi Danmark A/S,27.0,-50.0,-1350.0,F,Downward Reg,Downward Reg,2023-04-01T01:00:00Z,2023-04-01T02:00:00Z,2023-03-31T23:25:06.927Z,2023-03-31T23:26:36.29Z,2023-04-01T00:22:57Z
ES00239275,ES00239275,IBD-DSKC1,-50.0,GTMA,,,Danske Commodities A/S,26.56,-50.0,-1328.0,F,Downward Reg,Downward Reg,2023-04-01T01:00:00Z,2023-04-01T02:00:00Z,2023-03-31T23:25:07.207Z,2023-03-31T23:26:17.777Z,2023-04-01T00:22:57Z
ES00239276,ES00239276,IBD-DSKC1,-53.0,GTMA,,,Danske Commodities A/S,24.75,-53.0,-1311.75,F,Downward Reg,Downward Reg,2023-04-01T01:00:00Z,2023-04-01T02:00:00Z,2023-03-31T23:25:07.457Z,2023-03-31T23:26:18.167Z,2023-04-01T00:22:57Z
ES00239277,ES00239277,IBD-EDMK1,-50.0,GTMA,,,Energi Danmark A/S,24.0,-50.0,-1200.0,F,Downward Reg,Downward Reg,2023-04-01T01:00:00Z,2023-04-01T02:00:00Z,2023-03-31T23:25:07.77Z,2023-03-31T23:26:36.683Z,2023-04-01T00:22:57Z
ES00239280,ES00239280,IND-DSKC1,-75.0,GTMA,,,Danske Commodities A/S,23.46,-75.0,-1759.5,F,Downward Reg,Downward Reg,2023-04-01T01:00:00Z,2023-04-01T02:00:00Z,2023-03-31T23:25:08.583Z,2023-03-31T23:26:16.213Z,2023-04-01T00:22:57Z
ES00239281,ES00239281,IND-NEAS1,-74.0,GTMA,,,Centrica Energy Trading A/S,22.04,-74.0,-1630.96,F,Downward Reg,Downward Reg,2023-04-01T01:00:00Z,2023-04-01T02:00:00Z,2023-03-31T23:25:08.88Z,2023-03-31T23:26:09.337Z,2023-04-01T00:22:57Z
ES00239282,ES00239282,IBD-NTPL1,-100.0,GTMA,,,Northpool B.V.,22.0,-100.0,-2200.0,F,Downward Reg,Downward Reg,2023-04-01T01:00:00Z,2023-04-01T02:00:00Z,2023-03-31T23:25:09.16Z,2023-03-31T23:26:42.417Z,2023-04-01T00:22:57Z
ES00239283,ES00239283,IBD-EDMK1,-50.0,GTMA,,,Energi Danmark A/S,21.0,-50.0,-1050.0,F,Downward Reg,Downward Reg,2023-04-01T01:00:00Z,2023-04-01T02:00:00Z,2023-03-31T23:25:09.41Z,2023-03-31T23:26:35.9Z,2023-04-01T00:22:57Z
ES00239284,ES00239284,IND-DSKC1,-75.0,GTMA,,,Danske Commodities A/S,20.75,-75.0,-1556.25,F,Downward Reg,Downward Reg,2023-04-01T01:00:00Z,2023-04-01T02:00:00Z,2023-03-31T23:25:09.69Z,2023-03-31T23:26:16.603Z,2023-04-01T00:22:57Z
ES00239286,ES00239286,IND-EDFT1,-48.0,GTMA,,,EDF Trading Ltd,17.2,-48.0,-825.6,F,Downward Reg,Downward Reg,2023-04-01T01:00:00Z,2023-04-01T02:00:00Z,2023-03-31T23:25:10.41Z,2023-03-31T23:26:32.65Z,2023-04-01T00:22:57Z
ES00239289,ES00239289,IND-NEAS1,-124.0,GTMA,,,Centrica Energy Trading A/S,27.66,-124.0,-3429.84,F,Downward Reg,Downward Reg,2023-04-01T02:00:00Z,2023-04-01T03:00:00Z,2023-03-31T23:25:11.207Z,2023-03-31T23:26:09.76Z,2023-04-01T00:22:57Z
ES00239290,ES00239290,IFD-MFTE1,-52.0,GTMA,,,MFT Energy A/S,27.13,-52.0,-1410.76,F,Downward Reg,Downward Reg,2023-04-01T02:00:00Z,2023-04-01T03:00:00Z,2023-03-31T23:25:11.487Z,2023-03-31T23:26:38.667Z,2023-04-01T00:22:57Z
ES00239291,ES00239291,IBD-EDMK1,-50.0,GTMA,,,Energi Danmark A/S,27.0,-50.0,-1350.0,F,Downward Reg,Downward Reg,2023-04-01T02:00:00Z,2023-04-01T03:00:00Z,2023-03-31T23:25:11.737Z,2023-03-31T23:26:37.057Z,2023-04-01T00:22:57Z
ES00239292,ES00239292,IBD-DSKC1,-50.0,GTMA,,,Danske Commodities A/S,26.97,-50.0,-1348.5,F,Downward Reg,Downward Reg,2023-04-01T02:00:00Z,2023-04-01T03:00:00Z,2023-03-31T23:25:12.02Z,2023-03-31T23:26:15.4Z,2023-04-01T00:22:57Z
ES00239293,ES00239293,IND-EDFT1,-100.0,GTMA,,,EDF Trading Ltd,25.8,-100.0,-2580.0,F,Downward Reg,Downward Reg,2023-04-01T02:00:00Z,2023-04-01T03:00:00Z,2023-03-31T23:25:12.287Z,2023-03-31T23:26:32.26Z,2023-04-01T00:22:57Z
ES00239295,ES00239295,IBD-DSKC1,-50.0,GTMA,,,Danske Commodities A/S,24.69,-50.0,-1234.5,F,Downward Reg,Downward Reg,2023-04-01T02:00:00Z,2023-04-01T03:00:00Z,2023-03-31T23:25:12.817Z,2023-03-31T23:26:15.823Z,2023-04-01T00:22:57Z
ES00239296,ES00239296,IBD-EDMK1,-50.0,GTMA,,,Energi Danmark A/S,24.0,-50.0,-1200.0,F,Downward Reg,Downward Reg,2023-04-01T02:00:00Z,2023-04-01T03:00:00Z,2023-03-31T23:25:13.083Z,2023-03-31T23:26:37.447Z,2023-04-01T00:22:57Z
ES00239297,ES00239297,IND-DARE1,-50.0,GTMA,,,Dare Power Ltd,23.8,-50.0,-1190.0,F,Downward Reg,Downward Reg,2023-04-01T02:00:00Z,2023-04-01T03:00:00Z,2023-03-31T23:25:13.363Z,2023-03-31T23:26:23.73Z,2023-04-01T00:22:57Z
ES00239298,ES00239298,IND-DARE1,-50.0,GTMA,,,Dare Power Ltd,23.8,-50.0,-1190.0,F,Downward Reg,Downward Reg,2023-04-01T02:00:00Z,2023-04-01T03:00:00Z,2023-03-31T23:25:13.613Z,2023-03-31T23:26:24.133Z,2023-04-01T00:22:57Z
ES00239299,ES00239299,IBD-DSKC1,-50.0,GTMA,,,Danske Commodities A/S,22.42,-50.0,-1121.0,F,Downward Reg,Downward Reg,2023-04-01T02:00:00Z,2023-04-01T03:00:00Z,2023-03-31T23:25:13.893Z,2023-03-31T23:26:14.963Z,2023-04-01T00:22:57Z
ES00239301,ES00239301,IBD-NTPL1,-100.0,GTMA,,,Northpool B.V.,22.0,-100.0,-2200.0,F,Downward Reg,Downward Reg,2023-04-01T02:00:00Z,2023-04-01T03:00:00Z,2023-03-31T23:25:14.427Z,2023-03-31T23:26:41.603Z,2023-04-01T00:22:57Z
ES00239302,ES00239302,IBD-EDMK1,-49.0,GTMA,,,Energi Danmark A/S,21.0,-49.0,-1029.0,F,Downward Reg,Downward Reg,2023-04-01T02:00:00Z,2023-04-01T03:00:00Z,2023-03-31T23:25:14.69Z,2023-03-31T23:26:35.527Z,2023-04-01T00:22:57Z
ES00239303,ES00239303,IND-DARE1,-50.0,GTMA,,,Dare Power Ltd,30.9,-50.0,-1545.0,F,Downward Reg,Downward Reg,2023-04-01T03:00:00Z,2023-04-01T04:00:00Z,2023-03-31T23:25:15.003Z,2023-03-31T23:26:24.963Z,2023-04-01T00:22:57Z
ES00239304,ES00239304,IND-DARE1,-50.0,GTMA,,,Dare Power Ltd,30.9,-50.0,-1545.0,F,Downward Reg,Downward Reg,2023-04-01T03:00:00Z,2023-04-01T04:00:00Z,2023-03-31T23:25:15.253Z,2023-03-31T23:26:25.417Z,2023-04-01T00:22:57Z
ES00239306,ES00239306,IND-NEAS1,-150.0,GTMA,,,Centrica Energy Trading A/S,29.95,-150.0,-4492.5,F,Downward Reg,Downward Reg,2023-04-01T03:00:00Z,2023-04-01T04:00:00Z,2023-03-31T23:25:15.863Z,2023-03-31T23:26:10.15Z,2023-04-01T00:22:57Z
ES00239308,ES00239308,IBD-NITR1,-50.0,GTMA,,,Nitor Energy A/S,28.0,-50.0,-1400.0,F,Downward Reg,Downward Reg,2023-04-01T03:00:00Z,2023-04-01T04:00:00Z,2023-03-31T23:25:16.393Z,2023-03-31T23:26:39.073Z,2023-04-01T00:22:57Z
ES00239309,ES00239309,IBD-EDMK1,-50.0,GTMA,,,Energi Danmark A/S,27.0,-50.0,-1350.0,F,Downward Reg,Downward Reg,2023-04-01T03:00:00Z,2023-04-01T04:00:00Z,2023-03-31T23:25:16.723Z,2023-03-31T23:26:34.933Z,2023-04-01T00:22:57Z
ES00239310,ES00239310,IBD-NTPL1,-100.0,GTMA,,,Northpool B.V.,26.4,-100.0,-2640.0,F,Downward Reg,Downward Reg,2023-04-01T03:00:00Z,2023-04-01T04:00:00Z,2023-03-31T23:25:16.973Z,2023-03-31T23:26:41.197Z,2023-04-01T00:22:57Z
ES00239311,ES00239311,IBD-NITR1,-50.0,GTMA,,,Nitor Energy A/S,26.0,-50.0,-1300.0,F,Downward Reg,Downward Reg,2023-04-01T03:00:00Z,2023-04-01T04:00:00Z,2023-03-31T23:25:17.223Z,2023-03-31T23:26:39.603Z,2023-04-01T00:22:57Z
ES00239312,ES00239312,IND-EDFT1,-100.0,GTMA,,,EDF Trading Ltd,25.8,-100.0,-2580.0,F,Downward Reg,Downward Reg,2023-04-01T03:00:00Z,2023-04-01T04:00:00Z,2023-03-31T23:25:17.52Z,2023-03-31T23:26:31.883Z,2023-04-01T00:22:57Z
ES00239316,ES00239316,IBD-DSKC1,-50.0,GTMA,,,Danske Commodities A/S,25.32,-50.0,-1266.0,F,Downward Reg,Downward Reg,2023-04-01T03:00:00Z,2023-04-01T04:00:00Z,2023-03-31T23:25:18.677Z,2023-03-31T23:26:14.557Z,2023-04-01T00:22:57Z
ES00239317,ES00239317,IND-NEAS1,-75.0,GTMA,,,Centrica Energy Trading A/S,25.12,-75.0,-1884.0,F,Downward Reg,Downward Reg,2023-04-01T03:00:00Z,2023-04-01T04:00:00Z,2023-03-31T23:25:18.94Z,2023-03-31T23:26:10.54Z,2023-04-01T00:22:57Z
ES00239318,ES00239318,IBD-NEAS1,-49.0,GTMA,,,Centrica Energy Trading A/S,31.18,-49.0,-1527.82,F,Downward Reg,Downward Reg,2023-04-01T04:00:00Z,2023-04-01T05:00:00Z,2023-03-31T23:25:19.223Z,2023-03-31T23:26:10.917Z,2023-04-01T00:22:57Z
ES00239319,ES00239319,IND-ELEE1,-50.0,GTMA,,,Electrabel SA,30.0,-50.0,-1500.0,F,Downward Reg,Downward Reg,2023-04-01T04:00:00Z,2023-04-01T05:00:00Z,2023-03-31T23:25:19.52Z,2023-03-31T23:26:33.79Z,2023-04-01T00:22:57Z
ES00239320,ES00239320,IBD-NITR1,-50.0,GTMA,,,Nitor Energy A/S,29.0,-50.0,-1450.0,F,Downward Reg,Downward Reg,2023-04-01T04:00:00Z,2023-04-01T05:00:00Z,2023-03-31T23:25:19.787Z,2023-03-31T23:26:39.993Z,2023-04-01T00:22:57Z
ES00239321,ES00239321,IND-CBST1,-25.0,GTMA,,,Cobblestone Energy Ltd,29.0,-25.0,-725.0,F,Downward Reg,Downward Reg,2023-04-01T04:00:00Z,2023-04-01T05:00:00Z,2023-03-31T23:25:20.037Z,2023-03-31T23:26:12.197Z,2023-04-01T00:22:57Z
ES00239322,ES00239322,IND-DARE1,-50.0,GTMA,,,Dare Power Ltd,28.2,-50.0,-1410.0,F,Downward Reg,Downward Reg,2023-04-01T04:00:00Z,2023-04-01T05:00:00Z,2023-03-31T23:25:20.35Z,2023-03-31T23:26:27.417Z,2023-04-01T00:22:57Z
ES00239323,ES00239323,IND-DARE1,-50.0,GTMA,,,Dare Power Ltd,28.2,-50.0,-1410.0,F,Downward Reg,Downward Reg,2023-04-01T04:00:00Z,2023-04-01T05:00:00Z,2023-03-31T23:25:20.583Z,2023-03-31T23:26:27.823Z,2023-04-01T00:22:57Z
ES00239324,ES00239324,IND-ELEE1,-50.0,GTMA,,,Electrabel SA,28.0,-50.0,-1400.0,F,Downward Reg,Downward Reg,2023-04-01T04:00:00Z,2023-04-01T05:00:00Z,2023-03-31T23:25:20.85Z,2023-03-31T23:26:33.4Z,2023-04-01T00:22:57Z
ES00239325,ES00239325,IBD-DSKC1,-50.0,GTMA,,,Danske Commodities A/S,27.79,-50.0,-1389.5,F,Downward Reg,Downward Reg,2023-04-01T04:00:00Z,2023-04-01T05:00:00Z,2023-03-31T23:25:21.13Z,2023-03-31T23:26:13.777Z,2023-04-01T00:22:57Z
ES00239326,ES00239326,IBD-EDMK1,-50.0,GTMA,,,Energi Danmark A/S,27.0,-50.0,-1350.0,F,Downward Reg,Downward Reg,2023-04-01T04:00:00Z,2023-04-01T05:00:00Z,2023-03-31T23:25:21.397Z,2023-03-31T23:26:34.557Z,2023-04-01T00:22:57Z
ES00239327,ES00239327,IND-CBST1,-25.0,GTMA,,,Cobblestone Energy Ltd,27.0,-25.0,-675.0,F,Downward Reg,Downward Reg,2023-04-01T04:00:00Z,2023-04-01T05:00:00Z,2023-03-31T23:25:21.647Z,2023-03-31T23:26:12.587Z,2023-04-01T00:22:57Z
ES00239328,ES00239328,IBD-NITR1,-50.0,GTMA,,,Nitor Energy A/S,27.0,-50.0,-1350.0,F,Downward Reg,Downward Reg,2023-04-01T04:00:00Z,2023-04-01T05:00:00Z,2023-03-31T23:25:22.067Z,2023-03-31T23:26:40.387Z,2023-04-01T00:22:57Z
ES00239329,ES00239329,IBD-NTPL1,-100.0,GTMA,,,Northpool B.V.,26.4,-100.0,-2640.0,F,Downward Reg,Downward Reg,2023-04-01T04:00:00Z,2023-04-01T05:00:00Z,2023-03-31T23:25:22.333Z,2023-03-31T23:26:40.777Z,2023-04-01T00:22:57Z
ES00239330,ES00239330,IND-ELEE1,-100.0,GTMA,,,Electrabel SA,26.0,-100.0,-2600.0,F,Downward Reg,Downward Reg,2023-04-01T04:00:00Z,2023-04-01T05:00:00Z,2023-03-31T23:25:22.583Z,2023-03-31T23:26:34.183Z,2023-04-01T00:22:57Z
ES00239331,ES00239331,IFD-EDFT1,-100.0,GTMA,,,EDF Trading Ltd,25.8,-100.0,-2580.0,F,Downward Reg,Downward Reg,2023-04-01T04:00:00Z,2023-04-01T05:00:00Z,2023-03-31T23:25:22.897Z,2023-03-31T23:26:31.12Z,2023-04-01T00:22:57Z
ES00239332,ES00239332,IND-EDFT1,-100.0,GTMA,,,EDF Trading Ltd,25.8,-100.0,-2580.0,F,Downward Reg,Downward Reg,2023-04-01T04:00:00Z,2023-04-01T05:00:00Z,2023-03-31T23:25:23.223Z,2023-03-31T23:26:31.493Z,2023-04-01T00:22:57Z
ES00239333,ES00239333,IBD-DSKC1,-50.0,GTMA,,,Danske Commodities A/S,25.52,-50.0,-1276.0,F,Downward Reg,Downward Reg,2023-04-01T04:00:00Z,2023-04-01T05:00:00Z,2023-03-31T23:25:23.49Z,2023-03-31T23:26:14.167Z,2023-04-01T00:22:57Z
ES00239334,ES00239334,IND-CBST1,-50.0,GTMA,,,Cobblestone Energy Ltd,25.0,-50.0,-1250.0,F,Downward Reg,Downward Reg,2023-04-01T04:00:00Z,2023-04-01T05:00:00Z,2023-03-31T23:25:23.77Z,2023-03-31T23:26:12.977Z,2023-04-01T00:22:57Z
ES00239335,ES00239335,I2D-EDFT1,-1.0,GTMA,,,EDF Trading Ltd,24.01,-1.0,-24.01,F,Downward Reg,Downward Reg,2023-04-01T04:00:00Z,2023-04-01T05:00:00Z,2023-03-31T23:25:24.02Z,2023-03-31T23:26:30.73Z,2023-04-01T00:22:57Z
ES00239336,ES00239336,IBD-DARE1,-50.0,GTMA,,,Dare Power Ltd,44.7,-50.0,-2235.0,F,Downward Reg,Downward Reg,2023-04-01T05:00:00Z,2023-04-01T06:00:00Z,2023-03-31T23:25:24.287Z,2023-03-31T23:26:29.087Z,2023-04-01T00:22:57Z
ES00239337,ES00239337,IBD-DARE1,-50.0,GTMA,,,Dare Power Ltd,44.7,-50.0,-2235.0,F,Downward Reg,Downward Reg,2023-04-01T05:00:00Z,2023-04-01T06:00:00Z,2023-03-31T23:25:24.583Z,2023-03-31T23:26:29.527Z,2023-04-01T00:22:57Z
ES00239338,ES00239338,IBD-DARE1,-75.0,GTMA,,,Dare Power Ltd,41.18,-75.0,-3088.5,F,Downward Reg,Downward Reg,2023-04-01T05:00:00Z,2023-04-01T06:00:00Z,2023-03-31T23:25:24.833Z,2023-03-31T23:26:29.917Z,2023-04-01T00:22:57Z
ES00239339,ES00239339,IBD-DARE1,-75.0,GTMA,,,Dare Power Ltd,41.18,-75.0,-3088.5,F,Downward Reg,Downward Reg,2023-04-01T05:00:00Z,2023-04-01T06:00:00Z,2023-03-31T23:25:25.1Z,2023-03-31T23:26:30.307Z,2023-04-01T00:22:57Z
ES00239340,ES00239340,IND-CBST1,-25.0,GTMA,,,Cobblestone Energy Ltd,40.0,-25.0,-1000.0,F,Downward Reg,Downward Reg,2023-04-01T05:00:00Z,2023-04-01T06:00:00Z,2023-03-31T23:25:25.397Z,2023-03-31T23:26:13.37Z,2023-04-01T00:22:57Z
ES00239341,ES00239341,IND-DARE1,-50.0,GTMA,,,Dare Power Ltd,39.93,-50.0,-1996.5,F,Downward Reg,Downward Reg,2023-04-01T05:00:00Z,2023-04-01T06:00:00Z,2023-03-31T23:25:25.66Z,2023-03-31T23:26:28.26Z,2023-04-01T00:22:57Z
ES00239342,ES00239342,IND-DARE1,-50.0,GTMA,,,Dare Power Ltd,39.93,-50.0,-1996.5,F,Downward Reg,Downward Reg,2023-04-01T05:00:00Z,2023-04-01T06:00:00Z,2023-03-31T23:25:26.003Z,2023-03-31T23:26:28.683Z,2023-04-01T00:22:57Z
ES00239343,ES00239343,IBD-NEAS1,-150.0,GTMA,,,Centrica Energy Trading A/S,39.87,-150.0,-5980.5,F,Downward Reg,Downward Reg,2023-04-01T05:00:00Z,2023-04-01T06:00:00Z,2023-03-31T23:25:26.333Z,2023-03-31T23:26:11.383Z,2023-04-01T00:22:57Z
ES00239344,ES00239344,IBD-EDMK1,-50.0,GTMA,,,Energi Danmark A/S,39.0,-50.0,-1950.0,F,Downward Reg,Downward Reg,2023-04-01T05:00:00Z,2023-04-01T06:00:00Z,2023-03-31T23:25:26.63Z,2023-03-31T23:26:37.887Z,2023-04-01T00:22:57Z
ES00239345,ES00239345,IBD-EDFT1,-100.0,GTMA,,,EDF Trading Ltd,38.57,-100.0,-3857.0,F,Downward Reg,Downward Reg,2023-04-01T05:00:00Z,2023-04-01T06:00:00Z,2023-03-31T23:25:26.88Z,2023-03-31T23:26:33.027Z,2023-04-01T00:22:57Z
ES00239346,ES00239346,IBD-DSKC1,-50.0,GTMA,,,Danske Commodities A/S,38.55,-50.0,-1927.5,F,Downward Reg,Downward Reg,2023-04-01T05:00:00Z,2023-04-01T06:00:00Z,2023-03-31T23:25:27.147Z,2023-03-31T23:26:18.963Z,2023-04-01T00:22:57Z
ES00239347,ES00239347,IND-CBST1,-25.0,GTMA,,,Cobblestone Energy Ltd,38.0,-25.0,-950.0,F,Downward Reg,Downward Reg,2023-04-01T05:00:00Z,2023-04-01T06:00:00Z,2023-03-31T23:25:27.41Z,2023-03-31T23:26:11.807Z,2023-04-01T00:22:57Z
ES00239348,ES00239348,IBD-DARE1,-75.0,GTMA,,,Dare Power Ltd,37.66,-75.0,-2824.5,F,Downward Reg,Downward Reg,2023-04-01T05:00:00Z,2023-04-01T06:00:00Z,2023-03-31T23:25:27.66Z,2023-03-31T23:26:19.353Z,2023-04-01T00:22:57Z
ES00239349,ES00239349,IBD-DARE1,-75.0,GTMA,,,Dare Power Ltd,37.66,-75.0,-2824.5,F,Downward Reg,Downward Reg,2023-04-01T05:00:00Z,2023-04-01T06:00:00Z,2023-03-31T23:25:27.927Z,2023-03-31T23:26:19.76Z,2023-04-01T00:22:57Z
ES00239350,ES00239350,IBD-DSKC1,-50.0,GTMA,,,Danske Commodities A/S,36.28,-50.0,-1814.0,F,Downward Reg,Downward Reg,2023-04-01T05:00:00Z,2023-04-01T06:00:00Z,2023-03-31T23:25:28.193Z,2023-03-31T23:26:18.573Z,2023-04-01T00:22:57Z
ES00239351,ES00239351,IBD-EDMK1,-50.0,GTMA,,,Energi Danmark A/S,36.0,-50.0,-1800.0,F,Downward Reg,Downward Reg,2023-04-01T05:00:00Z,2023-04-01T06:00:00Z,2023-03-31T23:25:28.443Z,2023-03-31T23:26:38.277Z,2023-04-01T00:22:57Z
ES00239352,ES00239352,RYHPS-1,130.0,Spread Index Voltage Contract,England&Wales,,Vitol SA,181.0,1040.0,188240.0,T,VLONBAR,V_LONBAR,2023-04-01T22:00:00Z,2023-04-02T06:00:00Z,2023-04-01T13:51:46.017Z,2023-04-01T13:57:32.32Z,2023-04-01T13:51:44Z
ES00239353,ES00239353,LBAR-1,375.0,Spread Index Voltage Contract,,,RWE Supply & Trading GmbH,24.25,3000.0,72750.0,T,VLONBAR,V_LONBAR,2023-04-01T22:00:00Z,2023-04-02T06:00:00Z,2023-04-01T14:00:19.563Z,2023-04-01T14:04:32.21Z,2023-04-01T14:00:18Z
ES00239354,ES00239354,PEMB-21,219.0,GTMA,,,RWE Supply & Trading GmbH,200.0,1533.0,306600.0,T,VPEMB,V_SOUTHWALES,2023-04-01T22:00:00Z,2023-04-02T05:00:00Z,2023-04-01T14:51:58.573Z,2023-04-01T15:14:01.5Z,2023-04-01T14:51:56Z
ES00239355,ES00239355,PEMB-41,219.0,GTMA,,,RWE Supply & Trading GmbH,200.0,1533.0,306600.0,T,VPEMB,V_SOUTHWALES,2023-04-01T22:00:00Z,2023-04-02T05:00:00Z,2023-04-01T14:54:08.537Z,2023-04-01T15:14:29.707Z,2023-04-01T14:54:07Z
ES00239356,ES00239356,LAGA-1,400.0,GTMA,,,EP UK Investments Ltd,175.0,3200.0,560000.0,T,VHAMPSPEN,V_SWPEN,2023-04-01T22:00:00Z,2023-04-02T06:00:00Z,2023-04-01T15:01:20.513Z,2023-04-01T15:02:46.22Z,2023-04-01T15:01:19Z
ES00239357,ES00239357,STAY-1,195.0,GTMA,,,RWE Supply & Trading GmbH,190.0,1560.0,296400.0,T,VMIDLANDS,V_MIDLANDS,2023-04-01T22:00:00Z,2023-04-02T06:00:00Z,2023-04-01T15:15:42.5Z,2023-04-01T15:17:10.063Z,2023-04-01T15:15:41Z
ES00239358,ES00239358,DIDCB5,200.0,GTMA,,,RWE Supply & Trading GmbH,185.0,1600.0,296000.0,T,VSWALES,V_SOUTHWALES,2023-04-01T22:00:00Z,2023-04-02T06:00:00Z,2023-04-01T16:11:15.087Z,2023-04-01T16:12:58.117Z,2023-04-01T16:11:13Z
ES00239359,ES00239359,RYHPS-1,130.0,Spread Index Voltage Contract,England&Wales,,Vitol SA,181.0,1040.0,188240.0,T,VLONBAR,V_LONBAR,2023-04-02T22:00:00Z,2023-04-03T06:00:00Z,2023-04-02T13:42:11.86Z,2023-04-02T13:59:27.993Z,2023-04-02T13:42:10Z
ES00239360,ES00239360,GRAI-6,135.0,GTMA,,,Uniper Global Commodities SE,186.0,945.0,175770.0,T,VESTUARY,V_SOUTHEAST,2023-04-02T22:00:00Z,2023-04-03T05:00:00Z,2023-04-02T15:47:41.85Z,2023-04-02T15:49:30.173Z,2023-04-02T15:47:40Z
