﻿CP Code,IFA1 - Buy,IFA1 - Sell,BN - Buy,BN - Sell,NEMO - Buy,NEMO - Sell,IFA2 - Buy,IFA2 - Sell,EL - Buy,EL - Sell,VKL - Buy,VKL - Sell
BCM,IFG-PLAN1,IFD-PLAN1,,,,,I2G-PLAN1,I2D-PLAN1,,,,
BKW,IFG-BKWE1,IFD-BKWE1,IBG-BKWE1,IBD-BKWE1,ING-BKWE1,IND-BKWE1,I2G-BKWE1,I2D-BKWE1,ILG-BKWE1,ILD-BKWE1,,
CAC,IFG-CACM1 ,IFD-CACM1 ,IBG-CACM1,IBD-CACM1,ING-CACM1 ,IND-CACM1,I2G-CACM1 ,I2D-CACM1 ,,,IVG-CACM1,IVD-CACM1
CET,IFG-COPN1,IFD-COPN1,IBG-COPN1,IBD-COPN1,ING-COPN1,IND-COPN1,I2G-COPN1,I2D-COPN1,,,IVG-COPN1,IVD-COPN1
COBBLE,IFG-DMCC1,IFD-DMCC1,IBG-DMCC1,IBD-DMCC1,ING-DMCC1,IND-DMCC1,I2G-DMCC1,I2D-DMCC1,ILG-DMCC1,ILD-DMCC1,,
DANSKE,IFG-DSKC1,IFD-DSKC1,IBG-DSKC1,IBD-DSKC1,ING-DSKC1,IND-DSKC1,I2G-DSKC1,I2D-DSKC1,ILG-DSKC1,ILD-DSKC1,IVG-DSKC1,IVD-DSKC1
DARE,IFG-DARE1,IFD-DARE1,IBG-DARE1,IBD-DARE1,ING-DARE1,IND-DARE1,I2G-DARE1,I2D-DARE1,ILG-DARE1,ILD-DARE1,IVG-DARE1,IVD-DARE1
DCENERGY,,,IBG-IDCE1,IBD-IDCE1,ING-IDCE1,IND-IDCE1,,,,,,
DVALIN,IFG-DVAL1,IFD-DVAL1,IBG-DVAL1,IBD-DVAL1,ING-DVAL1,IND-DVAL1,I2G-DVAL1,I2D-DVAL1,ILG-DVAL1,ILD-DVAL1,IVG-DVAL1,IVD-DVAL1
DXT,IFG-DUFE1,IFD-DUFE1,IBG-DUFE1,IBD-DUFE1,ING-DUFE1,IND-DUFE1,I2G-DUGE1,I2D-DUGE1,ILG-DUFE1,ILD-DUFE1,,
EDFT,IFG-EDFT1,IFD-EDFT1,IBG-EDFT1,IBD-EDFT1,ING-EDFT1,IND-EDFT1,I2G-EDFT1,I2D-EDFT1,ILG-EDFT1 ,ILD-EDFT1 ,,
ELECTRABEL,IFG-ELEE1,IFD-ELEE1,IBG-ELEE1,IBD-ELEE1,ING-ELEE1,IND-ELEE1,I2G-ELEE1,I2D-ELEE1,,,,
ELECTRO,IFG-ELTR1,IFD-ELTR1,IBG-ELTR1,IBD-ELTR1,ING-ELTR1,IND-ELTR1,I2G-ELTR1,I2D-ELTR1,ILG-ELTR1,ILD-ELTR1,,
ENERGETECH,IFG-ENTC1,IFD-ENTC1,IBG-ENTC1,IBD-ENTC1,ING-ENTC1,IND-ENTC1,I2G-ENTC1,I2D-ENTC1,ILG-ENTC1,ILD-ENTC1,,
ENERGIDAN,IFG-EDMK1,IFD-EDMK1,IBG-EDMK1,IBD-EDMK1,ING-EDMK1,IND-EDMK1,I2G-EDMK1,I2D-EDMK1,ILG-EDMK1,ILD-EDMK1,IVG-EDMK1,IVD-EDMK1
ENZEE,IFG-EZCO1,IFD-EZCO1,IBG-EZCO1,IBD-EZCO1,ING-EZCO1,IND-EZCO1,I2G-EZCO1,I2D-EZCO1,ILG-EZCO1,ILD-EZCO1,IVG-EZCO1,IVD-EZCO1
HELIOS,IFG-HELI1,IFD-HELI1,IBG-HELI1,IBD-HELI1,ING-HELI1,IND-HELI1,I2G-HELI1,I2D-HELI1,ILG-HELI1,ILD-HELI1,IVG-HELI1,IVD-HELI1
INCOM,IFG-INCM1,IFD-INCM1,IBG-INCM1,IBD-INCM1,ING-INCM1,IND-INCM1,I2G-INCM1,I2D-INCM1,ILG-INCM1,ILD-INCM1,IVG-INCM1,IVD-INCM1
MFT,IFG-MFTE1,IFD-MFTE1,IBG-MFTE1,IBD-MFTE1,ING-MFTE1,IND-MFTE1,I2G-MFTE1,I2D-MFTE1,ILG-MFTE1,ILD-MFTE1,IVG-MFTE1,IVD-MFTE1
NEAS,IFG-NEAS1,IFD-NEAS1,IBG-NEAS1,IBD-NEAS1,ING-NEAS1,IND-NEAS1,I2G-NEAS1,I2D-NEAS1,ILG-NEAS1 ,ILD-NEAS1 ,IVG-NEAS1,IVD-NEAS1
NEH,IFG-NEHO1,IFD-NEHO1,IBG-NEHO1,IBD-NEHO1,ING-NEHO1,IND-NEHO1,I2G-NEHO1,I2D-NEHO1,ILG-NEHO1,ILD-NEHO1,IVG-NEHO1,IVD-NEHO1
NITOR,IFG-NITR1,IFD-NITR1,IBG-NITR1,IBD-NITR1,ING-NITR1,IND-NITR1,I2G-NITR1,I2D-NITR1,ILG-NITR1,ILD-NITR1,IVG-NITR1,IVD-NITR1
NORLYS,IFG-NORL1,IFD-NORL1,IBG-NORL1,IBD-NORL1,ING-NORL1,IND-NORL1,I2G-NORL1,I2D-NORL1,ILG-NORL1,ILD-NORL1,IVG-NORL1,IVD-NORL1
NORTHPOOL,IFG-NTPL1,IFD-NTPL1,IBG-NTPL1,IBD-NTPL1,ING-NTPL1,IND-NTPL1,I2G-NTPL1,I2D-NTPL1,ILG-NTPL1 ,ILD-NTPL1 ,IVG-NTPL1,IVD-NTPL1
OPTIMAX,IFG-OPMX1,IFD-OPMX1,IBG-OPMX1,IBD-OPMX1,ING-OPMX1,IND-OPMX1,I2G-OPMX1,I2D-OPMX1,ILG-OPMX1,ILD-OPMX1,IVG-OPMX1,IVD-OPMX1
OUTLOOK,IFG-OUTL1,IFD-OUTL1,IBG-OUTL1,IBD-OUTL1,ING-OUTL1,IND-OUTL1,I2G-OUTL1,I2D-OUTL1,ILG-OUTL1,ILD-OUTL1,IVG-OUTL1,IVD-OUTL1
POWERMAR,IFG-PWMR1,IFD-PWMR1,IBG-PWMR1,IBD-PWMR1,ING-PWMR1,IND-PWMR1,I2G-PWMR1,I2D-PWMR1,ILG-PWMR1,ILD-PWMR1,IVG-PWMR1,IVD-PWMR1
QUENT,IFG-QUEN1,IFD-QUEN1,IBG-QUEN1,IBD-QUEN1,ING-QUEN1,IND-QUEN1,I2G-QUEN1,I2D-QUEN1,,,IVG-QUEN1,IVD-QUEN1
SHELL,IFG-SETL1,IFD-SETL1,IBG-SETL1,IBD-SETL1,ING-SETL1,IND-SETL1,I2G-SETL1,I2D-SETL1,ILG-SETL1,ILD-SETL1,,
SSE,IFG-SSEG1,IFD-SSEG1,IBG-SSEG1,IBD-SSEG1,ING-SSEG1,IND-SSEG1,I2G-SSEG1,I2D-SSEG1,,,,
TRAIL,IFG-TRLS1,IFD-TRLS1,IBG-TRLS1,IBD-TRLS1,ING-TRLS1,IND-TRLS1,I2G-TRLS1,I2D-TRLS1,ILG-TRLS1 ,ILD-TRLS1 ,IVG-TRLS1,IVD-TRLS1
VATTENFALL,IFG-VTFS1,IFD-VTFS1,IBG-VETR1,IBD-VETR1,ING-VTET1,IND-VTET1,I2G-VTET1 ,I2D-VTET1,ILG-VTFS1,ILD-VTFS1,,
VITOL,IFG-VSAL1,IFD-VSAL1,IBG-VSAL1,IBD-VSAL1,ING-VSAL1,IND-VSAL1,I2G-VSAL1,I2D-VSAL1,,,,
XENON,IFG-XNON1   ,IFD-XNON1   ,IBG-XNON1,IBD-XNON1,ING-XNON1   ,IND-XNON1   ,I2G-XNON1,I2D-XNON1,ILG-XNON1 ,ILD-XNON1 ,,
CETAM,,,IBG-CETA1,IBD-CETA1,ING-CETA1,IND-CETA1,,,,,,
GAZPROM,IFG-GAZP1,IFD-GAZP1,IBG-GAZP1,IBD-GAZP1,ING-GAZP1,IND-GAZP1,I2G-GAZP1,I2D-GAZP1,ILG-SEFE1,ILD-SEFE1,IVG-SEFE1,IVD-SEFE1
STG,IFG-STGS1,IFD-STGS1,IBG-STGS1,IBD-STGS1,ING-STGS1,IND-STGS1,I2G-STGS1,I2D-STGS1,ILG-STGS1,ILD-STGS1,IVG-STGS1,IVD-STGS1
CONVEX,IFG-CONV1,IFD-CONV1,IBG-CONV1,IBD-CONV1,ING-CONV1,IND-CONV1,I2G-CONV1,I2D-CONV1,ILG-CONV1,ILD-CONV1,IVG-CONV1,IVD-CONV1
BAYWA,IFG-BAYW1,IFD-BAYW1,,,,,I2G-BAYW1,I2D-BAYW1,ILG-BAYW1,ILD-BAYW1,,
VOLT1,IFG-VOLT1,IFD-VOLT1,IBG-VOLT1,IBD-VOLT1,ING-VOLT1,IND-VOLT1,I2G-VOLT1,I2D-VOLT1,ILG-VOLT1,ILD-VOLT1,IVG-VOLT1,IVD-VOLT1
QTPT1,IFG-QTPT1,IFD-QTPT1,IBG-QTPT1,IBD-QTPT1,,,I2G-QTPT1,I2D-QTPT1,,,IVG-QTPT1,IVD-QTPT1
AED75443,IFG-ATLS1,IFD-ATLS1,IBG-ATLS1,IBD-ATLS1,ING-ATLS1,IND-ATLS1,I2G-ATLS1,I2D-ATLS1,ILG-ATLS1,ILD-ATLS1,IVG-ATLS1,IVD-ATLS1
