BMU_ID,Local_time,Agreement_Type,DATETIME_FROM,DATETIME_TO,Traded_Date,Trade_Created,Awareness_Start,Net_PN_Change_MW,Total_Volume,Trade_met_on_IC,Countertrade_on_same_IC,Duplicate_Trade_Error,CP Code,Total_Vol_Traded_across_allICs,Total_PN_change_across_ICs,All_Trades_Met_company,Trade_met_across_IC,Shortfall_MW_on_IC,Opposite_BMU_ID,Decision,Action
IFD-ATLS1,2025-12-14 10:00:00,,,,,,,51.0,0.0,False,False,False,AED75443,0.0,0.0,False,False,51.0,IFG-ATLS1,INFO,INFO: Significant un-traded move (>50MW) from AED75443. Check with Trades team.
IFD-DSKC1,2025-12-14 10:00:00,,,,,,,0.0,0.0,True,False,False,DANSKE,0.0,0.0,False,True,0.0,IFG-DSKC1,INFO,OK: Position Fully Balanced.
IFG-DSKC1,2025-12-14 10:00:00,,,,,,,0.0,0.0,True,False,False,DANSKE,0.0,0.0,False,True,0.0,IFD-DSKC1,INFO,OK: Position Fully Balanced.
IFG-DVAL1,2025-12-14 10:00:00,,,,,,,0.0,0.0,True,False,False,DVALIN,0.0,0.0,False,True,0.0,IFD-DVAL1,INFO,OK: Position Fully Balanced.
IFD-EDFT1,2025-12-14 10:00:00,,,,,,,0.0,0.0,True,False,False,EDFT,0.0,0.0,False,True,0.0,IFG-EDFT1,INFO,OK: Position Fully Balanced.
IFG-EDFT1,2025-12-14 10:00:00,,,,,,,0.0,0.0,True,False,False,EDFT,0.0,0.0,False,True,0.0,IFD-EDFT1,INFO,OK: Position Fully Balanced.
IFD-ELTR1,2025-12-14 10:00:00,,,,,,,0.0,0.0,True,False,False,ELECTRO,0.0,0.0,False,True,0.0,IFG-ELTR1,INFO,OK: Position Fully Balanced.
IFG-ELTR1,2025-12-14 10:00:00,,,,,,,0.0,0.0,True,False,False,ELECTRO,0.0,0.0,False,True,0.0,IFD-ELTR1,INFO,OK: Position Fully Balanced.
IFG-EDMK1,2025-12-14 10:00:00,,,,,,,0.0,0.0,True,False,False,ENERGIDAN,0.0,0.0,False,True,0.0,IFD-EDMK1,INFO,OK: Position Fully Balanced.
IFD-EZCO1,2025-12-14 10:00:00,,,,,,,0.0,0.0,True,False,False,ENZEE,0.0,0.0,False,True,0.0,IFG-EZCO1,INFO,OK: Position Fully Balanced.
IFG-EZCO1,2025-12-14 10:00:00,,,,,,,0.0,0.0,True,False,False,ENZEE,0.0,0.0,False,True,0.0,IFD-EZCO1,INFO,OK: Position Fully Balanced.
IFG-GAZP1,2025-12-14 10:00:00,,,,,,,0.0,0.0,True,False,False,GAZPROM,0.0,0.0,False,True,0.0,IFD-GAZP1,INFO,OK: Position Fully Balanced.
IFG-HELI1,2025-12-14 10:00:00,,,,,,,0.0,0.0,True,False,False,HELIOS,0.0,0.0,False,True,0.0,IFD-HELI1,INFO,OK: Position Fully Balanced.
IFD-INCM1,2025-12-14 10:00:00,,,,,,,0.0,0.0,True,False,False,INCOM,0.0,0.0,False,True,0.0,IFG-INCM1,INFO,OK: Position Fully Balanced.
IFG-INCM1,2025-12-14 10:00:00,,,,,,,0.0,0.0,True,False,False,INCOM,0.0,0.0,False,True,0.0,IFD-INCM1,INFO,OK: Position Fully Balanced.
IFG-MFTE1,2025-12-14 10:00:00,,,,,,,0.0,0.0,True,False,False,MFT,0.0,0.0,False,True,0.0,IFD-MFTE1,INFO,OK: Position Fully Balanced.
IFD-NEAS1,2025-12-14 10:00:00,,,,,,,0.0,0.0,True,False,False,NEAS,0.0,0.0,False,True,0.0,IFG-NEAS1,INFO,OK: Position Fully Balanced.
IFG-NEAS1,2025-12-14 10:00:00,,,,,,,0.0,0.0,True,False,False,NEAS,0.0,0.0,False,True,0.0,IFD-NEAS1,INFO,OK: Position Fully Balanced.
IFD-NITR1,2025-12-14 10:00:00,,,,,,,0.0,0.0,True,False,False,NITOR,0.0,0.0,False,True,0.0,IFG-NITR1,INFO,OK: Position Fully Balanced.
IFG-NITR1,2025-12-14 10:00:00,,,,,,,0.0,0.0,True,False,False,NITOR,0.0,0.0,False,True,0.0,IFD-NITR1,INFO,OK: Position Fully Balanced.
IFG-NORL1,2025-12-14 10:00:00,,,,,,,0.0,0.0,True,False,False,NORLYS,0.0,0.0,False,True,0.0,IFD-NORL1,INFO,OK: Position Fully Balanced.
IFD-NTPL1,2025-12-14 10:00:00,,,,,,,0.0,0.0,True,False,False,NORTHPOOL,0.0,0.0,False,True,0.0,IFG-NTPL1,INFO,OK: Position Fully Balanced.
IFG-NTPL1,2025-12-14 10:00:00,,,,,,,-49.0,0.0,False,False,False,NORTHPOOL,0.0,0.0,False,False,49.0,IFD-NTPL1,INFO,OK: Position Fully Balanced.
IFD-OUTL1,2025-12-14 10:00:00,,,,,,,-51.0,0.0,False,False,False,OUTLOOK,0.0,0.0,False,False,51.0,IFG-OUTL1,INFO,INFO: Significant un-traded move (>50MW) from OUTLOOK. Check with Trades team.
IFG-PWMR1,2025-12-14 10:00:00,,,,,,,0.0,0.0,True,False,False,POWERMAR,0.0,0.0,False,True,0.0,IFD-PWMR1,INFO,OK: Position Fully Balanced.
IFG-QUEN1,2025-12-14 10:00:00,,,,,,,0.0,0.0,True,False,False,QUENT,0.0,0.0,False,True,0.0,IFD-QUEN1,INFO,OK: Position Fully Balanced.
IFD-TRLS1,2025-12-14 10:00:00,,,,,,,0.0,0.0,True,False,False,TRAIL,0.0,0.0,False,True,0.0,IFG-TRLS1,INFO,OK: Position Fully Balanced.
IFG-TRLS1,2025-12-14 10:00:00,,,,,,,0.0,0.0,True,False,False,TRAIL,0.0,0.0,False,True,0.0,IFD-TRLS1,INFO,OK: Position Fully Balanced.
IFD-VTFS1,2025-12-14 10:00:00,,,,,,,0.0,0.0,True,False,False,VATTENFALL,0.0,0.0,False,True,0.0,IFG-VTFS1,INFO,OK: Position Fully Balanced.
IFG-VSAL1,2025-12-14 10:00:00,,,,,,,0.0,0.0,True,False,False,VITOL,0.0,0.0,False,True,0.0,IFD-VSAL1,INFO,OK: Position Fully Balanced.
IFD-ALIP1,2025-12-14 10:00:00,,,,,,,0.0,0.0,True,False,False,,0.0,0.0,False,True,0.0,IFG-ALIP1,INFO,External party - no movement.
IFD-FLEX1,2025-12-14 10:00:00,,,,,,,0.0,0.0,True,False,False,,0.0,0.0,False,True,0.0,IFG-FLEX1,INFO,External party - no movement.
IFG-BNPS1,2025-12-14 10:00:00,,,,,,,0.0,0.0,True,False,False,,0.0,0.0,False,True,0.0,IFD-BNPS1,INFO,External party - no movement.
IFG-ENSC1,2025-12-14 10:00:00,,,,,,,0.0,0.0,True,False,False,,0.0,0.0,False,True,0.0,IFD-ENSC1,INFO,External party - no movement.
IFG-EPCO1,2025-12-14 10:00:00,,,,,,,0.0,0.0,True,False,False,,0.0,0.0,False,True,0.0,IFD-EPCO1,INFO,External party - no movement.
IFG-GENI1,2025-12-14 10:00:00,,,,,,,0.0,0.0,True,False,False,,0.0,0.0,False,True,0.0,IFD-GENI1,INFO,External party - no movement.
IFG-MCRA1,2025-12-14 10:00:00,,,,,,,0.0,0.0,True,False,False,,0.0,0.0,False,True,0.0,IFD-MCRA1,INFO,External party - no movement.
IFG-OMPX1,2025-12-14 10:00:00,,,,,,,0.0,0.0,True,False,False,,0.0,0.0,False,True,0.0,IFD-OMPX1,INFO,External party - no movement.
IFG-TFEE1,2025-12-14 10:00:00,,,,,,,0.0,0.0,True,False,False,,0.0,0.0,False,True,0.0,IFD-TFEE1,INFO,External party - no movement.
IFD-ATLS1,2025-12-14 11:00:00,,,,,,,0.0,0.0,True,False,False,AED75443,0.0,0.0,False,True,0.0,IFG-ATLS1,INFO,OK: Position Fully Balanced.
IFD-DSKC1,2025-12-14 11:00:00,,,,,,,0.0,0.0,True,False,False,DANSKE,0.0,0.0,False,True,0.0,IFG-DSKC1,INFO,OK: Position Fully Balanced.
IFG-DSKC1,2025-12-14 11:00:00,,,,,,,0.0,0.0,True,False,False,DANSKE,0.0,0.0,False,True,0.0,IFD-DSKC1,INFO,OK: Position Fully Balanced.
IFG-DVAL1,2025-12-14 11:00:00,,,,,,,0.0,0.0,True,False,False,DVALIN,0.0,0.0,False,True,0.0,IFD-DVAL1,INFO,OK: Position Fully Balanced.
IFD-EDFT1,2025-12-14 11:00:00,,,,,,,0.0,0.0,True,False,False,EDFT,0.0,0.0,False,True,0.0,IFG-EDFT1,INFO,OK: Position Fully Balanced.
IFG-EDFT1,2025-12-14 11:00:00,,,,,,,0.0,0.0,True,False,False,EDFT,0.0,0.0,False,True,0.0,IFD-EDFT1,INFO,OK: Position Fully Balanced.
IFD-ELTR1,2025-12-14 11:00:00,,,,,,,0.0,0.0,True,False,False,ELECTRO,0.0,0.0,False,True,0.0,IFG-ELTR1,INFO,OK: Position Fully Balanced.
IFG-ELTR1,2025-12-14 11:00:00,,,,,,,0.0,0.0,True,False,False,ELECTRO,0.0,0.0,False,True,0.0,IFD-ELTR1,INFO,OK: Position Fully Balanced.
IFG-EDMK1,2025-12-14 11:00:00,,,,,,,0.0,0.0,True,False,False,ENERGIDAN,0.0,0.0,False,True,0.0,IFD-EDMK1,INFO,OK: Position Fully Balanced.
IFD-EZCO1,2025-12-14 11:00:00,,,,,,,0.0,0.0,True,False,False,ENZEE,0.0,0.0,False,True,0.0,IFG-EZCO1,INFO,OK: Position Fully Balanced.
IFG-EZCO1,2025-12-14 11:00:00,,,,,,,0.0,0.0,True,False,False,ENZEE,0.0,0.0,False,True,0.0,IFD-EZCO1,INFO,OK: Position Fully Balanced.
IFG-GAZP1,2025-12-14 11:00:00,,,,,,,0.0,0.0,True,False,False,GAZPROM,0.0,0.0,False,True,0.0,IFD-GAZP1,INFO,OK: Position Fully Balanced.
IFG-HELI1,2025-12-14 11:00:00,,,,,,,0.0,0.0,True,False,False,HELIOS,0.0,0.0,False,True,0.0,IFD-HELI1,INFO,OK: Position Fully Balanced.
IFD-INCM1,2025-12-14 11:00:00,,,,,,,0.0,0.0,True,False,False,INCOM,0.0,0.0,False,True,0.0,IFG-INCM1,INFO,OK: Position Fully Balanced.
IFG-INCM1,2025-12-14 11:00:00,,,,,,,0.0,0.0,True,False,False,INCOM,0.0,0.0,False,True,0.0,IFD-INCM1,INFO,OK: Position Fully Balanced.
IFG-MFTE1,2025-12-14 11:00:00,,,,,,,0.0,0.0,True,False,False,MFT,0.0,0.0,False,True,0.0,IFD-MFTE1,INFO,OK: Position Fully Balanced.
IFD-NEAS1,2025-12-14 11:00:00,,,,,,,0.0,0.0,True,False,False,NEAS,0.0,0.0,False,True,0.0,IFG-NEAS1,INFO,OK: Position Fully Balanced.
IFG-NEAS1,2025-12-14 11:00:00,,,,,,,0.0,0.0,True,False,False,NEAS,0.0,0.0,False,True,0.0,IFD-NEAS1,INFO,OK: Position Fully Balanced.
IFD-NITR1,2025-12-14 11:00:00,,,,,,,0.0,0.0,True,False,False,NITOR,0.0,0.0,False,True,0.0,IFG-NITR1,INFO,OK: Position Fully Balanced.
IFG-NITR1,2025-12-14 11:00:00,,,,,,,0.0,0.0,True,False,False,NITOR,0.0,0.0,False,True,0.0,IFD-NITR1,INFO,OK: Position Fully Balanced.
IFG-NORL1,2025-12-14 11:00:00,,,,,,,0.0,0.0,True,False,False,NORLYS,0.0,0.0,False,True,0.0,IFD-NORL1,INFO,OK: Position Fully Balanced.
IFD-NTPL1,2025-12-14 11:00:00,,,,,,,0.0,0.0,True,False,False,NORTHPOOL,0.0,0.0,False,True,0.0,IFG-NTPL1,INFO,OK: Position Fully Balanced.
IFG-NTPL1,2025-12-14 11:00:00,,,,,,,0.0,0.0,True,False,False,NORTHPOOL,0.0,0.0,False,True,0.0,IFD-NTPL1,INFO,OK: Position Fully Balanced.
IFD-OUTL1,2025-12-14 11:00:00,,,,,,,0.0,0.0,True,False,False,OUTLOOK,0.0,0.0,False,True,0.0,IFG-OUTL1,INFO,OK: Position Fully Balanced.
IFG-PWMR1,2025-12-14 11:00:00,,,,,,,0.0,0.0,True,False,False,POWERMAR,0.0,0.0,False,True,0.0,IFD-PWMR1,INFO,OK: Position Fully Balanced.
IFG-QUEN1,2025-12-14 11:00:00,,,,,,,0.0,0.0,True,False,False,QUENT,0.0,0.0,False,True,0.0,IFD-QUEN1,INFO,OK: Position Fully Balanced.
IFD-TRLS1,2025-12-14 11:00:00,,,,,,,0.0,0.0,True,False,False,TRAIL,0.0,0.0,False,True,0.0,IFG-TRLS1,INFO,OK: Position Fully Balanced.
IFG-TRLS1,2025-12-14 11:00:00,,,,,,,0.0,0.0,True,False,False,TRAIL,0.0,0.0,False,True,0.0,IFD-TRLS1,INFO,OK: Position Fully Balanced.
IFD-VTFS1,2025-12-14 11:00:00,,,,,,,-33.0,0.0,False,False,False,VATTENFALL,0.0,0.0,False,False,33.0,IFG-VTFS1,INFO,OK: Position Fully Balanced.
IFG-VSAL1,2025-12-14 11:00:00,,,,,,,0.0,0.0,True,False,False,VITOL,0.0,0.0,False,True,0.0,IFD-VSAL1,INFO,OK: Position Fully Balanced.
IFD-ALIP1,2025-12-14 11:00:00,,,,,,,0.0,0.0,True,False,False,,0.0,0.0,False,True,0.0,IFG-ALIP1,INFO,External party - no movement.
IFD-FLEX1,2025-12-14 11:00:00,,,,,,,0.0,0.0,True,False,False,,0.0,0.0,False,True,0.0,IFG-FLEX1,INFO,External party - no movement.
IFG-BNPS1,2025-12-14 11:00:00,,,,,,,0.0,0.0,True,False,False,,0.0,0.0,False,True,0.0,IFD-BNPS1,INFO,External party - no movement.
IFG-ENSC1,2025-12-14 11:00:00,,,,,,,0.0,0.0,True,False,False,,0.0,0.0,False,True,0.0,IFD-ENSC1,INFO,External party - no movement.
IFG-EPCO1,2025-12-14 11:00:00,,,,,,,0.0,0.0,True,False,False,,0.0,0.0,False,True,0.0,IFD-EPCO1,INFO,External party - no movement.
IFG-GENI1,2025-12-14 11:00:00,,,,,,,0.0,0.0,True,False,False,,0.0,0.0,False,True,0.0,IFD-GENI1,INFO,External party - no movement.
IFG-MCRA1,2025-12-14 11:00:00,,,,,,,0.0,0.0,True,False,False,,0.0,0.0,False,True,0.0,IFD-MCRA1,INFO,External party - no movement.
IFG-OMPX1,2025-12-14 11:00:00,,,,,,,0.0,0.0,True,False,False,,0.0,0.0,False,True,0.0,IFD-OMPX1,INFO,External party - no movement.
IFG-TFEE1,2025-12-14 11:00:00,,,,,,,0.0,0.0,True,False,False,,0.0,0.0,False,True,0.0,IFD-TFEE1,INFO,External party - no movement.
IFD-ATLS1,2025-12-14 12:00:00,,,,,,,0.0,0.0,True,False,False,AED75443,0.0,0.0,False,True,0.0,IFG-ATLS1,INFO,OK: Position Fully Balanced.
IFD-DSKC1,2025-12-14 12:00:00,,,,,,,0.0,0.0,True,False,False,DANSKE,0.0,0.0,False,True,0.0,IFG-DSKC1,INFO,OK: Position Fully Balanced.
IFG-DSKC1,2025-12-14 12:00:00,,,,,,,0.0,0.0,True,False,False,DANSKE,0.0,0.0,False,True,0.0,IFD-DSKC1,INFO,OK: Position Fully Balanced.
IFG-DVAL1,2025-12-14 12:00:00,,,,,,,0.0,0.0,True,False,False,DVALIN,0.0,0.0,False,True,0.0,IFD-DVAL1,INFO,OK: Position Fully Balanced.
IFD-EDFT1,2025-12-14 12:00:00,,,,,,,0.0,0.0,True,False,False,EDFT,0.0,0.0,False,True,0.0,IFG-EDFT1,INFO,OK: Position Fully Balanced.
IFG-EDFT1,2025-12-14 12:00:00,,,,,,,0.0,0.0,True,False,False,EDFT,0.0,0.0,False,True,0.0,IFD-EDFT1,INFO,OK: Position Fully Balanced.
IFD-ELTR1,2025-12-14 12:00:00,,,,,,,0.0,0.0,True,False,False,ELECTRO,0.0,0.0,False,True,0.0,IFG-ELTR1,INFO,OK: Position Fully Balanced.
IFG-ELTR1,2025-12-14 12:00:00,,,,,,,0.0,0.0,True,False,False,ELECTRO,0.0,0.0,False,True,0.0,IFD-ELTR1,INFO,OK: Position Fully Balanced.
IFG-EDMK1,2025-12-14 12:00:00,,,,,,,0.0,0.0,True,False,False,ENERGIDAN,0.0,0.0,False,True,0.0,IFD-EDMK1,INFO,OK: Position Fully Balanced.
IFD-EZCO1,2025-12-14 12:00:00,,,,,,,0.0,0.0,True,False,False,ENZEE,0.0,0.0,False,True,0.0,IFG-EZCO1,INFO,OK: Position Fully Balanced.
IFG-EZCO1,2025-12-14 12:00:00,,,,,,,0.0,0.0,True,False,False,ENZEE,0.0,0.0,False,True,0.0,IFD-EZCO1,INFO,OK: Position Fully Balanced.
IFG-GAZP1,2025-12-14 12:00:00,,,,,,,0.0,0.0,True,False,False,GAZPROM,0.0,0.0,False,True,0.0,IFD-GAZP1,INFO,OK: Position Fully Balanced.
IFG-HELI1,2025-12-14 12:00:00,,,,,,,0.0,0.0,True,False,False,HELIOS,0.0,0.0,False,True,0.0,IFD-HELI1,INFO,OK: Position Fully Balanced.
IFD-INCM1,2025-12-14 12:00:00,,,,,,,0.0,0.0,True,False,False,INCOM,0.0,0.0,False,True,0.0,IFG-INCM1,INFO,OK: Position Fully Balanced.
IFG-INCM1,2025-12-14 12:00:00,,,,,,,0.0,0.0,True,False,False,INCOM,0.0,0.0,False,True,0.0,IFD-INCM1,INFO,OK: Position Fully Balanced.
IFG-MFTE1,2025-12-14 12:00:00,,,,,,,0.0,0.0,True,False,False,MFT,0.0,0.0,False,True,0.0,IFD-MFTE1,INFO,OK: Position Fully Balanced.
IFD-NEAS1,2025-12-14 12:00:00,,,,,,,0.0,0.0,True,False,False,NEAS,0.0,0.0,False,True,0.0,IFG-NEAS1,INFO,OK: Position Fully Balanced.
IFG-NEAS1,2025-12-14 12:00:00,,,,,,,0.0,0.0,True,False,False,NEAS,0.0,0.0,False,True,0.0,IFD-NEAS1,INFO,OK: Position Fully Balanced.
IFD-NITR1,2025-12-14 12:00:00,,,,,,,0.0,0.0,True,False,False,NITOR,0.0,0.0,False,True,0.0,IFG-NITR1,INFO,OK: Position Fully Balanced.
IFG-NITR1,2025-12-14 12:00:00,,,,,,,0.0,0.0,True,False,False,NITOR,0.0,0.0,False,True,0.0,IFD-NITR1,INFO,OK: Position Fully Balanced.
IFG-NORL1,2025-12-14 12:00:00,,,,,,,0.0,0.0,True,False,False,NORLYS,0.0,0.0,False,True,0.0,IFD-NORL1,INFO,OK: Position Fully Balanced.
IFD-NTPL1,2025-12-14 12:00:00,,,,,,,0.0,0.0,True,False,False,NORTHPOOL,0.0,0.0,False,True,0.0,IFG-NTPL1,INFO,OK: Position Fully Balanced.
IFG-NTPL1,2025-12-14 12:00:00,,,,,,,0.0,0.0,True,False,False,NORTHPOOL,0.0,0.0,False,True,0.0,IFD-NTPL1,INFO,OK: Position Fully Balanced.
IFD-OUTL1,2025-12-14 12:00:00,,,,,,,0.0,0.0,True,False,False,OUTLOOK,0.0,0.0,False,True,0.0,IFG-OUTL1,INFO,OK: Position Fully Balanced.
IFG-PWMR1,2025-12-14 12:00:00,,,,,,,0.0,0.0,True,False,False,POWERMAR,0.0,0.0,False,True,0.0,IFD-PWMR1,INFO,OK: Position Fully Balanced.
IFG-QUEN1,2025-12-14 12:00:00,,,,,,,0.0,0.0,True,False,False,QUENT,0.0,0.0,False,True,0.0,IFD-QUEN1,INFO,OK: Position Fully Balanced.
IFD-TRLS1,2025-12-14 12:00:00,,,,,,,0.0,0.0,True,False,False,TRAIL,0.0,0.0,False,True,0.0,IFG-TRLS1,INFO,OK: Position Fully Balanced.
IFG-TRLS1,2025-12-14 12:00:00,,,,,,,0.0,0.0,True,False,False,TRAIL,0.0,0.0,False,True,0.0,IFD-TRLS1,INFO,OK: Position Fully Balanced.
IFD-VTFS1,2025-12-14 12:00:00,,,,,,,-33.0,0.0,False,False,False,VATTENFALL,0.0,0.0,False,False,33.0,IFG-VTFS1,INFO,OK: Position Fully Balanced.
IFG-VSAL1,2025-12-14 12:00:00,,,,,,,0.0,0.0,True,False,False,VITOL,0.0,0.0,False,True,0.0,IFD-VSAL1,INFO,OK: Position Fully Balanced.
IFD-ALIP1,2025-12-14 12:00:00,,,,,,,0.0,0.0,True,False,False,,0.0,0.0,False,True,0.0,IFG-ALIP1,INFO,External party - no movement.
IFD-FLEX1,2025-12-14 12:00:00,,,,,,,0.0,0.0,True,False,False,,0.0,0.0,False,True,0.0,IFG-FLEX1,INFO,External party - no movement.
IFG-BNPS1,2025-12-14 12:00:00,,,,,,,0.0,0.0,True,False,False,,0.0,0.0,False,True,0.0,IFD-BNPS1,INFO,External party - no movement.
IFG-ENSC1,2025-12-14 12:00:00,,,,,,,0.0,0.0,True,False,False,,0.0,0.0,False,True,0.0,IFD-ENSC1,INFO,External party - no movement.
IFG-EPCO1,2025-12-14 12:00:00,,,,,,,0.0,0.0,True,False,False,,0.0,0.0,False,True,0.0,IFD-EPCO1,INFO,External party - no movement.
IFG-GENI1,2025-12-14 12:00:00,,,,,,,0.0,0.0,True,False,False,,0.0,0.0,False,True,0.0,IFD-GENI1,INFO,External party - no movement.
IFG-MCRA1,2025-12-14 12:00:00,,,,,,,0.0,0.0,True,False,False,,0.0,0.0,False,True,0.0,IFD-MCRA1,INFO,External party - no movement.
IFG-OMPX1,2025-12-14 12:00:00,,,,,,,0.0,0.0,True,False,False,,0.0,0.0,False,True,0.0,IFD-OMPX1,INFO,External party - no movement.
IFG-TFEE1,2025-12-14 12:00:00,,,,,,,0.0,0.0,True,False,False,,0.0,0.0,False,True,0.0,IFD-TFEE1,INFO,External party - no movement.
IFD-ATLS1,2025-12-14 13:00:00,,,,,,,0.0,0.0,True,False,False,AED75443,0.0,0.0,False,True,0.0,IFG-ATLS1,INFO,OK: Position Fully Balanced.
IFD-DSKC1,2025-12-14 13:00:00,,,,,,,0.0,0.0,True,False,False,DANSKE,0.0,0.0,False,True,0.0,IFG-DSKC1,INFO,OK: Position Fully Balanced.
IFG-DSKC1,2025-12-14 13:00:00,,,,,,,0.0,0.0,True,False,False,DANSKE,0.0,0.0,False,True,0.0,IFD-DSKC1,INFO,OK: Position Fully Balanced.
IFG-DVAL1,2025-12-14 13:00:00,,,,,,,0.0,0.0,True,False,False,DVALIN,0.0,0.0,False,True,0.0,IFD-DVAL1,INFO,OK: Position Fully Balanced.
IFD-EDFT1,2025-12-14 13:00:00,,,,,,,0.0,0.0,True,False,False,EDFT,0.0,0.0,False,True,0.0,IFG-EDFT1,INFO,OK: Position Fully Balanced.
IFG-EDFT1,2025-12-14 13:00:00,,,,,,,0.0,0.0,True,False,False,EDFT,0.0,0.0,False,True,0.0,IFD-EDFT1,INFO,OK: Position Fully Balanced.
IFD-ELTR1,2025-12-14 13:00:00,,,,,,,0.0,0.0,True,False,False,ELECTRO,0.0,0.0,False,True,0.0,IFG-ELTR1,INFO,OK: Position Fully Balanced.
IFG-ELTR1,2025-12-14 13:00:00,,,,,,,0.0,0.0,True,False,False,ELECTRO,0.0,0.0,False,True,0.0,IFD-ELTR1,INFO,OK: Position Fully Balanced.
IFG-EDMK1,2025-12-14 13:00:00,,,,,,,0.0,0.0,True,False,False,ENERGIDAN,0.0,0.0,False,True,0.0,IFD-EDMK1,INFO,OK: Position Fully Balanced.
IFD-EZCO1,2025-12-14 13:00:00,,,,,,,0.0,0.0,True,False,False,ENZEE,0.0,0.0,False,True,0.0,IFG-EZCO1,INFO,OK: Position Fully Balanced.
IFG-EZCO1,2025-12-14 13:00:00,,,,,,,0.0,0.0,True,False,False,ENZEE,0.0,0.0,False,True,0.0,IFD-EZCO1,INFO,OK: Position Fully Balanced.
IFG-GAZP1,2025-12-14 13:00:00,,,,,,,0.0,0.0,True,False,False,GAZPROM,0.0,0.0,False,True,0.0,IFD-GAZP1,INFO,OK: Position Fully Balanced.
IFG-HELI1,2025-12-14 13:00:00,,,,,,,0.0,0.0,True,False,False,HELIOS,0.0,0.0,False,True,0.0,IFD-HELI1,INFO,OK: Position Fully Balanced.
IFD-INCM1,2025-12-14 13:00:00,,,,,,,0.0,0.0,True,False,False,INCOM,0.0,0.0,False,True,0.0,IFG-INCM1,INFO,OK: Position Fully Balanced.
IFG-INCM1,2025-12-14 13:00:00,,,,,,,0.0,0.0,True,False,False,INCOM,0.0,0.0,False,True,0.0,IFD-INCM1,INFO,OK: Position Fully Balanced.
IFG-MFTE1,2025-12-14 13:00:00,,,,,,,0.0,0.0,True,False,False,MFT,0.0,0.0,False,True,0.0,IFD-MFTE1,INFO,OK: Position Fully Balanced.
IFD-NEAS1,2025-12-14 13:00:00,,,,,,,0.0,0.0,True,False,False,NEAS,0.0,0.0,False,True,0.0,IFG-NEAS1,INFO,OK: Position Fully Balanced.
IFG-NEAS1,2025-12-14 13:00:00,,,,,,,0.0,0.0,True,False,False,NEAS,0.0,0.0,False,True,0.0,IFD-NEAS1,INFO,OK: Position Fully Balanced.
IFD-NITR1,2025-12-14 13:00:00,,,,,,,0.0,0.0,True,False,False,NITOR,0.0,0.0,False,True,0.0,IFG-NITR1,INFO,OK: Position Fully Balanced.
IFG-NITR1,2025-12-14 13:00:00,,,,,,,0.0,0.0,True,False,False,NITOR,0.0,0.0,False,True,0.0,IFD-NITR1,INFO,OK: Position Fully Balanced.
IFG-NORL1,2025-12-14 13:00:00,,,,,,,0.0,0.0,True,False,False,NORLYS,0.0,0.0,False,True,0.0,IFD-NORL1,INFO,OK: Position Fully Balanced.
IFD-NTPL1,2025-12-14 13:00:00,,,,,,,0.0,0.0,True,False,False,NORTHPOOL,0.0,0.0,False,True,0.0,IFG-NTPL1,INFO,OK: Position Fully Balanced.
IFG-NTPL1,2025-12-14 13:00:00,,,,,,,0.0,0.0,True,False,False,NORTHPOOL,0.0,0.0,False,True,0.0,IFD-NTPL1,INFO,OK: Position Fully Balanced.
IFD-OUTL1,2025-12-14 13:00:00,,,,,,,0.0,0.0,True,False,False,OUTLOOK,0.0,0.0,False,True,0.0,IFG-OUTL1,INFO,OK: Position Fully Balanced.
IFG-PWMR1,2025-12-14 13:00:00,,,,,,,0.0,0.0,True,False,False,POWERMAR,0.0,0.0,False,True,0.0,IFD-PWMR1,INFO,OK: Position Fully Balanced.
IFG-QUEN1,2025-12-14 13:00:00,,,,,,,0.0,0.0,True,False,False,QUENT,0.0,0.0,False,True,0.0,IFD-QUEN1,INFO,OK: Position Fully Balanced.
IFD-TRLS1,2025-12-14 13:00:00,,,,,,,0.0,0.0,True,False,False,TRAIL,0.0,0.0,False,True,0.0,IFG-TRLS1,INFO,OK: Position Fully Balanced.
IFG-TRLS1,2025-12-14 13:00:00,,,,,,,0.0,0.0,True,False,False,TRAIL,0.0,0.0,False,True,0.0,IFD-TRLS1,INFO,OK: Position Fully Balanced.
IFD-VTFS1,2025-12-14 13:00:00,,,,,,,-33.0,0.0,False,False,False,VATTENFALL,0.0,0.0,False,False,33.0,IFG-VTFS1,INFO,OK: Position Fully Balanced.
IFG-VSAL1,2025-12-14 13:00:00,,,,,,,0.0,0.0,True,False,False,VITOL,0.0,0.0,False,True,0.0,IFD-VSAL1,INFO,OK: Position Fully Balanced.
IFD-ALIP1,2025-12-14 13:00:00,,,,,,,0.0,0.0,True,False,False,,0.0,0.0,False,True,0.0,IFG-ALIP1,INFO,External party - no movement.
IFD-FLEX1,2025-12-14 13:00:00,,,,,,,0.0,0.0,True,False,False,,0.0,0.0,False,True,0.0,IFG-FLEX1,INFO,External party - no movement.
IFG-BNPS1,2025-12-14 13:00:00,,,,,,,0.0,0.0,True,False,False,,0.0,0.0,False,True,0.0,IFD-BNPS1,INFO,External party - no movement.
IFG-ENSC1,2025-12-14 13:00:00,,,,,,,0.0,0.0,True,False,False,,0.0,0.0,False,True,0.0,IFD-ENSC1,INFO,External party - no movement.
IFG-EPCO1,2025-12-14 13:00:00,,,,,,,0.0,0.0,True,False,False,,0.0,0.0,False,True,0.0,IFD-EPCO1,INFO,External party - no movement.
IFG-GENI1,2025-12-14 13:00:00,,,,,,,0.0,0.0,True,False,False,,0.0,0.0,False,True,0.0,IFD-GENI1,INFO,External party - no movement.
IFG-MCRA1,2025-12-14 13:00:00,,,,,,,0.0,0.0,True,False,False,,0.0,0.0,False,True,0.0,IFD-MCRA1,INFO,External party - no movement.
IFG-OMPX1,2025-12-14 13:00:00,,,,,,,0.0,0.0,True,False,False,,0.0,0.0,False,True,0.0,IFD-OMPX1,INFO,External party - no movement.
IFG-TFEE1,2025-12-14 13:00:00,,,,,,,0.0,0.0,True,False,False,,0.0,0.0,False,True,0.0,IFD-TFEE1,INFO,External party - no movement.
IFD-ATLS1,2025-12-14 14:00:00,,,,,,,0.0,0.0,True,False,False,AED75443,0.0,0.0,False,True,0.0,IFG-ATLS1,INFO,OK: Position Fully Balanced.
IFD-DSKC1,2025-12-14 14:00:00,,,,,,,0.0,0.0,True,False,False,DANSKE,0.0,0.0,False,True,0.0,IFG-DSKC1,INFO,OK: Position Fully Balanced.
IFG-DSKC1,2025-12-14 14:00:00,,,,,,,0.0,0.0,True,False,False,DANSKE,0.0,0.0,False,True,0.0,IFD-DSKC1,INFO,OK: Position Fully Balanced.
IFG-DVAL1,2025-12-14 14:00:00,,,,,,,0.0,0.0,True,False,False,DVALIN,0.0,0.0,False,True,0.0,IFD-DVAL1,INFO,OK: Position Fully Balanced.
IFD-EDFT1,2025-12-14 14:00:00,,,,,,,0.0,0.0,True,False,False,EDFT,0.0,0.0,False,True,0.0,IFG-EDFT1,INFO,OK: Position Fully Balanced.
IFG-EDFT1,2025-12-14 14:00:00,,,,,,,0.0,0.0,True,False,False,EDFT,0.0,0.0,False,True,0.0,IFD-EDFT1,INFO,OK: Position Fully Balanced.
IFD-ELTR1,2025-12-14 14:00:00,,,,,,,0.0,0.0,True,False,False,ELECTRO,0.0,0.0,False,True,0.0,IFG-ELTR1,INFO,OK: Position Fully Balanced.
IFG-ELTR1,2025-12-14 14:00:00,,,,,,,0.0,0.0,True,False,False,ELECTRO,0.0,0.0,False,True,0.0,IFD-ELTR1,INFO,OK: Position Fully Balanced.
IFG-EDMK1,2025-12-14 14:00:00,,,,,,,0.0,0.0,True,False,False,ENERGIDAN,0.0,0.0,False,True,0.0,IFD-EDMK1,INFO,OK: Position Fully Balanced.
IFD-EZCO1,2025-12-14 14:00:00,,,,,,,0.0,0.0,True,False,False,ENZEE,0.0,0.0,False,True,0.0,IFG-EZCO1,INFO,OK: Position Fully Balanced.
IFG-EZCO1,2025-12-14 14:00:00,,,,,,,0.0,0.0,True,False,False,ENZEE,0.0,0.0,False,True,0.0,IFD-EZCO1,INFO,OK: Position Fully Balanced.
IFG-GAZP1,2025-12-14 14:00:00,,,,,,,0.0,0.0,True,False,False,GAZPROM,0.0,0.0,False,True,0.0,IFD-GAZP1,INFO,OK: Position Fully Balanced.
IFG-HELI1,2025-12-14 14:00:00,,,,,,,0.0,0.0,True,False,False,HELIOS,0.0,0.0,False,True,0.0,IFD-HELI1,INFO,OK: Position Fully Balanced.
IFD-INCM1,2025-12-14 14:00:00,,,,,,,0.0,0.0,True,False,False,INCOM,0.0,0.0,False,True,0.0,IFG-INCM1,INFO,OK: Position Fully Balanced.
IFG-INCM1,2025-12-14 14:00:00,,,,,,,0.0,0.0,True,False,False,INCOM,0.0,0.0,False,True,0.0,IFD-INCM1,INFO,OK: Position Fully Balanced.
IFG-MFTE1,2025-12-14 14:00:00,,,,,,,0.0,0.0,True,False,False,MFT,0.0,0.0,False,True,0.0,IFD-MFTE1,INFO,OK: Position Fully Balanced.
IFD-NEAS1,2025-12-14 14:00:00,,,,,,,0.0,0.0,True,False,False,NEAS,0.0,0.0,False,True,0.0,IFG-NEAS1,INFO,OK: Position Fully Balanced.
IFG-NEAS1,2025-12-14 14:00:00,,,,,,,0.0,0.0,True,False,False,NEAS,0.0,0.0,False,True,0.0,IFD-NEAS1,INFO,OK: Position Fully Balanced.
IFD-NITR1,2025-12-14 14:00:00,,,,,,,0.0,0.0,True,False,False,NITOR,0.0,0.0,False,True,0.0,IFG-NITR1,INFO,OK: Position Fully Balanced.
IFG-NITR1,2025-12-14 14:00:00,,,,,,,0.0,0.0,True,False,False,NITOR,0.0,0.0,False,True,0.0,IFD-NITR1,INFO,OK: Position Fully Balanced.
IFG-NORL1,2025-12-14 14:00:00,,,,,,,0.0,0.0,True,False,False,NORLYS,0.0,0.0,False,True,0.0,IFD-NORL1,INFO,OK: Position Fully Balanced.
IFD-NTPL1,2025-12-14 14:00:00,,,,,,,0.0,0.0,True,False,False,NORTHPOOL,0.0,0.0,False,True,0.0,IFG-NTPL1,INFO,OK: Position Fully Balanced.
IFG-NTPL1,2025-12-14 14:00:00,,,,,,,0.0,0.0,True,False,False,NORTHPOOL,0.0,0.0,False,True,0.0,IFD-NTPL1,INFO,OK: Position Fully Balanced.
IFD-OUTL1,2025-12-14 14:00:00,,,,,,,0.0,0.0,True,False,False,OUTLOOK,0.0,0.0,False,True,0.0,IFG-OUTL1,INFO,OK: Position Fully Balanced.
IFG-PWMR1,2025-12-14 14:00:00,,,,,,,0.0,0.0,True,False,False,POWERMAR,0.0,0.0,False,True,0.0,IFD-PWMR1,INFO,OK: Position Fully Balanced.
IFG-QUEN1,2025-12-14 14:00:00,,,,,,,0.0,0.0,True,False,False,QUENT,0.0,0.0,False,True,0.0,IFD-QUEN1,INFO,OK: Position Fully Balanced.
IFD-TRLS1,2025-12-14 14:00:00,,,,,,,0.0,0.0,True,False,False,TRAIL,0.0,0.0,False,True,0.0,IFG-TRLS1,INFO,OK: Position Fully Balanced.
IFG-TRLS1,2025-12-14 14:00:00,,,,,,,0.0,0.0,True,False,False,TRAIL,0.0,0.0,False,True,0.0,IFD-TRLS1,INFO,OK: Position Fully Balanced.
IFD-VTFS1,2025-12-14 14:00:00,,,,,,,-33.0,0.0,False,False,False,VATTENFALL,0.0,0.0,False,False,33.0,IFG-VTFS1,INFO,OK: Position Fully Balanced.
IFG-VSAL1,2025-12-14 14:00:00,,,,,,,0.0,0.0,True,False,False,VITOL,0.0,0.0,False,True,0.0,IFD-VSAL1,INFO,OK: Position Fully Balanced.
IFD-ALIP1,2025-12-14 14:00:00,,,,,,,0.0,0.0,True,False,False,,0.0,0.0,False,True,0.0,IFG-ALIP1,INFO,External party - no movement.
IFD-FLEX1,2025-12-14 14:00:00,,,,,,,0.0,0.0,True,False,False,,0.0,0.0,False,True,0.0,IFG-FLEX1,INFO,External party - no movement.
IFG-BNPS1,2025-12-14 14:00:00,,,,,,,0.0,0.0,True,False,False,,0.0,0.0,False,True,0.0,IFD-BNPS1,INFO,External party - no movement.
IFG-ENSC1,2025-12-14 14:00:00,,,,,,,0.0,0.0,True,False,False,,0.0,0.0,False,True,0.0,IFD-ENSC1,INFO,External party - no movement.
IFG-EPCO1,2025-12-14 14:00:00,,,,,,,0.0,0.0,True,False,False,,0.0,0.0,False,True,0.0,IFD-EPCO1,INFO,External party - no movement.
IFG-GENI1,2025-12-14 14:00:00,,,,,,,0.0,0.0,True,False,False,,0.0,0.0,False,True,0.0,IFD-GENI1,INFO,External party - no movement.
IFG-MCRA1,2025-12-14 14:00:00,,,,,,,0.0,0.0,True,False,False,,0.0,0.0,False,True,0.0,IFD-MCRA1,INFO,External party - no movement.
IFG-OMPX1,2025-12-14 14:00:00,,,,,,,0.0,0.0,True,False,False,,0.0,0.0,False,True,0.0,IFD-OMPX1,INFO,External party - no movement.
IFG-TFEE1,2025-12-14 14:00:00,,,,,,,0.0,0.0,True,False,False,,0.0,0.0,False,True,0.0,IFD-TFEE1,INFO,External party - no movement.
IFD-ATLS1,2025-12-14 15:00:00,,,,,,,0.0,0.0,True,False,False,AED75443,0.0,0.0,False,True,0.0,IFG-ATLS1,INFO,OK: Position Fully Balanced.
IFD-DSKC1,2025-12-14 15:00:00,,,,,,,0.0,0.0,True,False,False,DANSKE,0.0,0.0,False,True,0.0,IFG-DSKC1,INFO,OK: Position Fully Balanced.
IFG-DSKC1,2025-12-14 15:00:00,,,,,,,0.0,0.0,True,False,False,DANSKE,0.0,0.0,False,True,0.0,IFD-DSKC1,INFO,OK: Position Fully Balanced.
IFG-DVAL1,2025-12-14 15:00:00,,,,,,,0.0,0.0,True,False,False,DVALIN,0.0,0.0,False,True,0.0,IFD-DVAL1,INFO,OK: Position Fully Balanced.
IFD-EDFT1,2025-12-14 15:00:00,,,,,,,0.0,0.0,True,False,False,EDFT,0.0,0.0,False,True,0.0,IFG-EDFT1,INFO,OK: Position Fully Balanced.
IFG-EDFT1,2025-12-14 15:00:00,,,,,,,0.0,0.0,True,False,False,EDFT,0.0,0.0,False,True,0.0,IFD-EDFT1,INFO,OK: Position Fully Balanced.
IFD-ELTR1,2025-12-14 15:00:00,,,,,,,0.0,0.0,True,False,False,ELECTRO,0.0,0.0,False,True,0.0,IFG-ELTR1,INFO,OK: Position Fully Balanced.
IFG-ELTR1,2025-12-14 15:00:00,,,,,,,0.0,0.0,True,False,False,ELECTRO,0.0,0.0,False,True,0.0,IFD-ELTR1,INFO,OK: Position Fully Balanced.
IFG-EDMK1,2025-12-14 15:00:00,,,,,,,0.0,0.0,True,False,False,ENERGIDAN,0.0,0.0,False,True,0.0,IFD-EDMK1,INFO,OK: Position Fully Balanced.
IFD-EZCO1,2025-12-14 15:00:00,,,,,,,0.0,0.0,True,False,False,ENZEE,0.0,0.0,False,True,0.0,IFG-EZCO1,INFO,OK: Position Fully Balanced.
IFG-EZCO1,2025-12-14 15:00:00,,,,,,,0.0,0.0,True,False,False,ENZEE,0.0,0.0,False,True,0.0,IFD-EZCO1,INFO,OK: Position Fully Balanced.
IFG-GAZP1,2025-12-14 15:00:00,,,,,,,0.0,0.0,True,False,False,GAZPROM,0.0,0.0,False,True,0.0,IFD-GAZP1,INFO,OK: Position Fully Balanced.
IFG-HELI1,2025-12-14 15:00:00,,,,,,,0.0,0.0,True,False,False,HELIOS,0.0,0.0,False,True,0.0,IFD-HELI1,INFO,OK: Position Fully Balanced.
IFD-INCM1,2025-12-14 15:00:00,,,,,,,0.0,0.0,True,False,False,INCOM,0.0,0.0,False,True,0.0,IFG-INCM1,INFO,OK: Position Fully Balanced.
IFG-INCM1,2025-12-14 15:00:00,,,,,,,0.0,0.0,True,False,False,INCOM,0.0,0.0,False,True,0.0,IFD-INCM1,INFO,OK: Position Fully Balanced.
IFG-MFTE1,2025-12-14 15:00:00,,,,,,,0.0,0.0,True,False,False,MFT,0.0,0.0,False,True,0.0,IFD-MFTE1,INFO,OK: Position Fully Balanced.
IFD-NEAS1,2025-12-14 15:00:00,,,,,,,0.0,0.0,True,False,False,NEAS,0.0,0.0,False,True,0.0,IFG-NEAS1,INFO,OK: Position Fully Balanced.
IFG-NEAS1,2025-12-14 15:00:00,,,,,,,0.0,0.0,True,False,False,NEAS,0.0,0.0,False,True,0.0,IFD-NEAS1,INFO,OK: Position Fully Balanced.
IFD-NITR1,2025-12-14 15:00:00,,,,,,,0.0,0.0,True,False,False,NITOR,0.0,0.0,False,True,0.0,IFG-NITR1,INFO,OK: Position Fully Balanced.
IFG-NITR1,2025-12-14 15:00:00,,,,,,,0.0,0.0,True,False,False,NITOR,0.0,0.0,False,True,0.0,IFD-NITR1,INFO,OK: Position Fully Balanced.
IFG-NORL1,2025-12-14 15:00:00,,,,,,,0.0,0.0,True,False,False,NORLYS,0.0,0.0,False,True,0.0,IFD-NORL1,INFO,OK: Position Fully Balanced.
IFD-NTPL1,2025-12-14 15:00:00,,,,,,,0.0,0.0,True,False,False,NORTHPOOL,0.0,0.0,False,True,0.0,IFG-NTPL1,INFO,OK: Position Fully Balanced.
IFG-NTPL1,2025-12-14 15:00:00,,,,,,,0.0,0.0,True,False,False,NORTHPOOL,0.0,0.0,False,True,0.0,IFD-NTPL1,INFO,OK: Position Fully Balanced.
IFD-OUTL1,2025-12-14 15:00:00,,,,,,,0.0,0.0,True,False,False,OUTLOOK,0.0,0.0,False,True,0.0,IFG-OUTL1,INFO,OK: Position Fully Balanced.
IFG-PWMR1,2025-12-14 15:00:00,,,,,,,0.0,0.0,True,False,False,POWERMAR,0.0,0.0,False,True,0.0,IFD-PWMR1,INFO,OK: Position Fully Balanced.
IFG-QUEN1,2025-12-14 15:00:00,,,,,,,0.0,0.0,True,False,False,QUENT,0.0,0.0,False,True,0.0,IFD-QUEN1,INFO,OK: Position Fully Balanced.
IFD-TRLS1,2025-12-14 15:00:00,,,,,,,0.0,0.0,True,False,False,TRAIL,0.0,0.0,False,True,0.0,IFG-TRLS1,INFO,OK: Position Fully Balanced.
IFG-TRLS1,2025-12-14 15:00:00,,,,,,,0.0,0.0,True,False,False,TRAIL,0.0,0.0,False,True,0.0,IFD-TRLS1,INFO,OK: Position Fully Balanced.
IFD-VTFS1,2025-12-14 15:00:00,,,,,,,0.0,0.0,True,False,False,VATTENFALL,0.0,0.0,False,True,0.0,IFG-VTFS1,INFO,OK: Position Fully Balanced.
IFG-VSAL1,2025-12-14 15:00:00,,,,,,,0.0,0.0,True,False,False,VITOL,0.0,0.0,False,True,0.0,IFD-VSAL1,INFO,OK: Position Fully Balanced.
IFD-ALIP1,2025-12-14 15:00:00,,,,,,,0.0,0.0,True,False,False,,0.0,0.0,False,True,0.0,IFG-ALIP1,INFO,External party - no movement.
IFD-FLEX1,2025-12-14 15:00:00,,,,,,,0.0,0.0,True,False,False,,0.0,0.0,False,True,0.0,IFG-FLEX1,INFO,External party - no movement.
IFG-BNPS1,2025-12-14 15:00:00,,,,,,,0.0,0.0,True,False,False,,0.0,0.0,False,True,0.0,IFD-BNPS1,INFO,External party - no movement.
IFG-ENSC1,2025-12-14 15:00:00,,,,,,,0.0,0.0,True,False,False,,0.0,0.0,False,True,0.0,IFD-ENSC1,INFO,External party - no movement.
IFG-EPCO1,2025-12-14 15:00:00,,,,,,,0.0,0.0,True,False,False,,0.0,0.0,False,True,0.0,IFD-EPCO1,INFO,External party - no movement.
IFG-GENI1,2025-12-14 15:00:00,,,,,,,0.0,0.0,True,False,False,,0.0,0.0,False,True,0.0,IFD-GENI1,INFO,External party - no movement.
IFG-MCRA1,2025-12-14 15:00:00,,,,,,,0.0,0.0,True,False,False,,0.0,0.0,False,True,0.0,IFD-MCRA1,INFO,External party - no movement.
IFG-OMPX1,2025-12-14 15:00:00,,,,,,,0.0,0.0,True,False,False,,0.0,0.0,False,True,0.0,IFD-OMPX1,INFO,External party - no movement.
IFG-TFEE1,2025-12-14 15:00:00,,,,,,,0.0,0.0,True,False,False,,0.0,0.0,False,True,0.0,IFD-TFEE1,INFO,External party - no movement.
IFD-ATLS1,2025-12-14 16:00:00,,,,,,,0.0,0.0,True,False,False,AED75443,0.0,0.0,False,True,0.0,IFG-ATLS1,INFO,OK: Position Fully Balanced.
IFD-DSKC1,2025-12-14 16:00:00,,,,,,,0.0,0.0,True,False,False,DANSKE,0.0,0.0,False,True,0.0,IFG-DSKC1,INFO,OK: Position Fully Balanced.
IFG-DSKC1,2025-12-14 16:00:00,,,,,,,0.0,0.0,True,False,False,DANSKE,0.0,0.0,False,True,0.0,IFD-DSKC1,INFO,OK: Position Fully Balanced.
IFG-DVAL1,2025-12-14 16:00:00,,,,,,,0.0,0.0,True,False,False,DVALIN,0.0,0.0,False,True,0.0,IFD-DVAL1,INFO,OK: Position Fully Balanced.
IFD-EDFT1,2025-12-14 16:00:00,,,,,,,0.0,0.0,True,False,False,EDFT,0.0,0.0,False,True,0.0,IFG-EDFT1,INFO,OK: Position Fully Balanced.
IFG-EDFT1,2025-12-14 16:00:00,,,,,,,0.0,0.0,True,False,False,EDFT,0.0,0.0,False,True,0.0,IFD-EDFT1,INFO,OK: Position Fully Balanced.
IFD-ELTR1,2025-12-14 16:00:00,,,,,,,0.0,0.0,True,False,False,ELECTRO,0.0,0.0,False,True,0.0,IFG-ELTR1,INFO,OK: Position Fully Balanced.
IFG-ELTR1,2025-12-14 16:00:00,,,,,,,0.0,0.0,True,False,False,ELECTRO,0.0,0.0,False,True,0.0,IFD-ELTR1,INFO,OK: Position Fully Balanced.
IFG-EDMK1,2025-12-14 16:00:00,,,,,,,0.0,0.0,True,False,False,ENERGIDAN,0.0,0.0,False,True,0.0,IFD-EDMK1,INFO,OK: Position Fully Balanced.
IFD-EZCO1,2025-12-14 16:00:00,,,,,,,0.0,0.0,True,False,False,ENZEE,0.0,0.0,False,True,0.0,IFG-EZCO1,INFO,OK: Position Fully Balanced.
IFG-EZCO1,2025-12-14 16:00:00,,,,,,,0.0,0.0,True,False,False,ENZEE,0.0,0.0,False,True,0.0,IFD-EZCO1,INFO,OK: Position Fully Balanced.
IFG-GAZP1,2025-12-14 16:00:00,,,,,,,0.0,0.0,True,False,False,GAZPROM,0.0,0.0,False,True,0.0,IFD-GAZP1,INFO,OK: Position Fully Balanced.
IFG-HELI1,2025-12-14 16:00:00,,,,,,,0.0,0.0,True,False,False,HELIOS,0.0,0.0,False,True,0.0,IFD-HELI1,INFO,OK: Position Fully Balanced.
IFD-INCM1,2025-12-14 16:00:00,,,,,,,0.0,0.0,True,False,False,INCOM,0.0,0.0,False,True,0.0,IFG-INCM1,INFO,OK: Position Fully Balanced.
IFG-INCM1,2025-12-14 16:00:00,,,,,,,0.0,0.0,True,False,False,INCOM,0.0,0.0,False,True,0.0,IFD-INCM1,INFO,OK: Position Fully Balanced.
IFG-MFTE1,2025-12-14 16:00:00,,,,,,,0.0,0.0,True,False,False,MFT,0.0,0.0,False,True,0.0,IFD-MFTE1,INFO,OK: Position Fully Balanced.
IFD-NEAS1,2025-12-14 16:00:00,,,,,,,0.0,0.0,True,False,False,NEAS,0.0,0.0,False,True,0.0,IFG-NEAS1,INFO,OK: Position Fully Balanced.
IFG-NEAS1,2025-12-14 16:00:00,,,,,,,0.0,0.0,True,False,False,NEAS,0.0,0.0,False,True,0.0,IFD-NEAS1,INFO,OK: Position Fully Balanced.
IFD-NITR1,2025-12-14 16:00:00,,,,,,,0.0,0.0,True,False,False,NITOR,0.0,0.0,False,True,0.0,IFG-NITR1,INFO,OK: Position Fully Balanced.
IFG-NITR1,2025-12-14 16:00:00,,,,,,,0.0,0.0,True,False,False,NITOR,0.0,0.0,False,True,0.0,IFD-NITR1,INFO,OK: Position Fully Balanced.
IFG-NORL1,2025-12-14 16:00:00,,,,,,,0.0,0.0,True,False,False,NORLYS,0.0,0.0,False,True,0.0,IFD-NORL1,INFO,OK: Position Fully Balanced.
IFD-NTPL1,2025-12-14 16:00:00,,,,,,,0.0,0.0,True,False,False,NORTHPOOL,0.0,0.0,False,True,0.0,IFG-NTPL1,INFO,OK: Position Fully Balanced.
IFG-NTPL1,2025-12-14 16:00:00,,,,,,,0.0,0.0,True,False,False,NORTHPOOL,0.0,0.0,False,True,0.0,IFD-NTPL1,INFO,OK: Position Fully Balanced.
IFD-OUTL1,2025-12-14 16:00:00,,,,,,,0.0,0.0,True,False,False,OUTLOOK,0.0,0.0,False,True,0.0,IFG-OUTL1,INFO,OK: Position Fully Balanced.
IFG-PWMR1,2025-12-14 16:00:00,,,,,,,0.0,0.0,True,False,False,POWERMAR,0.0,0.0,False,True,0.0,IFD-PWMR1,INFO,OK: Position Fully Balanced.
IFG-QUEN1,2025-12-14 16:00:00,,,,,,,0.0,0.0,True,False,False,QUENT,0.0,0.0,False,True,0.0,IFD-QUEN1,INFO,OK: Position Fully Balanced.
IFD-TRLS1,2025-12-14 16:00:00,,,,,,,0.0,0.0,True,False,False,TRAIL,0.0,0.0,False,True,0.0,IFG-TRLS1,INFO,OK: Position Fully Balanced.
IFG-TRLS1,2025-12-14 16:00:00,,,,,,,0.0,0.0,True,False,False,TRAIL,0.0,0.0,False,True,0.0,IFD-TRLS1,INFO,OK: Position Fully Balanced.
IFD-VTFS1,2025-12-14 16:00:00,,,,,,,0.0,0.0,True,False,False,VATTENFALL,0.0,0.0,False,True,0.0,IFG-VTFS1,INFO,OK: Position Fully Balanced.
IFG-VSAL1,2025-12-14 16:00:00,,,,,,,0.0,0.0,True,False,False,VITOL,0.0,0.0,False,True,0.0,IFD-VSAL1,INFO,OK: Position Fully Balanced.
IFD-ALIP1,2025-12-14 16:00:00,,,,,,,0.0,0.0,True,False,False,,0.0,0.0,False,True,0.0,IFG-ALIP1,INFO,External party - no movement.
IFD-FLEX1,2025-12-14 16:00:00,,,,,,,0.0,0.0,True,False,False,,0.0,0.0,False,True,0.0,IFG-FLEX1,INFO,External party - no movement.
IFG-BNPS1,2025-12-14 16:00:00,,,,,,,0.0,0.0,True,False,False,,0.0,0.0,False,True,0.0,IFD-BNPS1,INFO,External party - no movement.
IFG-ENSC1,2025-12-14 16:00:00,,,,,,,0.0,0.0,True,False,False,,0.0,0.0,False,True,0.0,IFD-ENSC1,INFO,External party - no movement.
IFG-EPCO1,2025-12-14 16:00:00,,,,,,,0.0,0.0,True,False,False,,0.0,0.0,False,True,0.0,IFD-EPCO1,INFO,External party - no movement.
IFG-GENI1,2025-12-14 16:00:00,,,,,,,0.0,0.0,True,False,False,,0.0,0.0,False,True,0.0,IFD-GENI1,INFO,External party - no movement.
IFG-MCRA1,2025-12-14 16:00:00,,,,,,,0.0,0.0,True,False,False,,0.0,0.0,False,True,0.0,IFD-MCRA1,INFO,External party - no movement.
IFG-OMPX1,2025-12-14 16:00:00,,,,,,,0.0,0.0,True,False,False,,0.0,0.0,False,True,0.0,IFD-OMPX1,INFO,External party - no movement.
IFG-TFEE1,2025-12-14 16:00:00,,,,,,,0.0,0.0,True,False,False,,0.0,0.0,False,True,0.0,IFD-TFEE1,INFO,External party - no movement.
IFD-ATLS1,2025-12-14 17:00:00,,,,,,,0.0,0.0,True,False,False,AED75443,0.0,0.0,False,True,0.0,IFG-ATLS1,INFO,OK: Position Fully Balanced.
IFD-DSKC1,2025-12-14 17:00:00,,,,,,,0.0,0.0,True,False,False,DANSKE,0.0,0.0,False,True,0.0,IFG-DSKC1,INFO,OK: Position Fully Balanced.
IFG-DSKC1,2025-12-14 17:00:00,,,,,,,0.0,0.0,True,False,False,DANSKE,0.0,0.0,False,True,0.0,IFD-DSKC1,INFO,OK: Position Fully Balanced.
IFG-DVAL1,2025-12-14 17:00:00,,,,,,,0.0,0.0,True,False,False,DVALIN,0.0,0.0,False,True,0.0,IFD-DVAL1,INFO,OK: Position Fully Balanced.
IFD-EDFT1,2025-12-14 17:00:00,,,,,,,0.0,0.0,True,False,False,EDFT,0.0,0.0,False,True,0.0,IFG-EDFT1,INFO,OK: Position Fully Balanced.
IFG-EDFT1,2025-12-14 17:00:00,,,,,,,0.0,0.0,True,False,False,EDFT,0.0,0.0,False,True,0.0,IFD-EDFT1,INFO,OK: Position Fully Balanced.
IFD-ELTR1,2025-12-14 17:00:00,,,,,,,0.0,0.0,True,False,False,ELECTRO,0.0,0.0,False,True,0.0,IFG-ELTR1,INFO,OK: Position Fully Balanced.
IFG-ELTR1,2025-12-14 17:00:00,,,,,,,0.0,0.0,True,False,False,ELECTRO,0.0,0.0,False,True,0.0,IFD-ELTR1,INFO,OK: Position Fully Balanced.
IFG-EDMK1,2025-12-14 17:00:00,,,,,,,0.0,0.0,True,False,False,ENERGIDAN,0.0,0.0,False,True,0.0,IFD-EDMK1,INFO,OK: Position Fully Balanced.
IFD-EZCO1,2025-12-14 17:00:00,,,,,,,0.0,0.0,True,False,False,ENZEE,0.0,0.0,False,True,0.0,IFG-EZCO1,INFO,OK: Position Fully Balanced.
IFG-EZCO1,2025-12-14 17:00:00,,,,,,,0.0,0.0,True,False,False,ENZEE,0.0,0.0,False,True,0.0,IFD-EZCO1,INFO,OK: Position Fully Balanced.
IFG-GAZP1,2025-12-14 17:00:00,,,,,,,0.0,0.0,True,False,False,GAZPROM,0.0,0.0,False,True,0.0,IFD-GAZP1,INFO,OK: Position Fully Balanced.
IFG-HELI1,2025-12-14 17:00:00,,,,,,,0.0,0.0,True,False,False,HELIOS,0.0,0.0,False,True,0.0,IFD-HELI1,INFO,OK: Position Fully Balanced.
IFD-INCM1,2025-12-14 17:00:00,,,,,,,0.0,0.0,True,False,False,INCOM,0.0,0.0,False,True,0.0,IFG-INCM1,INFO,OK: Position Fully Balanced.
IFG-INCM1,2025-12-14 17:00:00,,,,,,,0.0,0.0,True,False,False,INCOM,0.0,0.0,False,True,0.0,IFD-INCM1,INFO,OK: Position Fully Balanced.
IFG-MFTE1,2025-12-14 17:00:00,,,,,,,0.0,0.0,True,False,False,MFT,0.0,0.0,False,True,0.0,IFD-MFTE1,INFO,OK: Position Fully Balanced.
IFD-NEAS1,2025-12-14 17:00:00,,,,,,,0.0,0.0,True,False,False,NEAS,0.0,0.0,False,True,0.0,IFG-NEAS1,INFO,OK: Position Fully Balanced.
IFG-NEAS1,2025-12-14 17:00:00,,,,,,,0.0,0.0,True,False,False,NEAS,0.0,0.0,False,True,0.0,IFD-NEAS1,INFO,OK: Position Fully Balanced.
IFD-NITR1,2025-12-14 17:00:00,,,,,,,0.0,0.0,True,False,False,NITOR,0.0,0.0,False,True,0.0,IFG-NITR1,INFO,OK: Position Fully Balanced.
IFG-NITR1,2025-12-14 17:00:00,,,,,,,0.0,0.0,True,False,False,NITOR,0.0,0.0,False,True,0.0,IFD-NITR1,INFO,OK: Position Fully Balanced.
IFG-NORL1,2025-12-14 17:00:00,,,,,,,0.0,0.0,True,False,False,NORLYS,0.0,0.0,False,True,0.0,IFD-NORL1,INFO,OK: Position Fully Balanced.
IFD-NTPL1,2025-12-14 17:00:00,,,,,,,0.0,0.0,True,False,False,NORTHPOOL,0.0,0.0,False,True,0.0,IFG-NTPL1,INFO,OK: Position Fully Balanced.
IFG-NTPL1,2025-12-14 17:00:00,,,,,,,0.0,0.0,True,False,False,NORTHPOOL,0.0,0.0,False,True,0.0,IFD-NTPL1,INFO,OK: Position Fully Balanced.
IFD-OUTL1,2025-12-14 17:00:00,,,,,,,0.0,0.0,True,False,False,OUTLOOK,0.0,0.0,False,True,0.0,IFG-OUTL1,INFO,OK: Position Fully Balanced.
IFG-PWMR1,2025-12-14 17:00:00,,,,,,,0.0,0.0,True,False,False,POWERMAR,0.0,0.0,False,True,0.0,IFD-PWMR1,INFO,OK: Position Fully Balanced.
IFG-QUEN1,2025-12-14 17:00:00,,,,,,,0.0,0.0,True,False,False,QUENT,0.0,0.0,False,True,0.0,IFD-QUEN1,INFO,OK: Position Fully Balanced.
IFD-TRLS1,2025-12-14 17:00:00,,,,,,,0.0,0.0,True,False,False,TRAIL,0.0,0.0,False,True,0.0,IFG-TRLS1,INFO,OK: Position Fully Balanced.
IFG-TRLS1,2025-12-14 17:00:00,,,,,,,0.0,0.0,True,False,False,TRAIL,0.0,0.0,False,True,0.0,IFD-TRLS1,INFO,OK: Position Fully Balanced.
IFD-VTFS1,2025-12-14 17:00:00,,,,,,,0.0,0.0,True,False,False,VATTENFALL,0.0,0.0,False,True,0.0,IFG-VTFS1,INFO,OK: Position Fully Balanced.
IFG-VSAL1,2025-12-14 17:00:00,,,,,,,0.0,0.0,True,False,False,VITOL,0.0,0.0,False,True,0.0,IFD-VSAL1,INFO,OK: Position Fully Balanced.
IFD-ALIP1,2025-12-14 17:00:00,,,,,,,0.0,0.0,True,False,False,,0.0,0.0,False,True,0.0,IFG-ALIP1,INFO,External party - no movement.
IFD-FLEX1,2025-12-14 17:00:00,,,,,,,0.0,0.0,True,False,False,,0.0,0.0,False,True,0.0,IFG-FLEX1,INFO,External party - no movement.
IFG-BNPS1,2025-12-14 17:00:00,,,,,,,0.0,0.0,True,False,False,,0.0,0.0,False,True,0.0,IFD-BNPS1,INFO,External party - no movement.
IFG-ENSC1,2025-12-14 17:00:00,,,,,,,0.0,0.0,True,False,False,,0.0,0.0,False,True,0.0,IFD-ENSC1,INFO,External party - no movement.
IFG-EPCO1,2025-12-14 17:00:00,,,,,,,0.0,0.0,True,False,False,,0.0,0.0,False,True,0.0,IFD-EPCO1,INFO,External party - no movement.
IFG-GENI1,2025-12-14 17:00:00,,,,,,,0.0,0.0,True,False,False,,0.0,0.0,False,True,0.0,IFD-GENI1,INFO,External party - no movement.
IFG-MCRA1,2025-12-14 17:00:00,,,,,,,0.0,0.0,True,False,False,,0.0,0.0,False,True,0.0,IFD-MCRA1,INFO,External party - no movement.
IFG-OMPX1,2025-12-14 17:00:00,,,,,,,0.0,0.0,True,False,False,,0.0,0.0,False,True,0.0,IFD-OMPX1,INFO,External party - no movement.
IFG-TFEE1,2025-12-14 17:00:00,,,,,,,0.0,0.0,True,False,False,,0.0,0.0,False,True,0.0,IFD-TFEE1,INFO,External party - no movement.
IFD-ATLS1,2025-12-14 18:00:00,,,,,,,0.0,0.0,True,False,False,AED75443,0.0,0.0,False,True,0.0,IFG-ATLS1,INFO,OK: Position Fully Balanced.
IFD-DSKC1,2025-12-14 18:00:00,,,,,,,0.0,0.0,True,False,False,DANSKE,0.0,0.0,False,True,0.0,IFG-DSKC1,INFO,OK: Position Fully Balanced.
IFG-DSKC1,2025-12-14 18:00:00,,,,,,,0.0,0.0,True,False,False,DANSKE,0.0,0.0,False,True,0.0,IFD-DSKC1,INFO,OK: Position Fully Balanced.
IFG-DVAL1,2025-12-14 18:00:00,,,,,,,0.0,0.0,True,False,False,DVALIN,0.0,0.0,False,True,0.0,IFD-DVAL1,INFO,OK: Position Fully Balanced.
IFD-EDFT1,2025-12-14 18:00:00,,,,,,,0.0,0.0,True,False,False,EDFT,0.0,0.0,False,True,0.0,IFG-EDFT1,INFO,OK: Position Fully Balanced.
IFG-EDFT1,2025-12-14 18:00:00,,,,,,,0.0,0.0,True,False,False,EDFT,0.0,0.0,False,True,0.0,IFD-EDFT1,INFO,OK: Position Fully Balanced.
IFD-ELTR1,2025-12-14 18:00:00,,,,,,,0.0,0.0,True,False,False,ELECTRO,0.0,0.0,False,True,0.0,IFG-ELTR1,INFO,OK: Position Fully Balanced.
IFG-ELTR1,2025-12-14 18:00:00,,,,,,,0.0,0.0,True,False,False,ELECTRO,0.0,0.0,False,True,0.0,IFD-ELTR1,INFO,OK: Position Fully Balanced.
IFG-EDMK1,2025-12-14 18:00:00,,,,,,,0.0,0.0,True,False,False,ENERGIDAN,0.0,0.0,False,True,0.0,IFD-EDMK1,INFO,OK: Position Fully Balanced.
IFD-EZCO1,2025-12-14 18:00:00,,,,,,,0.0,0.0,True,False,False,ENZEE,0.0,0.0,False,True,0.0,IFG-EZCO1,INFO,OK: Position Fully Balanced.
IFG-EZCO1,2025-12-14 18:00:00,,,,,,,0.0,0.0,True,False,False,ENZEE,0.0,0.0,False,True,0.0,IFD-EZCO1,INFO,OK: Position Fully Balanced.
IFG-GAZP1,2025-12-14 18:00:00,,,,,,,0.0,0.0,True,False,False,GAZPROM,0.0,0.0,False,True,0.0,IFD-GAZP1,INFO,OK: Position Fully Balanced.
IFG-HELI1,2025-12-14 18:00:00,,,,,,,0.0,0.0,True,False,False,HELIOS,0.0,0.0,False,True,0.0,IFD-HELI1,INFO,OK: Position Fully Balanced.
IFD-INCM1,2025-12-14 18:00:00,,,,,,,0.0,0.0,True,False,False,INCOM,0.0,0.0,False,True,0.0,IFG-INCM1,INFO,OK: Position Fully Balanced.
IFG-INCM1,2025-12-14 18:00:00,,,,,,,0.0,0.0,True,False,False,INCOM,0.0,0.0,False,True,0.0,IFD-INCM1,INFO,OK: Position Fully Balanced.
IFG-MFTE1,2025-12-14 18:00:00,,,,,,,0.0,0.0,True,False,False,MFT,0.0,0.0,False,True,0.0,IFD-MFTE1,INFO,OK: Position Fully Balanced.
IFD-NEAS1,2025-12-14 18:00:00,,,,,,,0.0,0.0,True,False,False,NEAS,0.0,0.0,False,True,0.0,IFG-NEAS1,INFO,OK: Position Fully Balanced.
IFG-NEAS1,2025-12-14 18:00:00,,,,,,,0.0,0.0,True,False,False,NEAS,0.0,0.0,False,True,0.0,IFD-NEAS1,INFO,OK: Position Fully Balanced.
IFD-NITR1,2025-12-14 18:00:00,,,,,,,0.0,0.0,True,False,False,NITOR,0.0,0.0,False,True,0.0,IFG-NITR1,INFO,OK: Position Fully Balanced.
IFG-NITR1,2025-12-14 18:00:00,,,,,,,0.0,0.0,True,False,False,NITOR,0.0,0.0,False,True,0.0,IFD-NITR1,INFO,OK: Position Fully Balanced.
IFG-NORL1,2025-12-14 18:00:00,,,,,,,0.0,0.0,True,False,False,NORLYS,0.0,0.0,False,True,0.0,IFD-NORL1,INFO,OK: Position Fully Balanced.
IFD-NTPL1,2025-12-14 18:00:00,,,,,,,0.0,0.0,True,False,False,NORTHPOOL,0.0,0.0,False,True,0.0,IFG-NTPL1,INFO,OK: Position Fully Balanced.
IFG-NTPL1,2025-12-14 18:00:00,,,,,,,0.0,0.0,True,False,False,NORTHPOOL,0.0,0.0,False,True,0.0,IFD-NTPL1,INFO,OK: Position Fully Balanced.
IFD-OUTL1,2025-12-14 18:00:00,,,,,,,0.0,0.0,True,False,False,OUTLOOK,0.0,0.0,False,True,0.0,IFG-OUTL1,INFO,OK: Position Fully Balanced.
IFG-PWMR1,2025-12-14 18:00:00,,,,,,,0.0,0.0,True,False,False,POWERMAR,0.0,0.0,False,True,0.0,IFD-PWMR1,INFO,OK: Position Fully Balanced.
IFG-QUEN1,2025-12-14 18:00:00,,,,,,,0.0,0.0,True,False,False,QUENT,0.0,0.0,False,True,0.0,IFD-QUEN1,INFO,OK: Position Fully Balanced.
IFD-TRLS1,2025-12-14 18:00:00,,,,,,,0.0,0.0,True,False,False,TRAIL,0.0,0.0,False,True,0.0,IFG-TRLS1,INFO,OK: Position Fully Balanced.
IFG-TRLS1,2025-12-14 18:00:00,,,,,,,0.0,0.0,True,False,False,TRAIL,0.0,0.0,False,True,0.0,IFD-TRLS1,INFO,OK: Position Fully Balanced.
IFD-VTFS1,2025-12-14 18:00:00,,,,,,,0.0,0.0,True,False,False,VATTENFALL,0.0,0.0,False,True,0.0,IFG-VTFS1,INFO,OK: Position Fully Balanced.
IFG-VSAL1,2025-12-14 18:00:00,,,,,,,0.0,0.0,True,False,False,VITOL,0.0,0.0,False,True,0.0,IFD-VSAL1,INFO,OK: Position Fully Balanced.
IFD-ALIP1,2025-12-14 18:00:00,,,,,,,0.0,0.0,True,False,False,,0.0,0.0,False,True,0.0,IFG-ALIP1,INFO,External party - no movement.
IFD-FLEX1,2025-12-14 18:00:00,,,,,,,0.0,0.0,True,False,False,,0.0,0.0,False,True,0.0,IFG-FLEX1,INFO,External party - no movement.
IFG-BNPS1,2025-12-14 18:00:00,,,,,,,0.0,0.0,True,False,False,,0.0,0.0,False,True,0.0,IFD-BNPS1,INFO,External party - no movement.
IFG-ENSC1,2025-12-14 18:00:00,,,,,,,0.0,0.0,True,False,False,,0.0,0.0,False,True,0.0,IFD-ENSC1,INFO,External party - no movement.
IFG-EPCO1,2025-12-14 18:00:00,,,,,,,0.0,0.0,True,False,False,,0.0,0.0,False,True,0.0,IFD-EPCO1,INFO,External party - no movement.
IFG-GENI1,2025-12-14 18:00:00,,,,,,,0.0,0.0,True,False,False,,0.0,0.0,False,True,0.0,IFD-GENI1,INFO,External party - no movement.
IFG-MCRA1,2025-12-14 18:00:00,,,,,,,0.0,0.0,True,False,False,,0.0,0.0,False,True,0.0,IFD-MCRA1,INFO,External party - no movement.
IFG-OMPX1,2025-12-14 18:00:00,,,,,,,0.0,0.0,True,False,False,,0.0,0.0,False,True,0.0,IFD-OMPX1,INFO,External party - no movement.
IFG-TFEE1,2025-12-14 18:00:00,,,,,,,0.0,0.0,True,False,False,,0.0,0.0,False,True,0.0,IFD-TFEE1,INFO,External party - no movement.
IFD-ATLS1,2025-12-14 19:00:00,,,,,,,0.0,0.0,True,False,False,AED75443,0.0,0.0,False,True,0.0,IFG-ATLS1,INFO,OK: Position Fully Balanced.
IFD-DSKC1,2025-12-14 19:00:00,,,,,,,0.0,0.0,True,False,False,DANSKE,0.0,0.0,False,True,0.0,IFG-DSKC1,INFO,OK: Position Fully Balanced.
IFG-DSKC1,2025-12-14 19:00:00,,,,,,,0.0,0.0,True,False,False,DANSKE,0.0,0.0,False,True,0.0,IFD-DSKC1,INFO,OK: Position Fully Balanced.
IFG-DVAL1,2025-12-14 19:00:00,,,,,,,0.0,0.0,True,False,False,DVALIN,0.0,0.0,False,True,0.0,IFD-DVAL1,INFO,OK: Position Fully Balanced.
IFD-EDFT1,2025-12-14 19:00:00,,,,,,,0.0,0.0,True,False,False,EDFT,0.0,0.0,False,True,0.0,IFG-EDFT1,INFO,OK: Position Fully Balanced.
IFG-EDFT1,2025-12-14 19:00:00,,,,,,,0.0,0.0,True,False,False,EDFT,0.0,0.0,False,True,0.0,IFD-EDFT1,INFO,OK: Position Fully Balanced.
IFD-ELTR1,2025-12-14 19:00:00,,,,,,,0.0,0.0,True,False,False,ELECTRO,0.0,0.0,False,True,0.0,IFG-ELTR1,INFO,OK: Position Fully Balanced.
IFG-ELTR1,2025-12-14 19:00:00,,,,,,,0.0,0.0,True,False,False,ELECTRO,0.0,0.0,False,True,0.0,IFD-ELTR1,INFO,OK: Position Fully Balanced.
IFG-EDMK1,2025-12-14 19:00:00,,,,,,,0.0,0.0,True,False,False,ENERGIDAN,0.0,0.0,False,True,0.0,IFD-EDMK1,INFO,OK: Position Fully Balanced.
IFD-EZCO1,2025-12-14 19:00:00,,,,,,,0.0,0.0,True,False,False,ENZEE,0.0,0.0,False,True,0.0,IFG-EZCO1,INFO,OK: Position Fully Balanced.
IFG-EZCO1,2025-12-14 19:00:00,,,,,,,0.0,0.0,True,False,False,ENZEE,0.0,0.0,False,True,0.0,IFD-EZCO1,INFO,OK: Position Fully Balanced.
IFG-GAZP1,2025-12-14 19:00:00,,,,,,,0.0,0.0,True,False,False,GAZPROM,0.0,0.0,False,True,0.0,IFD-GAZP1,INFO,OK: Position Fully Balanced.
IFG-HELI1,2025-12-14 19:00:00,,,,,,,0.0,0.0,True,False,False,HELIOS,0.0,0.0,False,True,0.0,IFD-HELI1,INFO,OK: Position Fully Balanced.
IFD-INCM1,2025-12-14 19:00:00,,,,,,,0.0,0.0,True,False,False,INCOM,0.0,0.0,False,True,0.0,IFG-INCM1,INFO,OK: Position Fully Balanced.
IFG-INCM1,2025-12-14 19:00:00,,,,,,,0.0,0.0,True,False,False,INCOM,0.0,0.0,False,True,0.0,IFD-INCM1,INFO,OK: Position Fully Balanced.
IFG-MFTE1,2025-12-14 19:00:00,,,,,,,0.0,0.0,True,False,False,MFT,0.0,0.0,False,True,0.0,IFD-MFTE1,INFO,OK: Position Fully Balanced.
IFD-NEAS1,2025-12-14 19:00:00,,,,,,,0.0,0.0,True,False,False,NEAS,0.0,0.0,False,True,0.0,IFG-NEAS1,INFO,OK: Position Fully Balanced.
IFG-NEAS1,2025-12-14 19:00:00,,,,,,,0.0,0.0,True,False,False,NEAS,0.0,0.0,False,True,0.0,IFD-NEAS1,INFO,OK: Position Fully Balanced.
IFD-NITR1,2025-12-14 19:00:00,,,,,,,0.0,0.0,True,False,False,NITOR,0.0,0.0,False,True,0.0,IFG-NITR1,INFO,OK: Position Fully Balanced.
IFG-NITR1,2025-12-14 19:00:00,,,,,,,0.0,0.0,True,False,False,NITOR,0.0,0.0,False,True,0.0,IFD-NITR1,INFO,OK: Position Fully Balanced.
IFG-NORL1,2025-12-14 19:00:00,,,,,,,0.0,0.0,True,False,False,NORLYS,0.0,0.0,False,True,0.0,IFD-NORL1,INFO,OK: Position Fully Balanced.
IFD-NTPL1,2025-12-14 19:00:00,,,,,,,0.0,0.0,True,False,False,NORTHPOOL,0.0,0.0,False,True,0.0,IFG-NTPL1,INFO,OK: Position Fully Balanced.
IFG-NTPL1,2025-12-14 19:00:00,,,,,,,0.0,0.0,True,False,False,NORTHPOOL,0.0,0.0,False,True,0.0,IFD-NTPL1,INFO,OK: Position Fully Balanced.
IFD-OUTL1,2025-12-14 19:00:00,,,,,,,0.0,0.0,True,False,False,OUTLOOK,0.0,0.0,False,True,0.0,IFG-OUTL1,INFO,OK: Position Fully Balanced.
IFG-PWMR1,2025-12-14 19:00:00,,,,,,,0.0,0.0,True,False,False,POWERMAR,0.0,0.0,False,True,0.0,IFD-PWMR1,INFO,OK: Position Fully Balanced.
IFG-QUEN1,2025-12-14 19:00:00,,,,,,,0.0,0.0,True,False,False,QUENT,0.0,0.0,False,True,0.0,IFD-QUEN1,INFO,OK: Position Fully Balanced.
IFD-TRLS1,2025-12-14 19:00:00,,,,,,,0.0,0.0,True,False,False,TRAIL,0.0,0.0,False,True,0.0,IFG-TRLS1,INFO,OK: Position Fully Balanced.
IFG-TRLS1,2025-12-14 19:00:00,,,,,,,0.0,0.0,True,False,False,TRAIL,0.0,0.0,False,True,0.0,IFD-TRLS1,INFO,OK: Position Fully Balanced.
IFD-VTFS1,2025-12-14 19:00:00,,,,,,,0.0,0.0,True,False,False,VATTENFALL,0.0,0.0,False,True,0.0,IFG-VTFS1,INFO,OK: Position Fully Balanced.
IFG-VSAL1,2025-12-14 19:00:00,,,,,,,0.0,0.0,True,False,False,VITOL,0.0,0.0,False,True,0.0,IFD-VSAL1,INFO,OK: Position Fully Balanced.
IFD-ALIP1,2025-12-14 19:00:00,,,,,,,0.0,0.0,True,False,False,,0.0,0.0,False,True,0.0,IFG-ALIP1,INFO,External party - no movement.
IFD-FLEX1,2025-12-14 19:00:00,,,,,,,0.0,0.0,True,False,False,,0.0,0.0,False,True,0.0,IFG-FLEX1,INFO,External party - no movement.
IFG-BNPS1,2025-12-14 19:00:00,,,,,,,0.0,0.0,True,False,False,,0.0,0.0,False,True,0.0,IFD-BNPS1,INFO,External party - no movement.
IFG-ENSC1,2025-12-14 19:00:00,,,,,,,0.0,0.0,True,False,False,,0.0,0.0,False,True,0.0,IFD-ENSC1,INFO,External party - no movement.
IFG-EPCO1,2025-12-14 19:00:00,,,,,,,0.0,0.0,True,False,False,,0.0,0.0,False,True,0.0,IFD-EPCO1,INFO,External party - no movement.
IFG-GENI1,2025-12-14 19:00:00,,,,,,,0.0,0.0,True,False,False,,0.0,0.0,False,True,0.0,IFD-GENI1,INFO,External party - no movement.
IFG-MCRA1,2025-12-14 19:00:00,,,,,,,0.0,0.0,True,False,False,,0.0,0.0,False,True,0.0,IFD-MCRA1,INFO,External party - no movement.
IFG-OMPX1,2025-12-14 19:00:00,,,,,,,0.0,0.0,True,False,False,,0.0,0.0,False,True,0.0,IFD-OMPX1,INFO,External party - no movement.
IFG-TFEE1,2025-12-14 19:00:00,,,,,,,0.0,0.0,True,False,False,,0.0,0.0,False,True,0.0,IFD-TFEE1,INFO,External party - no movement.
IFD-ATLS1,2025-12-14 20:00:00,,,,,,,0.0,0.0,True,False,False,AED75443,0.0,0.0,False,True,0.0,IFG-ATLS1,INFO,OK: Position Fully Balanced.
IFD-DSKC1,2025-12-14 20:00:00,,,,,,,0.0,0.0,True,False,False,DANSKE,0.0,0.0,False,True,0.0,IFG-DSKC1,INFO,OK: Position Fully Balanced.
IFG-DSKC1,2025-12-14 20:00:00,,,,,,,0.0,0.0,True,False,False,DANSKE,0.0,0.0,False,True,0.0,IFD-DSKC1,INFO,OK: Position Fully Balanced.
IFG-DVAL1,2025-12-14 20:00:00,,,,,,,0.0,0.0,True,False,False,DVALIN,0.0,0.0,False,True,0.0,IFD-DVAL1,INFO,OK: Position Fully Balanced.
IFD-EDFT1,2025-12-14 20:00:00,,,,,,,0.0,0.0,True,False,False,EDFT,0.0,0.0,False,True,0.0,IFG-EDFT1,INFO,OK: Position Fully Balanced.
IFG-EDFT1,2025-12-14 20:00:00,,,,,,,0.0,0.0,True,False,False,EDFT,0.0,0.0,False,True,0.0,IFD-EDFT1,INFO,OK: Position Fully Balanced.
IFD-ELTR1,2025-12-14 20:00:00,,,,,,,0.0,0.0,True,False,False,ELECTRO,0.0,0.0,False,True,0.0,IFG-ELTR1,INFO,OK: Position Fully Balanced.
IFG-ELTR1,2025-12-14 20:00:00,,,,,,,0.0,0.0,True,False,False,ELECTRO,0.0,0.0,False,True,0.0,IFD-ELTR1,INFO,OK: Position Fully Balanced.
IFG-EDMK1,2025-12-14 20:00:00,,,,,,,0.0,0.0,True,False,False,ENERGIDAN,0.0,0.0,False,True,0.0,IFD-EDMK1,INFO,OK: Position Fully Balanced.
IFD-EZCO1,2025-12-14 20:00:00,,,,,,,0.0,0.0,True,False,False,ENZEE,0.0,0.0,False,True,0.0,IFG-EZCO1,INFO,OK: Position Fully Balanced.
IFG-EZCO1,2025-12-14 20:00:00,,,,,,,0.0,0.0,True,False,False,ENZEE,0.0,0.0,False,True,0.0,IFD-EZCO1,INFO,OK: Position Fully Balanced.
IFG-GAZP1,2025-12-14 20:00:00,,,,,,,0.0,0.0,True,False,False,GAZPROM,0.0,0.0,False,True,0.0,IFD-GAZP1,INFO,OK: Position Fully Balanced.
IFG-HELI1,2025-12-14 20:00:00,,,,,,,0.0,0.0,True,False,False,HELIOS,0.0,0.0,False,True,0.0,IFD-HELI1,INFO,OK: Position Fully Balanced.
IFD-INCM1,2025-12-14 20:00:00,,,,,,,0.0,0.0,True,False,False,INCOM,0.0,0.0,False,True,0.0,IFG-INCM1,INFO,OK: Position Fully Balanced.
IFG-INCM1,2025-12-14 20:00:00,,,,,,,0.0,0.0,True,False,False,INCOM,0.0,0.0,False,True,0.0,IFD-INCM1,INFO,OK: Position Fully Balanced.
IFG-MFTE1,2025-12-14 20:00:00,,,,,,,0.0,0.0,True,False,False,MFT,0.0,0.0,False,True,0.0,IFD-MFTE1,INFO,OK: Position Fully Balanced.
IFD-NEAS1,2025-12-14 20:00:00,,,,,,,0.0,0.0,True,False,False,NEAS,0.0,0.0,False,True,0.0,IFG-NEAS1,INFO,OK: Position Fully Balanced.
IFG-NEAS1,2025-12-14 20:00:00,,,,,,,0.0,0.0,True,False,False,NEAS,0.0,0.0,False,True,0.0,IFD-NEAS1,INFO,OK: Position Fully Balanced.
IFD-NITR1,2025-12-14 20:00:00,,,,,,,0.0,0.0,True,False,False,NITOR,0.0,0.0,False,True,0.0,IFG-NITR1,INFO,OK: Position Fully Balanced.
IFG-NITR1,2025-12-14 20:00:00,,,,,,,0.0,0.0,True,False,False,NITOR,0.0,0.0,False,True,0.0,IFD-NITR1,INFO,OK: Position Fully Balanced.
IFG-NORL1,2025-12-14 20:00:00,,,,,,,0.0,0.0,True,False,False,NORLYS,0.0,0.0,False,True,0.0,IFD-NORL1,INFO,OK: Position Fully Balanced.
IFD-NTPL1,2025-12-14 20:00:00,,,,,,,0.0,0.0,True,False,False,NORTHPOOL,0.0,0.0,False,True,0.0,IFG-NTPL1,INFO,OK: Position Fully Balanced.
IFG-NTPL1,2025-12-14 20:00:00,,,,,,,0.0,0.0,True,False,False,NORTHPOOL,0.0,0.0,False,True,0.0,IFD-NTPL1,INFO,OK: Position Fully Balanced.
IFD-OUTL1,2025-12-14 20:00:00,,,,,,,0.0,0.0,True,False,False,OUTLOOK,0.0,0.0,False,True,0.0,IFG-OUTL1,INFO,OK: Position Fully Balanced.
IFG-PWMR1,2025-12-14 20:00:00,,,,,,,0.0,0.0,True,False,False,POWERMAR,0.0,0.0,False,True,0.0,IFD-PWMR1,INFO,OK: Position Fully Balanced.
IFG-QUEN1,2025-12-14 20:00:00,,,,,,,0.0,0.0,True,False,False,QUENT,0.0,0.0,False,True,0.0,IFD-QUEN1,INFO,OK: Position Fully Balanced.
IFD-TRLS1,2025-12-14 20:00:00,,,,,,,0.0,0.0,True,False,False,TRAIL,0.0,0.0,False,True,0.0,IFG-TRLS1,INFO,OK: Position Fully Balanced.
IFG-TRLS1,2025-12-14 20:00:00,,,,,,,0.0,0.0,True,False,False,TRAIL,0.0,0.0,False,True,0.0,IFD-TRLS1,INFO,OK: Position Fully Balanced.
IFD-VTFS1,2025-12-14 20:00:00,,,,,,,0.0,0.0,True,False,False,VATTENFALL,0.0,0.0,False,True,0.0,IFG-VTFS1,INFO,OK: Position Fully Balanced.
IFG-VSAL1,2025-12-14 20:00:00,,,,,,,0.0,0.0,True,False,False,VITOL,0.0,0.0,False,True,0.0,IFD-VSAL1,INFO,OK: Position Fully Balanced.
IFD-ALIP1,2025-12-14 20:00:00,,,,,,,0.0,0.0,True,False,False,,0.0,0.0,False,True,0.0,IFG-ALIP1,INFO,External party - no movement.
IFD-FLEX1,2025-12-14 20:00:00,,,,,,,0.0,0.0,True,False,False,,0.0,0.0,False,True,0.0,IFG-FLEX1,INFO,External party - no movement.
IFG-BNPS1,2025-12-14 20:00:00,,,,,,,0.0,0.0,True,False,False,,0.0,0.0,False,True,0.0,IFD-BNPS1,INFO,External party - no movement.
IFG-ENSC1,2025-12-14 20:00:00,,,,,,,0.0,0.0,True,False,False,,0.0,0.0,False,True,0.0,IFD-ENSC1,INFO,External party - no movement.
IFG-EPCO1,2025-12-14 20:00:00,,,,,,,0.0,0.0,True,False,False,,0.0,0.0,False,True,0.0,IFD-EPCO1,INFO,External party - no movement.
IFG-GENI1,2025-12-14 20:00:00,,,,,,,0.0,0.0,True,False,False,,0.0,0.0,False,True,0.0,IFD-GENI1,INFO,External party - no movement.
IFG-MCRA1,2025-12-14 20:00:00,,,,,,,0.0,0.0,True,False,False,,0.0,0.0,False,True,0.0,IFD-MCRA1,INFO,External party - no movement.
IFG-OMPX1,2025-12-14 20:00:00,,,,,,,0.0,0.0,True,False,False,,0.0,0.0,False,True,0.0,IFD-OMPX1,INFO,External party - no movement.
IFG-TFEE1,2025-12-14 20:00:00,,,,,,,0.0,0.0,True,False,False,,0.0,0.0,False,True,0.0,IFD-TFEE1,INFO,External party - no movement.
IFD-ATLS1,2025-12-14 21:00:00,,,,,,,0.0,0.0,True,False,False,AED75443,0.0,0.0,False,True,0.0,IFG-ATLS1,INFO,OK: Position Fully Balanced.
IFD-DSKC1,2025-12-14 21:00:00,,,,,,,0.0,0.0,True,False,False,DANSKE,0.0,0.0,False,True,0.0,IFG-DSKC1,INFO,OK: Position Fully Balanced.
IFG-DSKC1,2025-12-14 21:00:00,,,,,,,0.0,0.0,True,False,False,DANSKE,0.0,0.0,False,True,0.0,IFD-DSKC1,INFO,OK: Position Fully Balanced.
IFG-DVAL1,2025-12-14 21:00:00,,,,,,,0.0,0.0,True,False,False,DVALIN,0.0,0.0,False,True,0.0,IFD-DVAL1,INFO,OK: Position Fully Balanced.
IFD-EDFT1,2025-12-14 21:00:00,,,,,,,0.0,0.0,True,False,False,EDFT,0.0,0.0,False,True,0.0,IFG-EDFT1,INFO,OK: Position Fully Balanced.
IFG-EDFT1,2025-12-14 21:00:00,,,,,,,0.0,0.0,True,False,False,EDFT,0.0,0.0,False,True,0.0,IFD-EDFT1,INFO,OK: Position Fully Balanced.
IFD-ELTR1,2025-12-14 21:00:00,,,,,,,0.0,0.0,True,False,False,ELECTRO,0.0,0.0,False,True,0.0,IFG-ELTR1,INFO,OK: Position Fully Balanced.
IFG-ELTR1,2025-12-14 21:00:00,,,,,,,0.0,0.0,True,False,False,ELECTRO,0.0,0.0,False,True,0.0,IFD-ELTR1,INFO,OK: Position Fully Balanced.
IFG-EDMK1,2025-12-14 21:00:00,,,,,,,0.0,0.0,True,False,False,ENERGIDAN,0.0,0.0,False,True,0.0,IFD-EDMK1,INFO,OK: Position Fully Balanced.
IFD-EZCO1,2025-12-14 21:00:00,,,,,,,0.0,0.0,True,False,False,ENZEE,0.0,0.0,False,True,0.0,IFG-EZCO1,INFO,OK: Position Fully Balanced.
IFG-EZCO1,2025-12-14 21:00:00,,,,,,,0.0,0.0,True,False,False,ENZEE,0.0,0.0,False,True,0.0,IFD-EZCO1,INFO,OK: Position Fully Balanced.
IFG-GAZP1,2025-12-14 21:00:00,,,,,,,0.0,0.0,True,False,False,GAZPROM,0.0,0.0,False,True,0.0,IFD-GAZP1,INFO,OK: Position Fully Balanced.
IFG-HELI1,2025-12-14 21:00:00,,,,,,,0.0,0.0,True,False,False,HELIOS,0.0,0.0,False,True,0.0,IFD-HELI1,INFO,OK: Position Fully Balanced.
IFD-INCM1,2025-12-14 21:00:00,,,,,,,0.0,0.0,True,False,False,INCOM,0.0,0.0,False,True,0.0,IFG-INCM1,INFO,OK: Position Fully Balanced.
IFG-INCM1,2025-12-14 21:00:00,,,,,,,0.0,0.0,True,False,False,INCOM,0.0,0.0,False,True,0.0,IFD-INCM1,INFO,OK: Position Fully Balanced.
IFG-MFTE1,2025-12-14 21:00:00,,,,,,,0.0,0.0,True,False,False,MFT,0.0,0.0,False,True,0.0,IFD-MFTE1,INFO,OK: Position Fully Balanced.
IFD-NEAS1,2025-12-14 21:00:00,,,,,,,0.0,0.0,True,False,False,NEAS,0.0,0.0,False,True,0.0,IFG-NEAS1,INFO,OK: Position Fully Balanced.
IFG-NEAS1,2025-12-14 21:00:00,,,,,,,0.0,0.0,True,False,False,NEAS,0.0,0.0,False,True,0.0,IFD-NEAS1,INFO,OK: Position Fully Balanced.
IFD-NITR1,2025-12-14 21:00:00,,,,,,,0.0,0.0,True,False,False,NITOR,0.0,0.0,False,True,0.0,IFG-NITR1,INFO,OK: Position Fully Balanced.
IFG-NITR1,2025-12-14 21:00:00,,,,,,,0.0,0.0,True,False,False,NITOR,0.0,0.0,False,True,0.0,IFD-NITR1,INFO,OK: Position Fully Balanced.
IFG-NORL1,2025-12-14 21:00:00,,,,,,,0.0,0.0,True,False,False,NORLYS,0.0,0.0,False,True,0.0,IFD-NORL1,INFO,OK: Position Fully Balanced.
IFD-NTPL1,2025-12-14 21:00:00,,,,,,,0.0,0.0,True,False,False,NORTHPOOL,0.0,0.0,False,True,0.0,IFG-NTPL1,INFO,OK: Position Fully Balanced.
IFG-NTPL1,2025-12-14 21:00:00,,,,,,,0.0,0.0,True,False,False,NORTHPOOL,0.0,0.0,False,True,0.0,IFD-NTPL1,INFO,OK: Position Fully Balanced.
IFD-OUTL1,2025-12-14 21:00:00,,,,,,,0.0,0.0,True,False,False,OUTLOOK,0.0,0.0,False,True,0.0,IFG-OUTL1,INFO,OK: Position Fully Balanced.
IFG-PWMR1,2025-12-14 21:00:00,,,,,,,0.0,0.0,True,False,False,POWERMAR,0.0,0.0,False,True,0.0,IFD-PWMR1,INFO,OK: Position Fully Balanced.
IFG-QUEN1,2025-12-14 21:00:00,,,,,,,0.0,0.0,True,False,False,QUENT,0.0,0.0,False,True,0.0,IFD-QUEN1,INFO,OK: Position Fully Balanced.
IFD-TRLS1,2025-12-14 21:00:00,,,,,,,0.0,0.0,True,False,False,TRAIL,0.0,0.0,False,True,0.0,IFG-TRLS1,INFO,OK: Position Fully Balanced.
IFG-TRLS1,2025-12-14 21:00:00,,,,,,,0.0,0.0,True,False,False,TRAIL,0.0,0.0,False,True,0.0,IFD-TRLS1,INFO,OK: Position Fully Balanced.
IFD-VTFS1,2025-12-14 21:00:00,,,,,,,0.0,0.0,True,False,False,VATTENFALL,0.0,0.0,False,True,0.0,IFG-VTFS1,INFO,OK: Position Fully Balanced.
IFG-VSAL1,2025-12-14 21:00:00,,,,,,,0.0,0.0,True,False,False,VITOL,0.0,0.0,False,True,0.0,IFD-VSAL1,INFO,OK: Position Fully Balanced.
IFD-ALIP1,2025-12-14 21:00:00,,,,,,,0.0,0.0,True,False,False,,0.0,0.0,False,True,0.0,IFG-ALIP1,INFO,External party - no movement.
IFD-FLEX1,2025-12-14 21:00:00,,,,,,,0.0,0.0,True,False,False,,0.0,0.0,False,True,0.0,IFG-FLEX1,INFO,External party - no movement.
IFG-BNPS1,2025-12-14 21:00:00,,,,,,,0.0,0.0,True,False,False,,0.0,0.0,False,True,0.0,IFD-BNPS1,INFO,External party - no movement.
IFG-ENSC1,2025-12-14 21:00:00,,,,,,,0.0,0.0,True,False,False,,0.0,0.0,False,True,0.0,IFD-ENSC1,INFO,External party - no movement.
IFG-EPCO1,2025-12-14 21:00:00,,,,,,,0.0,0.0,True,False,False,,0.0,0.0,False,True,0.0,IFD-EPCO1,INFO,External party - no movement.
IFG-GENI1,2025-12-14 21:00:00,,,,,,,0.0,0.0,True,False,False,,0.0,0.0,False,True,0.0,IFD-GENI1,INFO,External party - no movement.
IFG-MCRA1,2025-12-14 21:00:00,,,,,,,0.0,0.0,True,False,False,,0.0,0.0,False,True,0.0,IFD-MCRA1,INFO,External party - no movement.
IFG-OMPX1,2025-12-14 21:00:00,,,,,,,0.0,0.0,True,False,False,,0.0,0.0,False,True,0.0,IFD-OMPX1,INFO,External party - no movement.
IFG-TFEE1,2025-12-14 21:00:00,,,,,,,0.0,0.0,True,False,False,,0.0,0.0,False,True,0.0,IFD-TFEE1,INFO,External party - no movement.
IFD-ATLS1,2025-12-14 22:00:00,,,,,,,0.0,0.0,True,False,False,AED75443,0.0,0.0,False,True,0.0,IFG-ATLS1,INFO,OK: Position Fully Balanced.
IFD-DSKC1,2025-12-14 22:00:00,,,,,,,0.0,0.0,True,False,False,DANSKE,0.0,0.0,False,True,0.0,IFG-DSKC1,INFO,OK: Position Fully Balanced.
IFG-DSKC1,2025-12-14 22:00:00,,,,,,,0.0,0.0,True,False,False,DANSKE,0.0,0.0,False,True,0.0,IFD-DSKC1,INFO,OK: Position Fully Balanced.
IFG-DVAL1,2025-12-14 22:00:00,,,,,,,0.0,0.0,True,False,False,DVALIN,0.0,0.0,False,True,0.0,IFD-DVAL1,INFO,OK: Position Fully Balanced.
IFD-EDFT1,2025-12-14 22:00:00,,,,,,,0.0,0.0,True,False,False,EDFT,0.0,0.0,False,True,0.0,IFG-EDFT1,INFO,OK: Position Fully Balanced.
IFG-EDFT1,2025-12-14 22:00:00,,,,,,,0.0,0.0,True,False,False,EDFT,0.0,0.0,False,True,0.0,IFD-EDFT1,INFO,OK: Position Fully Balanced.
IFD-ELTR1,2025-12-14 22:00:00,,,,,,,0.0,0.0,True,False,False,ELECTRO,0.0,0.0,False,True,0.0,IFG-ELTR1,INFO,OK: Position Fully Balanced.
IFG-ELTR1,2025-12-14 22:00:00,,,,,,,0.0,0.0,True,False,False,ELECTRO,0.0,0.0,False,True,0.0,IFD-ELTR1,INFO,OK: Position Fully Balanced.
IFG-EDMK1,2025-12-14 22:00:00,,,,,,,0.0,0.0,True,False,False,ENERGIDAN,0.0,0.0,False,True,0.0,IFD-EDMK1,INFO,OK: Position Fully Balanced.
IFD-EZCO1,2025-12-14 22:00:00,,,,,,,0.0,0.0,True,False,False,ENZEE,0.0,0.0,False,True,0.0,IFG-EZCO1,INFO,OK: Position Fully Balanced.
IFG-EZCO1,2025-12-14 22:00:00,,,,,,,0.0,0.0,True,False,False,ENZEE,0.0,0.0,False,True,0.0,IFD-EZCO1,INFO,OK: Position Fully Balanced.
IFG-GAZP1,2025-12-14 22:00:00,,,,,,,0.0,0.0,True,False,False,GAZPROM,0.0,0.0,False,True,0.0,IFD-GAZP1,INFO,OK: Position Fully Balanced.
IFG-HELI1,2025-12-14 22:00:00,,,,,,,0.0,0.0,True,False,False,HELIOS,0.0,0.0,False,True,0.0,IFD-HELI1,INFO,OK: Position Fully Balanced.
IFD-INCM1,2025-12-14 22:00:00,,,,,,,0.0,0.0,True,False,False,INCOM,0.0,0.0,False,True,0.0,IFG-INCM1,INFO,OK: Position Fully Balanced.
IFG-INCM1,2025-12-14 22:00:00,,,,,,,0.0,0.0,True,False,False,INCOM,0.0,0.0,False,True,0.0,IFD-INCM1,INFO,OK: Position Fully Balanced.
IFG-MFTE1,2025-12-14 22:00:00,,,,,,,0.0,0.0,True,False,False,MFT,0.0,0.0,False,True,0.0,IFD-MFTE1,INFO,OK: Position Fully Balanced.
IFD-NEAS1,2025-12-14 22:00:00,,,,,,,0.0,0.0,True,False,False,NEAS,0.0,0.0,False,True,0.0,IFG-NEAS1,INFO,OK: Position Fully Balanced.
IFG-NEAS1,2025-12-14 22:00:00,,,,,,,0.0,0.0,True,False,False,NEAS,0.0,0.0,False,True,0.0,IFD-NEAS1,INFO,OK: Position Fully Balanced.
IFD-NITR1,2025-12-14 22:00:00,,,,,,,0.0,0.0,True,False,False,NITOR,0.0,0.0,False,True,0.0,IFG-NITR1,INFO,OK: Position Fully Balanced.
IFG-NITR1,2025-12-14 22:00:00,,,,,,,0.0,0.0,True,False,False,NITOR,0.0,0.0,False,True,0.0,IFD-NITR1,INFO,OK: Position Fully Balanced.
IFG-NORL1,2025-12-14 22:00:00,,,,,,,0.0,0.0,True,False,False,NORLYS,0.0,0.0,False,True,0.0,IFD-NORL1,INFO,OK: Position Fully Balanced.
IFD-NTPL1,2025-12-14 22:00:00,,,,,,,0.0,0.0,True,False,False,NORTHPOOL,0.0,0.0,False,True,0.0,IFG-NTPL1,INFO,OK: Position Fully Balanced.
IFG-NTPL1,2025-12-14 22:00:00,,,,,,,0.0,0.0,True,False,False,NORTHPOOL,0.0,0.0,False,True,0.0,IFD-NTPL1,INFO,OK: Position Fully Balanced.
IFD-OUTL1,2025-12-14 22:00:00,,,,,,,0.0,0.0,True,False,False,OUTLOOK,0.0,0.0,False,True,0.0,IFG-OUTL1,INFO,OK: Position Fully Balanced.
IFG-PWMR1,2025-12-14 22:00:00,,,,,,,0.0,0.0,True,False,False,POWERMAR,0.0,0.0,False,True,0.0,IFD-PWMR1,INFO,OK: Position Fully Balanced.
IFG-QUEN1,2025-12-14 22:00:00,,,,,,,0.0,0.0,True,False,False,QUENT,0.0,0.0,False,True,0.0,IFD-QUEN1,INFO,OK: Position Fully Balanced.
IFD-TRLS1,2025-12-14 22:00:00,,,,,,,0.0,0.0,True,False,False,TRAIL,0.0,0.0,False,True,0.0,IFG-TRLS1,INFO,OK: Position Fully Balanced.
IFG-TRLS1,2025-12-14 22:00:00,,,,,,,0.0,0.0,True,False,False,TRAIL,0.0,0.0,False,True,0.0,IFD-TRLS1,INFO,OK: Position Fully Balanced.
IFD-VTFS1,2025-12-14 22:00:00,,,,,,,0.0,0.0,True,False,False,VATTENFALL,0.0,0.0,False,True,0.0,IFG-VTFS1,INFO,OK: Position Fully Balanced.
IFG-VSAL1,2025-12-14 22:00:00,,,,,,,0.0,0.0,True,False,False,VITOL,0.0,0.0,False,True,0.0,IFD-VSAL1,INFO,OK: Position Fully Balanced.
IFD-ALIP1,2025-12-14 22:00:00,,,,,,,0.0,0.0,True,False,False,,0.0,0.0,False,True,0.0,IFG-ALIP1,INFO,External party - no movement.
IFD-FLEX1,2025-12-14 22:00:00,,,,,,,0.0,0.0,True,False,False,,0.0,0.0,False,True,0.0,IFG-FLEX1,INFO,External party - no movement.
IFG-BNPS1,2025-12-14 22:00:00,,,,,,,0.0,0.0,True,False,False,,0.0,0.0,False,True,0.0,IFD-BNPS1,INFO,External party - no movement.
IFG-ENSC1,2025-12-14 22:00:00,,,,,,,0.0,0.0,True,False,False,,0.0,0.0,False,True,0.0,IFD-ENSC1,INFO,External party - no movement.
IFG-EPCO1,2025-12-14 22:00:00,,,,,,,0.0,0.0,True,False,False,,0.0,0.0,False,True,0.0,IFD-EPCO1,INFO,External party - no movement.
IFG-GENI1,2025-12-14 22:00:00,,,,,,,0.0,0.0,True,False,False,,0.0,0.0,False,True,0.0,IFD-GENI1,INFO,External party - no movement.
IFG-MCRA1,2025-12-14 22:00:00,,,,,,,0.0,0.0,True,False,False,,0.0,0.0,False,True,0.0,IFD-MCRA1,INFO,External party - no movement.
IFG-OMPX1,2025-12-14 22:00:00,,,,,,,0.0,0.0,True,False,False,,0.0,0.0,False,True,0.0,IFD-OMPX1,INFO,External party - no movement.
IFG-TFEE1,2025-12-14 22:00:00,,,,,,,0.0,0.0,True,False,False,,0.0,0.0,False,True,0.0,IFD-TFEE1,INFO,External party - no movement.
IFD-ATLS1,2025-12-14 23:00:00,,,,,,,0.0,0.0,True,False,False,AED75443,0.0,0.0,False,True,0.0,IFG-ATLS1,INFO,OK: Position Fully Balanced.
IFD-DSKC1,2025-12-14 23:00:00,,,,,,,0.0,0.0,True,False,False,DANSKE,0.0,0.0,False,True,0.0,IFG-DSKC1,INFO,OK: Position Fully Balanced.
IFG-DSKC1,2025-12-14 23:00:00,,,,,,,18.0,0.0,False,False,False,DANSKE,0.0,0.0,False,False,18.0,IFD-DSKC1,INFO,OK: Position Fully Balanced.
IFG-DVAL1,2025-12-14 23:00:00,,,,,,,0.0,0.0,True,False,False,DVALIN,0.0,0.0,False,True,0.0,IFD-DVAL1,INFO,OK: Position Fully Balanced.
IFD-EDFT1,2025-12-14 23:00:00,,,,,,,0.0,0.0,True,False,False,EDFT,0.0,0.0,False,True,0.0,IFG-EDFT1,INFO,OK: Position Fully Balanced.
IFG-EDFT1,2025-12-14 23:00:00,,,,,,,0.0,0.0,True,False,False,EDFT,0.0,0.0,False,True,0.0,IFD-EDFT1,INFO,OK: Position Fully Balanced.
IFD-ELTR1,2025-12-14 23:00:00,,,,,,,0.0,0.0,True,False,False,ELECTRO,0.0,0.0,False,True,0.0,IFG-ELTR1,INFO,OK: Position Fully Balanced.
IFG-ELTR1,2025-12-14 23:00:00,,,,,,,0.0,0.0,True,False,False,ELECTRO,0.0,0.0,False,True,0.0,IFD-ELTR1,INFO,OK: Position Fully Balanced.
IFG-EDMK1,2025-12-14 23:00:00,,,,,,,0.0,0.0,True,False,False,ENERGIDAN,0.0,0.0,False,True,0.0,IFD-EDMK1,INFO,OK: Position Fully Balanced.
IFD-EZCO1,2025-12-14 23:00:00,,,,,,,0.0,0.0,True,False,False,ENZEE,0.0,0.0,False,True,0.0,IFG-EZCO1,INFO,OK: Position Fully Balanced.
IFG-EZCO1,2025-12-14 23:00:00,,,,,,,0.0,0.0,True,False,False,ENZEE,0.0,0.0,False,True,0.0,IFD-EZCO1,INFO,OK: Position Fully Balanced.
IFG-GAZP1,2025-12-14 23:00:00,,,,,,,0.0,0.0,True,False,False,GAZPROM,0.0,0.0,False,True,0.0,IFD-GAZP1,INFO,OK: Position Fully Balanced.
IFG-HELI1,2025-12-14 23:00:00,,,,,,,0.0,0.0,True,False,False,HELIOS,0.0,0.0,False,True,0.0,IFD-HELI1,INFO,OK: Position Fully Balanced.
IFD-INCM1,2025-12-14 23:00:00,,,,,,,0.0,0.0,True,False,False,INCOM,0.0,0.0,False,True,0.0,IFG-INCM1,INFO,OK: Position Fully Balanced.
IFG-INCM1,2025-12-14 23:00:00,,,,,,,0.0,0.0,True,False,False,INCOM,0.0,0.0,False,True,0.0,IFD-INCM1,INFO,OK: Position Fully Balanced.
IFG-MFTE1,2025-12-14 23:00:00,,,,,,,0.0,0.0,True,False,False,MFT,0.0,0.0,False,True,0.0,IFD-MFTE1,INFO,OK: Position Fully Balanced.
IFD-NEAS1,2025-12-14 23:00:00,,,,,,,0.0,0.0,True,False,False,NEAS,0.0,0.0,False,True,0.0,IFG-NEAS1,INFO,OK: Position Fully Balanced.
IFG-NEAS1,2025-12-14 23:00:00,,,,,,,0.0,0.0,True,False,False,NEAS,0.0,0.0,False,True,0.0,IFD-NEAS1,INFO,OK: Position Fully Balanced.
IFD-NITR1,2025-12-14 23:00:00,,,,,,,0.0,0.0,True,False,False,NITOR,0.0,0.0,False,True,0.0,IFG-NITR1,INFO,OK: Position Fully Balanced.
IFG-NITR1,2025-12-14 23:00:00,,,,,,,0.0,0.0,True,False,False,NITOR,0.0,0.0,False,True,0.0,IFD-NITR1,INFO,OK: Position Fully Balanced.
IFG-NORL1,2025-12-14 23:00:00,,,,,,,0.0,0.0,True,False,False,NORLYS,0.0,0.0,False,True,0.0,IFD-NORL1,INFO,OK: Position Fully Balanced.
IFD-NTPL1,2025-12-14 23:00:00,,,,,,,0.0,0.0,True,False,False,NORTHPOOL,0.0,0.0,False,True,0.0,IFG-NTPL1,INFO,OK: Position Fully Balanced.
IFG-NTPL1,2025-12-14 23:00:00,,,,,,,0.0,0.0,True,False,False,NORTHPOOL,0.0,0.0,False,True,0.0,IFD-NTPL1,INFO,OK: Position Fully Balanced.
IFD-OUTL1,2025-12-14 23:00:00,,,,,,,0.0,0.0,True,False,False,OUTLOOK,0.0,0.0,False,True,0.0,IFG-OUTL1,INFO,OK: Position Fully Balanced.
IFG-PWMR1,2025-12-14 23:00:00,,,,,,,0.0,0.0,True,False,False,POWERMAR,0.0,0.0,False,True,0.0,IFD-PWMR1,INFO,OK: Position Fully Balanced.
IFG-QUEN1,2025-12-14 23:00:00,,,,,,,0.0,0.0,True,False,False,QUENT,0.0,0.0,False,True,0.0,IFD-QUEN1,INFO,OK: Position Fully Balanced.
IFD-TRLS1,2025-12-14 23:00:00,,,,,,,0.0,0.0,True,False,False,TRAIL,0.0,0.0,False,True,0.0,IFG-TRLS1,INFO,OK: Position Fully Balanced.
IFG-TRLS1,2025-12-14 23:00:00,,,,,,,0.0,0.0,True,False,False,TRAIL,0.0,0.0,False,True,0.0,IFD-TRLS1,INFO,OK: Position Fully Balanced.
IFD-VTFS1,2025-12-14 23:00:00,,,,,,,0.0,0.0,True,False,False,VATTENFALL,0.0,0.0,False,True,0.0,IFG-VTFS1,INFO,OK: Position Fully Balanced.
IFG-VSAL1,2025-12-14 23:00:00,,,,,,,498.0,0.0,False,False,False,VITOL,0.0,0.0,False,False,498.0,IFD-VSAL1,INFO,INFO: Significant un-traded move (>50MW) from VITOL. Check with Trades team.
IFD-ALIP1,2025-12-14 23:00:00,,,,,,,0.0,0.0,True,False,False,,0.0,0.0,False,True,0.0,IFG-ALIP1,INFO,External party - no movement.
IFD-FLEX1,2025-12-14 23:00:00,,,,,,,0.0,0.0,True,False,False,,0.0,0.0,False,True,0.0,IFG-FLEX1,INFO,External party - no movement.
IFG-BNPS1,2025-12-14 23:00:00,,,,,,,0.0,0.0,True,False,False,,0.0,0.0,False,True,0.0,IFD-BNPS1,INFO,External party - no movement.
IFG-ENSC1,2025-12-14 23:00:00,,,,,,,0.0,0.0,True,False,False,,0.0,0.0,False,True,0.0,IFD-ENSC1,INFO,External party - no movement.
IFG-EPCO1,2025-12-14 23:00:00,,,,,,,44.0,0.0,False,True,False,,0.0,0.0,False,False,44.0,IFD-EPCO1,YES3,System has moved - find MW elsewhere.
IFG-GENI1,2025-12-14 23:00:00,,,,,,,0.0,0.0,True,False,False,,0.0,0.0,False,True,0.0,IFD-GENI1,INFO,External party - no movement.
IFG-MCRA1,2025-12-14 23:00:00,,,,,,,0.0,0.0,True,False,False,,0.0,0.0,False,True,0.0,IFD-MCRA1,INFO,External party - no movement.
IFG-OMPX1,2025-12-14 23:00:00,,,,,,,0.0,0.0,True,False,False,,0.0,0.0,False,True,0.0,IFD-OMPX1,INFO,External party - no movement.
IFG-TFEE1,2025-12-14 23:00:00,,,,,,,0.0,0.0,True,False,False,,0.0,0.0,False,True,0.0,IFD-TFEE1,INFO,External party - no movement.
