﻿Local_time,BMU_ID,PN_value,DeltaPN,Has_Trade,ReceiptLocal,Advisory
2025-12-14 10:00:00,IFD-ATLS1,0.0,51.0,False,2025-12-14 07:00:00,System has moved - find MW elsewhere.
2025-12-14 10:00:00,IFD-OUTL1,-51.0,-51.0,False,2025-12-14 09:00:00,System has moved - find MW elsewhere.
2025-12-14 10:00:00,IFG-NTPL1,20.0,-49.0,False,2025-12-14 09:00:00,System has moved - find MW elsewhere.
2025-12-14 11:00:00,IFD-VTFS1,-33.0,-33.0,False,2025-12-14 09:00:00,System has moved - find MW elsewhere.
2025-12-14 12:00:00,IFD-VTFS1,-33.0,-33.0,False,2025-12-14 09:00:00,System has moved - find MW elsewhere.
2025-12-14 13:00:00,IFD-VTFS1,-33.0,-33.0,False,2025-12-14 09:00:00,System has moved - find MW elsewhere.
2025-12-14 14:00:00,IFD-VTFS1,-33.0,-33.0,False,2025-12-14 09:00:00,System has moved - find MW elsewhere.
2025-12-14 23:00:00,IFG-DSKC1,18.0,18.0,False,2025-12-14 09:00:00,System has moved - find MW elsewhere.
2025-12-14 23:00:00,IFG-EPCO1,44.0,44.0,False,2025-12-14 09:00:00,System has moved - find MW elsewhere.
2025-12-14 23:00:00,IFG-VSAL1,498.0,498.0,False,2025-12-14 09:00:00,System has moved - find MW elsewhere.
