BMU,Fuel,Error_Pct,Error_GWh,Reason
EAS-BGS01,OTHER,164.08,2479.6883599999996,Critical 'Other' Category Error
STH-SEL01,OTHER,214.37,1892.91901,Critical 'Other' Category Error
EMD-BGS01,OTHER,158.23,1737.0458999999998,Critical 'Other' Category Error
STH-BGS01,OTHER,173.31,1728.8745800000002,Critical 'Other' Category Error
MID-BGS01,OTHER,142.56,1572.23047,Critical 'Other' Category Error
NWP-BGS01,OTHER,140.92,1561.54894,Critical 'Other' Category Error
YEP-BGS01,OTHER,141.3,1484.3842,Critical 'Other' Category Error
SEE-BGS01,OTHER,167.98,1422.95501,Critical 'Other' Category Error
LON-BGS01,OTHER,139.97,1380.16003,Critical 'Other' Category Error
EAS-SEL01,OTHER,161.47,1357.87903,Critical 'Other' Category Error
SSC-BGS01,OTHER,142.06,1199.4253700000002,Critical 'Other' Category Error
MNW-BGS01,OTHER,133.43,998.1639200000001,Critical 'Other' Category Error
SWT-BGS01,OTHER,161.12,909.24575,Critical 'Other' Category Error
NEE-BGS01,OTHER,155.27,847.6375,Critical 'Other' Category Error
YEP-SEL01,OTHER,91.21,818.51656,Critical 'Other' Category Error
LON-ATL01,OTHER,66.25,745.15472,Critical 'Other' Category Error
EMD-SEL01,OTHER,55.54,725.67233,Critical 'Other' Category Error
YEP-LON01,OTHER,34.68,694.11279,Critical 'Other' Category Error
EAS-HPW01,OTHER,43.4,615.24459,Critical 'Other' Category Error
YEP-HPW01,OTHER,35.79,608.98139,Critical 'Other' Category Error
YEP-ATL01,OTHER,62.6,594.77053,Critical 'Other' Category Error
SWA-BGS01,OTHER,165.03,532.28767,Critical 'Other' Category Error
NSC-ATL01,OTHER,30.43,519.9394199999999,Critical 'Other' Category Error
SSC-ATL01,OTHER,49.1,514.52142,Critical 'Other' Category Error
MID-SEL01,OTHER,54.74,469.41402,Critical 'Other' Category Error
NEE-SEL01,OTHER,80.03,463.97298,Critical 'Other' Category Error
SWA-SEL01,OTHER,204.09,426.20974,Critical 'Other' Category Error
STH-GDF01,OTHER,24.92,401.65309,Critical 'Other' Category Error
MANXENR-1,OTHER,116.02,383.24460999999997,Critical 'Other' Category Error
SEE-SEL01,OTHER,87.74,363.15838,Critical 'Other' Category Error
WLNYO-4,WIND,0.7,362.48834000000005,Top Wind Error Contributor
NSC-BGS01,OTHER,155.82,354.34513,Critical 'Other' Category Error
SSC-SEL01,OTHER,112.25,353.20709999999997,Critical 'Other' Category Error
HOWBO-1,WIND,3.53,336.7672,Top Wind Error Contributor
TRMFD-1,OTHER,27.14,325.87921,Critical 'Other' Category Error
HOWBO-3,WIND,2.66,321.09401,Top Wind Error Contributor
SSC-NPE01,OTHER,33.33,315.19142999999997,Critical 'Other' Category Error
SWA-ENR01,OTHER,104.61,305.87973,Critical 'Other' Category Error
NSC-SEL01,OTHER,163.77,300.41233,Critical 'Other' Category Error
YEP-GDF01,OTHER,25.63,290.67832,Critical 'Other' Category Error
NWP-SEL01,OTHER,37.97,287.54564,Critical 'Other' Category Error
NEE-HPW01,OTHER,25.11,284.75869,Critical 'Other' Category Error
SWA-HPW01,OTHER,30.15,263.07117999999997,Critical 'Other' Category Error
MNW-HPW01,OTHER,27.75,263.01253,Critical 'Other' Category Error
SSC-HPW01,OTHER,29.0,261.87678,Critical 'Other' Category Error
NWP-GDF01,OTHER,23.41,242.66609,Critical 'Other' Category Error
SEE-HPW01,OTHER,24.7,234.19374,Critical 'Other' Category Error
HOWAO-3,WIND,2.21,228.14524,Top Wind Error Contributor
TKNWW-1,WIND,1.68,226.01904000000002,Top Wind Error Contributor
NSC-HPW01,OTHER,83.32,222.32546,Critical 'Other' Category Error
TSREP-1,BIOMASS,13.36,217.31314,BIOMASS Statistical Outlier
HOWAO-1,WIND,0.38,216.63013,Top Wind Error Contributor
SSC-GDF01,OTHER,44.68,212.45407,Critical 'Other' Category Error
HOWAO-2,WIND,0.99,209.08251,Top Wind Error Contributor
EAAO-1,WIND,1.14,205.28253,Top Wind Error Contributor
NSC-LON01,OTHER,22.49,202.38464000000002,Critical 'Other' Category Error
TKNEW-1,WIND,1.87,201.96016,Top Wind Error Contributor
EAAO-2,WIND,0.71,201.39888,Top Wind Error Contributor
NNGAO-2,WIND,4.69,189.21182000000002,Top Wind Error Contributor
NNGAO-1,WIND,3.01,187.75715,Top Wind Error Contributor
HOWBO-2,WIND,0.88,187.00260999999998,Top Wind Error Contributor
WLNYO-3,WIND,0.3,182.94003,Top Wind Error Contributor
NSC-NPE01,OTHER,38.29,162.59136999999998,Critical 'Other' Category Error
RCBKO-1,WIND,0.54,158.79496,Top Wind Error Contributor
BRBEO-1,WIND,0.42,156.49957999999998,Top Wind Error Contributor
RCBKO-2,WIND,0.72,150.67918,Top Wind Error Contributor
SGRWO-6,WIND,1.59,149.45244,Top Wind Error Contributor
WHILW-1,WIND,1.03,142.57396,Top Wind Error Contributor
SWT-SEL01,OTHER,48.16,141.70827,Critical 'Other' Category Error
SWT-HPW01,OTHER,21.58,140.44004,Critical 'Other' Category Error
CLDCW-1,WIND,3.16,139.49789,Top Wind Error Contributor
MNW-SEL01,OTHER,21.58,128.85054,Critical 'Other' Category Error
NSC-GDF01,OTHER,1049.51,125.12836,Critical 'Other' Category Error
NSC-SPC01,OTHER,32.7,117.74987,Critical 'Other' Category Error
LON-GDF01,OTHER,21.43,83.37175,Critical 'Other' Category Error
SZJNB-1,BATTERY,26.01,74.23325,Battery with >5% Error
BPGRD-1,OTHER,59.34,56.1939,Critical 'Other' Category Error
IED-MOYL1,INTERCONNECTOR,0.84,49.52538,Interconnector Outlier
LKSDB-1,BATTERY,11.5,40.042519999999996,Battery with >5% Error
AG-HEL0DN,BATTERY,50.38,38.91386,Battery with >5% Error
IED-EWIC1,INTERCONNECTOR,0.77,38.7112,Interconnector Outlier
AG-HEL0CP,BATTERY,37.58,32.60627,Battery with >5% Error
HIRWN-1,OCGT,1.94,31.3532,OCGT Statistical Outlier
SKELB-1,BATTERY,17.04,25.593790000000002,Battery with >5% Error
COVNB-1,BATTERY,11.03,25.43198,Battery with >5% Error
CHAPB-1,BATTERY,12.91,25.19716,Battery with >5% Error
LARKB-1,BATTERY,13.3,24.88046,Battery with >5% Error
ILMEB-1,BATTERY,13.32,22.676849999999998,Battery with >5% Error
JGPR-1,BIOMASS,29.88,21.6995,BIOMASS Statistical Outlier
CLAYB-2,BATTERY,9.83,21.63266,Battery with >5% Error
TYLNB-1,BATTERY,5.12,21.548939999999998,Battery with >5% Error
RICHB-2,BATTERY,21.55,20.90098,Battery with >5% Error
RICHB-1,BATTERY,15.14,19.99316,Battery with >5% Error
LITRB-1,BATTERY,10.84,19.24874,Battery with >5% Error
INDQ-1,OCGT,1.47,19.06721,OCGT Statistical Outlier
BUSTB-1,BATTERY,8.12,18.72371,Battery with >5% Error
AG-AOCT01,BATTERY,86.33,18.52468,Battery with >5% Error
THMRB-1,BATTERY,10.59,17.95132,Battery with >5% Error
CLAYB-1,BATTERY,8.43,17.84316,Battery with >5% Error
AG-ZEN03J,BATTERY,69.11,17.73046,Battery with >5% Error
AG-MCET01,GAS,9.7,17.05735,GAS Statistical Outlier
PEHED-1,CCGT,16.23,17.001939999999998,CCGT Statistical Outlier
AG-MSTK01,BATTERY,64.07,16.18629,Battery with >5% Error
AG-HEDF02,BATTERY,13.02,16.181729999999998,Battery with >5% Error
BEASC-1,OTHER,173.82,15.76608,Critical 'Other' Category Error
AG-MCAM01,BATTERY,9.33,14.987969999999999,Battery with >5% Error
ROARB-1,BATTERY,5.56,13.77566,Battery with >5% Error
IVG-STAT1,INTERCONNECTOR,2.06,13.75506,Interconnector Outlier
PINFB-1,BATTERY,7.11,13.73571,Battery with >5% Error
AG-GLIM01,BATTERY,15.88,13.52132,Battery with >5% Error
THURB-2,BATTERY,16.6,13.49115,Battery with >5% Error
AG-CBS06B,BATTERY,688.1,12.948129999999999,Battery with >5% Error
CONTB-1,BATTERY,9.23,12.39299,Battery with >5% Error
ZEN02A,BATTERY,85.98,11.736780000000001,Battery with >5% Error
AG-GBL0DN,BATTERY,398.17,11.54389,Battery with >5% Error
KEMB-1,BATTERY,10.68,11.22289,Battery with >5% Error
AG-HSTK02,BATTERY,13.83,10.73017,Battery with >5% Error
AG-GBL0MM,GAS,62.18,10.23657,GAS Statistical Outlier
BREDB-1,BATTERY,9.34,10.07739,Battery with >5% Error
HAWKB-1,BATTERY,11.72,10.00814,Battery with >5% Error
KTHRS-2,CCGT,113.0,9.8971,CCGT Statistical Outlier
FARNB-1,BATTERY,10.98,9.874649999999999,Battery with >5% Error
SFGSD-1,OTHER,321.2,9.24735,Critical 'Other' Category Error
AG-FLX02N,BATTERY,8.93,9.20209,Battery with >5% Error
LON-OGA01,OTHER,20.15,9.10714,Critical 'Other' Category Error
JAMBB-1,BATTERY,5.14,8.42834,Battery with >5% Error
NURSB-1,BATTERY,5.25,8.252600000000001,Battery with >5% Error
THURB-1,BATTERY,6.36,8.20448,Battery with >5% Error
AG-DEDF02,OCGT,5.54,7.9560900000000006,OCGT Statistical Outlier
FFSE02,BATTERY,19.85,7.9138,Battery with >5% Error
OLDHB-1,BATTERY,23.35,7.497319999999999,Battery with >5% Error
KTHRS-1,CCGT,82.54,7.23425,CCGT Statistical Outlier
AG-FFLX01,GAS,10.33,6.0586899999999995,GAS Statistical Outlier
IFG-VSAL1,INTERCONNECTOR,0.1,5.7461,Interconnector Outlier
AG-HSTK07,BATTERY,6.36,5.258640000000001,Battery with >5% Error
AG-HLIM03,BATTERY,5.05,4.96731,Battery with >5% Error
AG-ASTK05,BATTERY,5.34,4.57054,Battery with >5% Error
BROAB-1,BATTERY,8.65,4.21012,Battery with >5% Error
AG-COCT00,BATTERY,33.94,4.20418,Battery with >5% Error
BUXTB-1,BATTERY,8.42,4.101970000000001,Battery with >5% Error
WTRSB-1,BATTERY,8.86,3.7832199999999996,Battery with >5% Error
AG-GSTK15,GAS,4.3,3.68471,GAS Statistical Outlier
TEBWB-1,BATTERY,11.08,3.00847,Battery with >5% Error
IVG-TRAS1,INTERCONNECTOR,8.05,2.95708,Interconnector Outlier
IMG-STAT1,INTERCONNECTOR,0.19,2.7288200000000002,Interconnector Outlier
I2G-EPCO1,INTERCONNECTOR,1.2,2.72662,Interconnector Outlier
ILG-EPCO1,INTERCONNECTOR,0.1,2.71792,Interconnector Outlier
AG-GSTK07,GAS,2.73,2.48181,GAS Statistical Outlier
FERRB-2,BATTERY,16.03,2.4210599999999998,Battery with >5% Error
IFG-TFEE1,INTERCONNECTOR,0.16,2.2954,Interconnector Outlier
ILG-TGPL1,INTERCONNECTOR,0.29,2.2271199999999998,Interconnector Outlier
IFG-MCRA1,INTERCONNECTOR,0.08,2.20348,Interconnector Outlier
I2G-TGPL1,INTERCONNECTOR,0.41,2.11602,Interconnector Outlier
ING-ATLS1,INTERCONNECTOR,25.95,2.10488,Interconnector Outlier
AG-KSTK01,GAS,3.43,2.09505,GAS Statistical Outlier
AG-FLX09A,GAS,9.13,2.0739,GAS Statistical Outlier
ILG-ATLS1,INTERCONNECTOR,29.75,1.9633800000000001,Interconnector Outlier
AG-FLX00L,BATTERY,6.37,1.92768,Battery with >5% Error
AG-ESTK02,GAS,4.85,1.7723,GAS Statistical Outlier
IVG-EZCO1,INTERCONNECTOR,0.09,1.7688599999999999,Interconnector Outlier
LCHWT-1,CCGT,1.4,1.76803,CCGT Statistical Outlier
ING-EPCO1,INTERCONNECTOR,0.79,1.76268,Interconnector Outlier
I2G-MCRA1,INTERCONNECTOR,0.14,1.7380799999999998,Interconnector Outlier
IGD-STAT1,INTERCONNECTOR,0.61,1.71865,Interconnector Outlier
BHOLB-1,BATTERY,5.3,1.70179,Battery with >5% Error
I2G-GAZP1,INTERCONNECTOR,0.08,1.50892,Interconnector Outlier
PNYCB-1,BATTERY,7.28,1.4401300000000001,Battery with >5% Error
TDRVE-1,CCGT,2.36,1.37894,CCGT Statistical Outlier
ILG-ELTR1,INTERCONNECTOR,0.08,1.37574,Interconnector Outlier
AG-BSTK02,GAS,2.58,1.32755,GAS Statistical Outlier
IGG-STAT1,INTERCONNECTOR,0.24,1.31662,Interconnector Outlier
ILG-NITR1,INTERCONNECTOR,0.12,1.30846,Interconnector Outlier
IBD-SEAG1,INTERCONNECTOR,8.43,1.2365599999999999,Interconnector Outlier
AG-MSTK04,GAS,1.83,1.22084,GAS Statistical Outlier
IFG-ATLS1,INTERCONNECTOR,12.6,1.14318,Interconnector Outlier
ING-NITR1,INTERCONNECTOR,0.08,1.09718,Interconnector Outlier
ILG-DVAL1,INTERCONNECTOR,0.56,1.07734,Interconnector Outlier
ILG-SETL1,INTERCONNECTOR,0.18,1.06611,Interconnector Outlier
I2G-DVAL1,INTERCONNECTOR,0.51,1.0627,Interconnector Outlier
I2G-NITR1,INTERCONNECTOR,0.12,1.061,Interconnector Outlier
IFG-BDEN1,INTERCONNECTOR,0.56,1.0451,Interconnector Outlier
