BMU_ID,Local_time,Agreement_Type,DATETIME_FROM,DATETIME_TO,Traded_Date,Trade_Created,Awareness_Start,Net_PN_Change_MW,Total_Volume,Trade_met_on_IC,Countertrade_on_same_IC,Duplicate_Trade_Error,CP Code,Total_Vol_Traded_across_allICs,Total_PN_change_across_ICs,All_Trades_Met_company,Trade_met_across_IC,Shortfall_MW_on_IC,Opposite_BMU_ID,Decision,Action
IFG-DSKC1,2023-04-03 01:00:00,,,,,,,0.0,0.0,False,False,False,DANSKE,0.0,0.0,False,False,0.0,IFD-DSKC1,INFO,OK: Position Fully Balanced.
IFG-DVAL1,2023-04-03 01:00:00,,,,,,,0.0,0.0,False,False,False,DVALIN,0.0,0.0,False,False,0.0,IFD-DVAL1,INFO,OK: Position Fully Balanced.
IFD-EDFT1,2023-04-03 01:00:00,,,,,,,50.0,0.0,False,False,False,EDFT,0.0,0.0,False,False,50.0,IFG-EDFT1,INFO,OK: Position Fully Balanced.
IFG-EDFT1,2023-04-03 01:00:00,,,,,,,150.0,0.0,False,False,False,EDFT,0.0,0.0,False,False,150.0,IFD-EDFT1,INFO,INFO: Significant un-traded move (>50MW). Check with Trades team.
IFG-ELTR1,2023-04-03 01:00:00,,,,,,,0.0,0.0,False,False,False,ELECTRO,0.0,0.0,False,False,0.0,IFD-ELTR1,INFO,OK: Position Fully Balanced.
IFD-EDMK1,2023-04-03 01:00:00,,,,,,,0.0,0.0,False,False,False,ENERGIDAN,0.0,0.0,False,False,0.0,IFG-EDMK1,INFO,OK: Position Fully Balanced.
IFG-EDMK1,2023-04-03 01:00:00,,,,,,,0.0,0.0,False,False,False,ENERGIDAN,0.0,0.0,False,False,0.0,IFD-EDMK1,INFO,OK: Position Fully Balanced.
IFG-HELI1,2023-04-03 01:00:00,,,,,,,0.0,0.0,False,False,False,HELIOS,0.0,0.0,False,False,0.0,IFD-HELI1,INFO,OK: Position Fully Balanced.
IFG-INCM1,2023-04-03 01:00:00,,,,,,,0.0,0.0,False,False,False,INCOM,0.0,0.0,False,False,0.0,IFD-INCM1,INFO,OK: Position Fully Balanced.
IFG-MFTE1,2023-04-03 01:00:00,,,,,,,0.0,0.0,False,False,False,MFT,0.0,0.0,False,False,0.0,IFD-MFTE1,INFO,OK: Position Fully Balanced.
IFD-NTPL1,2023-04-03 01:00:00,,,,,,,190.0,0.0,False,False,False,NORTHPOOL,0.0,0.0,False,False,190.0,IFG-NTPL1,INFO,INFO: Significant un-traded move (>50MW). Check with Trades team.
IFD-OPMX1,2023-04-03 01:00:00,,,,,,,0.0,0.0,False,False,False,OPTIMAX,0.0,0.0,False,False,0.0,IFG-OPMX1,INFO,OK: Position Fully Balanced.
IFG-OPMX1,2023-04-03 01:00:00,,,,,,,0.0,0.0,False,False,False,OPTIMAX,0.0,0.0,False,False,0.0,IFD-OPMX1,INFO,OK: Position Fully Balanced.
IFD-VTFS1,2023-04-03 01:00:00,,,,,,,0.0,0.0,False,False,False,VATTENFALL,0.0,0.0,False,False,0.0,IFG-VTFS1,INFO,OK: Position Fully Balanced.
IFD-VSAL1,2023-04-03 01:00:00,,,,,,,0.0,0.0,False,False,False,VITOL,0.0,0.0,False,False,0.0,IFG-VSAL1,INFO,OK: Position Fully Balanced.
IFG-VSAL1,2023-04-03 01:00:00,,,,,,,0.0,0.0,False,False,False,VITOL,0.0,0.0,False,False,0.0,IFD-VSAL1,INFO,OK: Position Fully Balanced.
IFD-CNGS1,2023-04-03 01:00:00,,,,,,,0.0,0.0,False,False,False,,0.0,0.0,False,False,0.0,IFG-CNGS1,INFO,BMU mapping missing for IFD-CNGS1. Check CP_codes.csv.
IFD-OMPX1,2023-04-03 01:00:00,,,,,,,0.0,0.0,False,False,False,,0.0,0.0,False,False,0.0,IFG-OMPX1,INFO,BMU mapping missing for IFD-OMPX1. Check CP_codes.csv.
IFD-STAT1,2023-04-03 01:00:00,,,,,,,0.0,0.0,False,False,False,,0.0,0.0,False,False,0.0,IFG-STAT1,INFO,BMU mapping missing for IFD-STAT1. Check CP_codes.csv.
IFG-CNGS1,2023-04-03 01:00:00,,,,,,,0.0,0.0,False,False,False,,0.0,0.0,False,False,0.0,IFD-CNGS1,INFO,BMU mapping missing for IFG-CNGS1. Check CP_codes.csv.
IFG-EPCO1,2023-04-03 01:00:00,,,,,,,0.0,0.0,False,False,False,,0.0,0.0,False,False,0.0,IFD-EPCO1,INFO,BMU mapping missing for IFG-EPCO1. Check CP_codes.csv.
IFG-MCRA1,2023-04-03 01:00:00,,,,,,,0.0,0.0,False,False,False,,0.0,0.0,False,False,0.0,IFD-MCRA1,INFO,BMU mapping missing for IFG-MCRA1. Check CP_codes.csv.
IFG-OMPX1,2023-04-03 01:00:00,,,,,,,0.0,0.0,False,False,False,,0.0,0.0,False,False,0.0,IFD-OMPX1,INFO,BMU mapping missing for IFG-OMPX1. Check CP_codes.csv.
IFG-STAT1,2023-04-03 01:00:00,,,,,,,0.0,0.0,False,False,False,,0.0,0.0,False,False,0.0,IFD-STAT1,INFO,BMU mapping missing for IFG-STAT1. Check CP_codes.csv.
IFG-TFEE1,2023-04-03 01:00:00,,,,,,,0.0,0.0,False,False,False,,0.0,0.0,False,False,0.0,IFD-TFEE1,INFO,BMU mapping missing for IFG-TFEE1. Check CP_codes.csv.
IFG-DSKC1,2023-04-03 02:00:00,,,,,,,0.0,0.0,False,False,False,DANSKE,0.0,0.0,False,False,0.0,IFD-DSKC1,INFO,OK: Position Fully Balanced.
IFG-DVAL1,2023-04-03 02:00:00,,,,,,,0.0,0.0,False,False,False,DVALIN,0.0,0.0,False,False,0.0,IFD-DVAL1,INFO,OK: Position Fully Balanced.
IFD-EDFT1,2023-04-03 02:00:00,,,,,,,0.0,0.0,False,False,False,EDFT,0.0,0.0,False,False,0.0,IFG-EDFT1,INFO,OK: Position Fully Balanced.
IFG-EDFT1,2023-04-03 02:00:00,,,,,,,0.0,0.0,False,False,False,EDFT,0.0,0.0,False,False,0.0,IFD-EDFT1,INFO,OK: Position Fully Balanced.
IFG-ELTR1,2023-04-03 02:00:00,,,,,,,0.0,0.0,False,False,False,ELECTRO,0.0,0.0,False,False,0.0,IFD-ELTR1,INFO,OK: Position Fully Balanced.
IFD-EDMK1,2023-04-03 02:00:00,,,,,,,0.0,0.0,False,False,False,ENERGIDAN,0.0,0.0,False,False,0.0,IFG-EDMK1,INFO,OK: Position Fully Balanced.
IFG-EDMK1,2023-04-03 02:00:00,,,,,,,0.0,0.0,False,False,False,ENERGIDAN,0.0,0.0,False,False,0.0,IFD-EDMK1,INFO,OK: Position Fully Balanced.
IFG-HELI1,2023-04-03 02:00:00,,,,,,,0.0,0.0,False,False,False,HELIOS,0.0,0.0,False,False,0.0,IFD-HELI1,INFO,OK: Position Fully Balanced.
IFG-INCM1,2023-04-03 02:00:00,,,,,,,0.0,0.0,False,False,False,INCOM,0.0,0.0,False,False,0.0,IFD-INCM1,INFO,OK: Position Fully Balanced.
IFG-MFTE1,2023-04-03 02:00:00,,,,,,,0.0,0.0,False,False,False,MFT,0.0,0.0,False,False,0.0,IFD-MFTE1,INFO,OK: Position Fully Balanced.
IFD-NTPL1,2023-04-03 02:00:00,,,,,,,0.0,0.0,False,False,False,NORTHPOOL,0.0,0.0,False,False,0.0,IFG-NTPL1,INFO,OK: Position Fully Balanced.
IFD-OPMX1,2023-04-03 02:00:00,,,,,,,0.0,0.0,False,False,False,OPTIMAX,0.0,0.0,False,False,0.0,IFG-OPMX1,INFO,OK: Position Fully Balanced.
IFG-OPMX1,2023-04-03 02:00:00,,,,,,,0.0,0.0,False,False,False,OPTIMAX,0.0,0.0,False,False,0.0,IFD-OPMX1,INFO,OK: Position Fully Balanced.
IFD-VTFS1,2023-04-03 02:00:00,,,,,,,0.0,0.0,False,False,False,VATTENFALL,0.0,0.0,False,False,0.0,IFG-VTFS1,INFO,OK: Position Fully Balanced.
IFD-VSAL1,2023-04-03 02:00:00,,,,,,,0.0,0.0,False,False,False,VITOL,0.0,0.0,False,False,0.0,IFG-VSAL1,INFO,OK: Position Fully Balanced.
IFG-VSAL1,2023-04-03 02:00:00,,,,,,,0.0,0.0,False,False,False,VITOL,0.0,0.0,False,False,0.0,IFD-VSAL1,INFO,OK: Position Fully Balanced.
IFD-CNGS1,2023-04-03 02:00:00,,,,,,,0.0,0.0,False,False,False,,0.0,0.0,False,False,0.0,IFG-CNGS1,INFO,BMU mapping missing for IFD-CNGS1. Check CP_codes.csv.
IFD-OMPX1,2023-04-03 02:00:00,,,,,,,0.0,0.0,False,False,False,,0.0,0.0,False,False,0.0,IFG-OMPX1,INFO,BMU mapping missing for IFD-OMPX1. Check CP_codes.csv.
IFD-STAT1,2023-04-03 02:00:00,,,,,,,0.0,0.0,False,False,False,,0.0,0.0,False,False,0.0,IFG-STAT1,INFO,BMU mapping missing for IFD-STAT1. Check CP_codes.csv.
IFG-CNGS1,2023-04-03 02:00:00,,,,,,,0.0,0.0,False,False,False,,0.0,0.0,False,False,0.0,IFD-CNGS1,INFO,BMU mapping missing for IFG-CNGS1. Check CP_codes.csv.
IFG-EPCO1,2023-04-03 02:00:00,,,,,,,0.0,0.0,False,False,False,,0.0,0.0,False,False,0.0,IFD-EPCO1,INFO,BMU mapping missing for IFG-EPCO1. Check CP_codes.csv.
IFG-MCRA1,2023-04-03 02:00:00,,,,,,,0.0,0.0,False,False,False,,0.0,0.0,False,False,0.0,IFD-MCRA1,INFO,BMU mapping missing for IFG-MCRA1. Check CP_codes.csv.
IFG-OMPX1,2023-04-03 02:00:00,,,,,,,0.0,0.0,False,False,False,,0.0,0.0,False,False,0.0,IFD-OMPX1,INFO,BMU mapping missing for IFG-OMPX1. Check CP_codes.csv.
IFG-STAT1,2023-04-03 02:00:00,,,,,,,0.0,0.0,False,False,False,,0.0,0.0,False,False,0.0,IFD-STAT1,INFO,BMU mapping missing for IFG-STAT1. Check CP_codes.csv.
IFG-TFEE1,2023-04-03 02:00:00,,,,,,,0.0,0.0,False,False,False,,0.0,0.0,False,False,0.0,IFD-TFEE1,INFO,BMU mapping missing for IFG-TFEE1. Check CP_codes.csv.
IFG-DSKC1,2023-04-03 03:00:00,,,,,,,0.0,0.0,False,False,False,DANSKE,0.0,0.0,False,False,0.0,IFD-DSKC1,INFO,OK: Position Fully Balanced.
IFG-DVAL1,2023-04-03 03:00:00,,,,,,,0.0,0.0,False,False,False,DVALIN,0.0,0.0,False,False,0.0,IFD-DVAL1,INFO,OK: Position Fully Balanced.
IFD-EDFT1,2023-04-03 03:00:00,,,,,,,0.0,0.0,False,False,False,EDFT,0.0,0.0,False,False,0.0,IFG-EDFT1,INFO,OK: Position Fully Balanced.
IFG-EDFT1,2023-04-03 03:00:00,,,,,,,0.0,0.0,False,False,False,EDFT,0.0,0.0,False,False,0.0,IFD-EDFT1,INFO,OK: Position Fully Balanced.
IFG-ELTR1,2023-04-03 03:00:00,,,,,,,0.0,0.0,False,False,False,ELECTRO,0.0,0.0,False,False,0.0,IFD-ELTR1,INFO,OK: Position Fully Balanced.
IFD-EDMK1,2023-04-03 03:00:00,,,,,,,0.0,0.0,False,False,False,ENERGIDAN,0.0,0.0,False,False,0.0,IFG-EDMK1,INFO,OK: Position Fully Balanced.
IFG-EDMK1,2023-04-03 03:00:00,,,,,,,0.0,0.0,False,False,False,ENERGIDAN,0.0,0.0,False,False,0.0,IFD-EDMK1,INFO,OK: Position Fully Balanced.
IFG-HELI1,2023-04-03 03:00:00,,,,,,,0.0,0.0,False,False,False,HELIOS,0.0,0.0,False,False,0.0,IFD-HELI1,INFO,OK: Position Fully Balanced.
IFG-INCM1,2023-04-03 03:00:00,,,,,,,0.0,0.0,False,False,False,INCOM,0.0,0.0,False,False,0.0,IFD-INCM1,INFO,OK: Position Fully Balanced.
IFG-MFTE1,2023-04-03 03:00:00,,,,,,,0.0,0.0,False,False,False,MFT,0.0,0.0,False,False,0.0,IFD-MFTE1,INFO,OK: Position Fully Balanced.
IFD-NTPL1,2023-04-03 03:00:00,,,,,,,0.0,0.0,False,False,False,NORTHPOOL,0.0,0.0,False,False,0.0,IFG-NTPL1,INFO,OK: Position Fully Balanced.
IFD-OPMX1,2023-04-03 03:00:00,,,,,,,0.0,0.0,False,False,False,OPTIMAX,0.0,0.0,False,False,0.0,IFG-OPMX1,INFO,OK: Position Fully Balanced.
IFG-OPMX1,2023-04-03 03:00:00,,,,,,,0.0,0.0,False,False,False,OPTIMAX,0.0,0.0,False,False,0.0,IFD-OPMX1,INFO,OK: Position Fully Balanced.
IFD-VTFS1,2023-04-03 03:00:00,,,,,,,0.0,0.0,False,False,False,VATTENFALL,0.0,0.0,False,False,0.0,IFG-VTFS1,INFO,OK: Position Fully Balanced.
IFD-VSAL1,2023-04-03 03:00:00,,,,,,,0.0,0.0,False,False,False,VITOL,0.0,0.0,False,False,0.0,IFG-VSAL1,INFO,OK: Position Fully Balanced.
IFG-VSAL1,2023-04-03 03:00:00,,,,,,,0.0,0.0,False,False,False,VITOL,0.0,0.0,False,False,0.0,IFD-VSAL1,INFO,OK: Position Fully Balanced.
IFD-CNGS1,2023-04-03 03:00:00,,,,,,,0.0,0.0,False,False,False,,0.0,0.0,False,False,0.0,IFG-CNGS1,INFO,BMU mapping missing for IFD-CNGS1. Check CP_codes.csv.
IFD-OMPX1,2023-04-03 03:00:00,,,,,,,0.0,0.0,False,False,False,,0.0,0.0,False,False,0.0,IFG-OMPX1,INFO,BMU mapping missing for IFD-OMPX1. Check CP_codes.csv.
IFD-STAT1,2023-04-03 03:00:00,,,,,,,0.0,0.0,False,False,False,,0.0,0.0,False,False,0.0,IFG-STAT1,INFO,BMU mapping missing for IFD-STAT1. Check CP_codes.csv.
IFG-CNGS1,2023-04-03 03:00:00,,,,,,,0.0,0.0,False,False,False,,0.0,0.0,False,False,0.0,IFD-CNGS1,INFO,BMU mapping missing for IFG-CNGS1. Check CP_codes.csv.
IFG-EPCO1,2023-04-03 03:00:00,,,,,,,0.0,0.0,False,False,False,,0.0,0.0,False,False,0.0,IFD-EPCO1,INFO,BMU mapping missing for IFG-EPCO1. Check CP_codes.csv.
IFG-MCRA1,2023-04-03 03:00:00,,,,,,,0.0,0.0,False,False,False,,0.0,0.0,False,False,0.0,IFD-MCRA1,INFO,BMU mapping missing for IFG-MCRA1. Check CP_codes.csv.
IFG-OMPX1,2023-04-03 03:00:00,,,,,,,0.0,0.0,False,False,False,,0.0,0.0,False,False,0.0,IFD-OMPX1,INFO,BMU mapping missing for IFG-OMPX1. Check CP_codes.csv.
IFG-STAT1,2023-04-03 03:00:00,,,,,,,0.0,0.0,False,False,False,,0.0,0.0,False,False,0.0,IFD-STAT1,INFO,BMU mapping missing for IFG-STAT1. Check CP_codes.csv.
IFG-TFEE1,2023-04-03 03:00:00,,,,,,,0.0,0.0,False,False,False,,0.0,0.0,False,False,0.0,IFD-TFEE1,INFO,BMU mapping missing for IFG-TFEE1. Check CP_codes.csv.
IFG-DSKC1,2023-04-03 04:00:00,,,,,,,0.0,0.0,False,False,False,DANSKE,0.0,0.0,False,False,0.0,IFD-DSKC1,INFO,OK: Position Fully Balanced.
IFG-DVAL1,2023-04-03 04:00:00,,,,,,,0.0,0.0,False,False,False,DVALIN,0.0,0.0,False,False,0.0,IFD-DVAL1,INFO,OK: Position Fully Balanced.
IFD-EDFT1,2023-04-03 04:00:00,,,,,,,0.0,0.0,False,False,False,EDFT,0.0,0.0,False,False,0.0,IFG-EDFT1,INFO,OK: Position Fully Balanced.
IFG-EDFT1,2023-04-03 04:00:00,,,,,,,0.0,0.0,False,False,False,EDFT,0.0,0.0,False,False,0.0,IFD-EDFT1,INFO,OK: Position Fully Balanced.
IFG-ELTR1,2023-04-03 04:00:00,,,,,,,0.0,0.0,False,False,False,ELECTRO,0.0,0.0,False,False,0.0,IFD-ELTR1,INFO,OK: Position Fully Balanced.
IFD-EDMK1,2023-04-03 04:00:00,,,,,,,0.0,0.0,False,False,False,ENERGIDAN,0.0,0.0,False,False,0.0,IFG-EDMK1,INFO,OK: Position Fully Balanced.
IFG-EDMK1,2023-04-03 04:00:00,,,,,,,0.0,0.0,False,False,False,ENERGIDAN,0.0,0.0,False,False,0.0,IFD-EDMK1,INFO,OK: Position Fully Balanced.
IFG-HELI1,2023-04-03 04:00:00,,,,,,,0.0,0.0,False,False,False,HELIOS,0.0,0.0,False,False,0.0,IFD-HELI1,INFO,OK: Position Fully Balanced.
IFG-INCM1,2023-04-03 04:00:00,,,,,,,0.0,0.0,False,False,False,INCOM,0.0,0.0,False,False,0.0,IFD-INCM1,INFO,OK: Position Fully Balanced.
IFG-MFTE1,2023-04-03 04:00:00,,,,,,,0.0,0.0,False,False,False,MFT,0.0,0.0,False,False,0.0,IFD-MFTE1,INFO,OK: Position Fully Balanced.
IFD-NTPL1,2023-04-03 04:00:00,,,,,,,0.0,0.0,False,False,False,NORTHPOOL,0.0,0.0,False,False,0.0,IFG-NTPL1,INFO,OK: Position Fully Balanced.
IFD-OPMX1,2023-04-03 04:00:00,,,,,,,0.0,0.0,False,False,False,OPTIMAX,0.0,0.0,False,False,0.0,IFG-OPMX1,INFO,OK: Position Fully Balanced.
IFG-OPMX1,2023-04-03 04:00:00,,,,,,,0.0,0.0,False,False,False,OPTIMAX,0.0,0.0,False,False,0.0,IFD-OPMX1,INFO,OK: Position Fully Balanced.
IFD-VTFS1,2023-04-03 04:00:00,,,,,,,0.0,0.0,False,False,False,VATTENFALL,0.0,0.0,False,False,0.0,IFG-VTFS1,INFO,OK: Position Fully Balanced.
IFD-VSAL1,2023-04-03 04:00:00,,,,,,,0.0,0.0,False,False,False,VITOL,0.0,0.0,False,False,0.0,IFG-VSAL1,INFO,OK: Position Fully Balanced.
IFG-VSAL1,2023-04-03 04:00:00,,,,,,,0.0,0.0,False,False,False,VITOL,0.0,0.0,False,False,0.0,IFD-VSAL1,INFO,OK: Position Fully Balanced.
IFD-CNGS1,2023-04-03 04:00:00,,,,,,,0.0,0.0,False,False,False,,0.0,0.0,False,False,0.0,IFG-CNGS1,INFO,BMU mapping missing for IFD-CNGS1. Check CP_codes.csv.
IFD-OMPX1,2023-04-03 04:00:00,,,,,,,0.0,0.0,False,False,False,,0.0,0.0,False,False,0.0,IFG-OMPX1,INFO,BMU mapping missing for IFD-OMPX1. Check CP_codes.csv.
IFD-STAT1,2023-04-03 04:00:00,,,,,,,0.0,0.0,False,False,False,,0.0,0.0,False,False,0.0,IFG-STAT1,INFO,BMU mapping missing for IFD-STAT1. Check CP_codes.csv.
IFG-CNGS1,2023-04-03 04:00:00,,,,,,,0.0,0.0,False,False,False,,0.0,0.0,False,False,0.0,IFD-CNGS1,INFO,BMU mapping missing for IFG-CNGS1. Check CP_codes.csv.
IFG-EPCO1,2023-04-03 04:00:00,,,,,,,0.0,0.0,False,False,False,,0.0,0.0,False,False,0.0,IFD-EPCO1,INFO,BMU mapping missing for IFG-EPCO1. Check CP_codes.csv.
IFG-MCRA1,2023-04-03 04:00:00,,,,,,,0.0,0.0,False,False,False,,0.0,0.0,False,False,0.0,IFD-MCRA1,INFO,BMU mapping missing for IFG-MCRA1. Check CP_codes.csv.
IFG-OMPX1,2023-04-03 04:00:00,,,,,,,0.0,0.0,False,False,False,,0.0,0.0,False,False,0.0,IFD-OMPX1,INFO,BMU mapping missing for IFG-OMPX1. Check CP_codes.csv.
IFG-STAT1,2023-04-03 04:00:00,,,,,,,0.0,0.0,False,False,False,,0.0,0.0,False,False,0.0,IFD-STAT1,INFO,BMU mapping missing for IFG-STAT1. Check CP_codes.csv.
IFG-TFEE1,2023-04-03 04:00:00,,,,,,,0.0,0.0,False,False,False,,0.0,0.0,False,False,0.0,IFD-TFEE1,INFO,BMU mapping missing for IFG-TFEE1. Check CP_codes.csv.
IFG-DSKC1,2023-04-03 05:00:00,,,,,,,0.0,0.0,False,False,False,DANSKE,0.0,0.0,False,False,0.0,IFD-DSKC1,INFO,OK: Position Fully Balanced.
IFG-DVAL1,2023-04-03 05:00:00,,,,,,,0.0,0.0,False,False,False,DVALIN,0.0,0.0,False,False,0.0,IFD-DVAL1,INFO,OK: Position Fully Balanced.
IFD-EDFT1,2023-04-03 05:00:00,,,,,,,0.0,0.0,False,False,False,EDFT,0.0,0.0,False,False,0.0,IFG-EDFT1,INFO,OK: Position Fully Balanced.
IFG-EDFT1,2023-04-03 05:00:00,,,,,,,0.0,0.0,False,False,False,EDFT,0.0,0.0,False,False,0.0,IFD-EDFT1,INFO,OK: Position Fully Balanced.
IFG-ELTR1,2023-04-03 05:00:00,,,,,,,0.0,0.0,False,False,False,ELECTRO,0.0,0.0,False,False,0.0,IFD-ELTR1,INFO,OK: Position Fully Balanced.
IFD-EDMK1,2023-04-03 05:00:00,,,,,,,0.0,0.0,False,False,False,ENERGIDAN,0.0,0.0,False,False,0.0,IFG-EDMK1,INFO,OK: Position Fully Balanced.
IFG-EDMK1,2023-04-03 05:00:00,,,,,,,0.0,0.0,False,False,False,ENERGIDAN,0.0,0.0,False,False,0.0,IFD-EDMK1,INFO,OK: Position Fully Balanced.
IFG-HELI1,2023-04-03 05:00:00,,,,,,,0.0,0.0,False,False,False,HELIOS,0.0,0.0,False,False,0.0,IFD-HELI1,INFO,OK: Position Fully Balanced.
IFG-INCM1,2023-04-03 05:00:00,,,,,,,0.0,0.0,False,False,False,INCOM,0.0,0.0,False,False,0.0,IFD-INCM1,INFO,OK: Position Fully Balanced.
IFG-MFTE1,2023-04-03 05:00:00,,,,,,,0.0,0.0,False,False,False,MFT,0.0,0.0,False,False,0.0,IFD-MFTE1,INFO,OK: Position Fully Balanced.
IFD-NTPL1,2023-04-03 05:00:00,,,,,,,0.0,0.0,False,False,False,NORTHPOOL,0.0,0.0,False,False,0.0,IFG-NTPL1,INFO,OK: Position Fully Balanced.
IFD-OPMX1,2023-04-03 05:00:00,,,,,,,0.0,0.0,False,False,False,OPTIMAX,0.0,0.0,False,False,0.0,IFG-OPMX1,INFO,OK: Position Fully Balanced.
IFG-OPMX1,2023-04-03 05:00:00,,,,,,,0.0,0.0,False,False,False,OPTIMAX,0.0,0.0,False,False,0.0,IFD-OPMX1,INFO,OK: Position Fully Balanced.
IFD-VTFS1,2023-04-03 05:00:00,,,,,,,0.0,0.0,False,False,False,VATTENFALL,0.0,0.0,False,False,0.0,IFG-VTFS1,INFO,OK: Position Fully Balanced.
IFD-VSAL1,2023-04-03 05:00:00,,,,,,,0.0,0.0,False,False,False,VITOL,0.0,0.0,False,False,0.0,IFG-VSAL1,INFO,OK: Position Fully Balanced.
IFG-VSAL1,2023-04-03 05:00:00,,,,,,,0.0,0.0,False,False,False,VITOL,0.0,0.0,False,False,0.0,IFD-VSAL1,INFO,OK: Position Fully Balanced.
IFD-CNGS1,2023-04-03 05:00:00,,,,,,,0.0,0.0,False,False,False,,0.0,0.0,False,False,0.0,IFG-CNGS1,INFO,BMU mapping missing for IFD-CNGS1. Check CP_codes.csv.
IFD-OMPX1,2023-04-03 05:00:00,,,,,,,0.0,0.0,False,False,False,,0.0,0.0,False,False,0.0,IFG-OMPX1,INFO,BMU mapping missing for IFD-OMPX1. Check CP_codes.csv.
IFD-STAT1,2023-04-03 05:00:00,,,,,,,0.0,0.0,False,False,False,,0.0,0.0,False,False,0.0,IFG-STAT1,INFO,BMU mapping missing for IFD-STAT1. Check CP_codes.csv.
IFG-CNGS1,2023-04-03 05:00:00,,,,,,,0.0,0.0,False,False,False,,0.0,0.0,False,False,0.0,IFD-CNGS1,INFO,BMU mapping missing for IFG-CNGS1. Check CP_codes.csv.
IFG-EPCO1,2023-04-03 05:00:00,,,,,,,0.0,0.0,False,False,False,,0.0,0.0,False,False,0.0,IFD-EPCO1,INFO,BMU mapping missing for IFG-EPCO1. Check CP_codes.csv.
IFG-MCRA1,2023-04-03 05:00:00,,,,,,,0.0,0.0,False,False,False,,0.0,0.0,False,False,0.0,IFD-MCRA1,INFO,BMU mapping missing for IFG-MCRA1. Check CP_codes.csv.
IFG-OMPX1,2023-04-03 05:00:00,,,,,,,0.0,0.0,False,False,False,,0.0,0.0,False,False,0.0,IFD-OMPX1,INFO,BMU mapping missing for IFG-OMPX1. Check CP_codes.csv.
IFG-STAT1,2023-04-03 05:00:00,,,,,,,0.0,0.0,False,False,False,,0.0,0.0,False,False,0.0,IFD-STAT1,INFO,BMU mapping missing for IFG-STAT1. Check CP_codes.csv.
IFG-TFEE1,2023-04-03 05:00:00,,,,,,,0.0,0.0,False,False,False,,0.0,0.0,False,False,0.0,IFD-TFEE1,INFO,BMU mapping missing for IFG-TFEE1. Check CP_codes.csv.
IFG-DSKC1,2023-04-03 06:00:00,,,,,,,0.0,0.0,False,False,False,DANSKE,0.0,0.0,False,False,0.0,IFD-DSKC1,INFO,OK: Position Fully Balanced.
IFG-DVAL1,2023-04-03 06:00:00,,,,,,,0.0,0.0,False,False,False,DVALIN,0.0,0.0,False,False,0.0,IFD-DVAL1,INFO,OK: Position Fully Balanced.
IFD-EDFT1,2023-04-03 06:00:00,,,,,,,0.0,0.0,False,False,False,EDFT,0.0,0.0,False,False,0.0,IFG-EDFT1,INFO,OK: Position Fully Balanced.
IFG-EDFT1,2023-04-03 06:00:00,,,,,,,0.0,0.0,False,False,False,EDFT,0.0,0.0,False,False,0.0,IFD-EDFT1,INFO,OK: Position Fully Balanced.
IFG-ELTR1,2023-04-03 06:00:00,,,,,,,0.0,0.0,False,False,False,ELECTRO,0.0,0.0,False,False,0.0,IFD-ELTR1,INFO,OK: Position Fully Balanced.
IFD-EDMK1,2023-04-03 06:00:00,,,,,,,0.0,0.0,False,False,False,ENERGIDAN,0.0,0.0,False,False,0.0,IFG-EDMK1,INFO,OK: Position Fully Balanced.
IFG-EDMK1,2023-04-03 06:00:00,,,,,,,0.0,0.0,False,False,False,ENERGIDAN,0.0,0.0,False,False,0.0,IFD-EDMK1,INFO,OK: Position Fully Balanced.
IFG-HELI1,2023-04-03 06:00:00,,,,,,,0.0,0.0,False,False,False,HELIOS,0.0,0.0,False,False,0.0,IFD-HELI1,INFO,OK: Position Fully Balanced.
IFG-INCM1,2023-04-03 06:00:00,,,,,,,0.0,0.0,False,False,False,INCOM,0.0,0.0,False,False,0.0,IFD-INCM1,INFO,OK: Position Fully Balanced.
IFG-MFTE1,2023-04-03 06:00:00,,,,,,,0.0,0.0,False,False,False,MFT,0.0,0.0,False,False,0.0,IFD-MFTE1,INFO,OK: Position Fully Balanced.
IFD-NTPL1,2023-04-03 06:00:00,,,,,,,0.0,0.0,False,False,False,NORTHPOOL,0.0,0.0,False,False,0.0,IFG-NTPL1,INFO,OK: Position Fully Balanced.
IFD-OPMX1,2023-04-03 06:00:00,,,,,,,0.0,0.0,False,False,False,OPTIMAX,0.0,0.0,False,False,0.0,IFG-OPMX1,INFO,OK: Position Fully Balanced.
IFG-OPMX1,2023-04-03 06:00:00,,,,,,,0.0,0.0,False,False,False,OPTIMAX,0.0,0.0,False,False,0.0,IFD-OPMX1,INFO,OK: Position Fully Balanced.
IFD-VTFS1,2023-04-03 06:00:00,,,,,,,0.0,0.0,False,False,False,VATTENFALL,0.0,0.0,False,False,0.0,IFG-VTFS1,INFO,OK: Position Fully Balanced.
IFD-VSAL1,2023-04-03 06:00:00,,,,,,,0.0,0.0,False,False,False,VITOL,0.0,0.0,False,False,0.0,IFG-VSAL1,INFO,OK: Position Fully Balanced.
IFG-VSAL1,2023-04-03 06:00:00,,,,,,,0.0,0.0,False,False,False,VITOL,0.0,0.0,False,False,0.0,IFD-VSAL1,INFO,OK: Position Fully Balanced.
IFD-CNGS1,2023-04-03 06:00:00,,,,,,,0.0,0.0,False,False,False,,0.0,0.0,False,False,0.0,IFG-CNGS1,INFO,BMU mapping missing for IFD-CNGS1. Check CP_codes.csv.
IFD-OMPX1,2023-04-03 06:00:00,,,,,,,0.0,0.0,False,False,False,,0.0,0.0,False,False,0.0,IFG-OMPX1,INFO,BMU mapping missing for IFD-OMPX1. Check CP_codes.csv.
IFD-STAT1,2023-04-03 06:00:00,,,,,,,0.0,0.0,False,False,False,,0.0,0.0,False,False,0.0,IFG-STAT1,INFO,BMU mapping missing for IFD-STAT1. Check CP_codes.csv.
IFG-CNGS1,2023-04-03 06:00:00,,,,,,,0.0,0.0,False,False,False,,0.0,0.0,False,False,0.0,IFD-CNGS1,INFO,BMU mapping missing for IFG-CNGS1. Check CP_codes.csv.
IFG-EPCO1,2023-04-03 06:00:00,,,,,,,0.0,0.0,False,False,False,,0.0,0.0,False,False,0.0,IFD-EPCO1,INFO,BMU mapping missing for IFG-EPCO1. Check CP_codes.csv.
IFG-MCRA1,2023-04-03 06:00:00,,,,,,,0.0,0.0,False,False,False,,0.0,0.0,False,False,0.0,IFD-MCRA1,INFO,BMU mapping missing for IFG-MCRA1. Check CP_codes.csv.
IFG-OMPX1,2023-04-03 06:00:00,,,,,,,0.0,0.0,False,False,False,,0.0,0.0,False,False,0.0,IFD-OMPX1,INFO,BMU mapping missing for IFG-OMPX1. Check CP_codes.csv.
IFG-STAT1,2023-04-03 06:00:00,,,,,,,0.0,0.0,False,False,False,,0.0,0.0,False,False,0.0,IFD-STAT1,INFO,BMU mapping missing for IFG-STAT1. Check CP_codes.csv.
IFG-TFEE1,2023-04-03 06:00:00,,,,,,,0.0,0.0,False,False,False,,0.0,0.0,False,False,0.0,IFD-TFEE1,INFO,BMU mapping missing for IFG-TFEE1. Check CP_codes.csv.
IFG-DSKC1,2023-04-03 07:00:00,,,,,,,0.0,0.0,False,False,False,DANSKE,0.0,0.0,False,False,0.0,IFD-DSKC1,INFO,OK: Position Fully Balanced.
IFG-DVAL1,2023-04-03 07:00:00,,,,,,,0.0,0.0,False,False,False,DVALIN,0.0,0.0,False,False,0.0,IFD-DVAL1,INFO,OK: Position Fully Balanced.
IFD-EDFT1,2023-04-03 07:00:00,,,,,,,0.0,0.0,False,False,False,EDFT,0.0,0.0,False,False,0.0,IFG-EDFT1,INFO,OK: Position Fully Balanced.
IFG-EDFT1,2023-04-03 07:00:00,,,,,,,0.0,0.0,False,False,False,EDFT,0.0,0.0,False,False,0.0,IFD-EDFT1,INFO,OK: Position Fully Balanced.
IFG-ELTR1,2023-04-03 07:00:00,,,,,,,0.0,0.0,False,False,False,ELECTRO,0.0,0.0,False,False,0.0,IFD-ELTR1,INFO,OK: Position Fully Balanced.
IFD-EDMK1,2023-04-03 07:00:00,,,,,,,0.0,0.0,False,False,False,ENERGIDAN,0.0,0.0,False,False,0.0,IFG-EDMK1,INFO,OK: Position Fully Balanced.
IFG-EDMK1,2023-04-03 07:00:00,,,,,,,0.0,0.0,False,False,False,ENERGIDAN,0.0,0.0,False,False,0.0,IFD-EDMK1,INFO,OK: Position Fully Balanced.
IFG-HELI1,2023-04-03 07:00:00,,,,,,,0.0,0.0,False,False,False,HELIOS,0.0,0.0,False,False,0.0,IFD-HELI1,INFO,OK: Position Fully Balanced.
IFG-INCM1,2023-04-03 07:00:00,,,,,,,0.0,0.0,False,False,False,INCOM,0.0,0.0,False,False,0.0,IFD-INCM1,INFO,OK: Position Fully Balanced.
IFG-MFTE1,2023-04-03 07:00:00,,,,,,,0.0,0.0,False,False,False,MFT,0.0,0.0,False,False,0.0,IFD-MFTE1,INFO,OK: Position Fully Balanced.
IFD-NTPL1,2023-04-03 07:00:00,,,,,,,0.0,0.0,False,False,False,NORTHPOOL,0.0,0.0,False,False,0.0,IFG-NTPL1,INFO,OK: Position Fully Balanced.
IFD-OPMX1,2023-04-03 07:00:00,,,,,,,0.0,0.0,False,False,False,OPTIMAX,0.0,0.0,False,False,0.0,IFG-OPMX1,INFO,OK: Position Fully Balanced.
IFG-OPMX1,2023-04-03 07:00:00,,,,,,,0.0,0.0,False,False,False,OPTIMAX,0.0,0.0,False,False,0.0,IFD-OPMX1,INFO,OK: Position Fully Balanced.
IFD-VTFS1,2023-04-03 07:00:00,,,,,,,0.0,0.0,False,False,False,VATTENFALL,0.0,0.0,False,False,0.0,IFG-VTFS1,INFO,OK: Position Fully Balanced.
IFD-VSAL1,2023-04-03 07:00:00,,,,,,,0.0,0.0,False,False,False,VITOL,0.0,0.0,False,False,0.0,IFG-VSAL1,INFO,OK: Position Fully Balanced.
IFG-VSAL1,2023-04-03 07:00:00,,,,,,,0.0,0.0,False,False,False,VITOL,0.0,0.0,False,False,0.0,IFD-VSAL1,INFO,OK: Position Fully Balanced.
IFD-CNGS1,2023-04-03 07:00:00,,,,,,,0.0,0.0,False,False,False,,0.0,0.0,False,False,0.0,IFG-CNGS1,INFO,BMU mapping missing for IFD-CNGS1. Check CP_codes.csv.
IFD-OMPX1,2023-04-03 07:00:00,,,,,,,0.0,0.0,False,False,False,,0.0,0.0,False,False,0.0,IFG-OMPX1,INFO,BMU mapping missing for IFD-OMPX1. Check CP_codes.csv.
IFD-STAT1,2023-04-03 07:00:00,,,,,,,0.0,0.0,False,False,False,,0.0,0.0,False,False,0.0,IFG-STAT1,INFO,BMU mapping missing for IFD-STAT1. Check CP_codes.csv.
IFG-CNGS1,2023-04-03 07:00:00,,,,,,,0.0,0.0,False,False,False,,0.0,0.0,False,False,0.0,IFD-CNGS1,INFO,BMU mapping missing for IFG-CNGS1. Check CP_codes.csv.
IFG-EPCO1,2023-04-03 07:00:00,,,,,,,0.0,0.0,False,False,False,,0.0,0.0,False,False,0.0,IFD-EPCO1,INFO,BMU mapping missing for IFG-EPCO1. Check CP_codes.csv.
IFG-MCRA1,2023-04-03 07:00:00,,,,,,,0.0,0.0,False,False,False,,0.0,0.0,False,False,0.0,IFD-MCRA1,INFO,BMU mapping missing for IFG-MCRA1. Check CP_codes.csv.
IFG-OMPX1,2023-04-03 07:00:00,,,,,,,0.0,0.0,False,False,False,,0.0,0.0,False,False,0.0,IFD-OMPX1,INFO,BMU mapping missing for IFG-OMPX1. Check CP_codes.csv.
IFG-STAT1,2023-04-03 07:00:00,,,,,,,0.0,0.0,False,False,False,,0.0,0.0,False,False,0.0,IFD-STAT1,INFO,BMU mapping missing for IFG-STAT1. Check CP_codes.csv.
IFG-TFEE1,2023-04-03 07:00:00,,,,,,,0.0,0.0,False,False,False,,0.0,0.0,False,False,0.0,IFD-TFEE1,INFO,BMU mapping missing for IFG-TFEE1. Check CP_codes.csv.
IFG-DSKC1,2023-04-03 08:00:00,,,,,,,0.0,0.0,False,False,False,DANSKE,0.0,0.0,False,False,0.0,IFD-DSKC1,INFO,OK: Position Fully Balanced.
IFG-DVAL1,2023-04-03 08:00:00,,,,,,,0.0,0.0,False,False,False,DVALIN,0.0,0.0,False,False,0.0,IFD-DVAL1,INFO,OK: Position Fully Balanced.
IFD-EDFT1,2023-04-03 08:00:00,,,,,,,0.0,0.0,False,False,False,EDFT,0.0,0.0,False,False,0.0,IFG-EDFT1,INFO,OK: Position Fully Balanced.
IFG-EDFT1,2023-04-03 08:00:00,,,,,,,0.0,0.0,False,False,False,EDFT,0.0,0.0,False,False,0.0,IFD-EDFT1,INFO,OK: Position Fully Balanced.
IFG-ELTR1,2023-04-03 08:00:00,,,,,,,0.0,0.0,False,False,False,ELECTRO,0.0,0.0,False,False,0.0,IFD-ELTR1,INFO,OK: Position Fully Balanced.
IFD-EDMK1,2023-04-03 08:00:00,,,,,,,0.0,0.0,False,False,False,ENERGIDAN,0.0,0.0,False,False,0.0,IFG-EDMK1,INFO,OK: Position Fully Balanced.
IFG-EDMK1,2023-04-03 08:00:00,,,,,,,0.0,0.0,False,False,False,ENERGIDAN,0.0,0.0,False,False,0.0,IFD-EDMK1,INFO,OK: Position Fully Balanced.
IFG-HELI1,2023-04-03 08:00:00,,,,,,,0.0,0.0,False,False,False,HELIOS,0.0,0.0,False,False,0.0,IFD-HELI1,INFO,OK: Position Fully Balanced.
IFG-INCM1,2023-04-03 08:00:00,,,,,,,0.0,0.0,False,False,False,INCOM,0.0,0.0,False,False,0.0,IFD-INCM1,INFO,OK: Position Fully Balanced.
IFG-MFTE1,2023-04-03 08:00:00,,,,,,,0.0,0.0,False,False,False,MFT,0.0,0.0,False,False,0.0,IFD-MFTE1,INFO,OK: Position Fully Balanced.
IFD-NTPL1,2023-04-03 08:00:00,,,,,,,0.0,0.0,False,False,False,NORTHPOOL,0.0,0.0,False,False,0.0,IFG-NTPL1,INFO,OK: Position Fully Balanced.
IFD-OPMX1,2023-04-03 08:00:00,,,,,,,0.0,0.0,False,False,False,OPTIMAX,0.0,0.0,False,False,0.0,IFG-OPMX1,INFO,OK: Position Fully Balanced.
IFG-OPMX1,2023-04-03 08:00:00,,,,,,,0.0,0.0,False,False,False,OPTIMAX,0.0,0.0,False,False,0.0,IFD-OPMX1,INFO,OK: Position Fully Balanced.
IFD-VTFS1,2023-04-03 08:00:00,,,,,,,0.0,0.0,False,False,False,VATTENFALL,0.0,0.0,False,False,0.0,IFG-VTFS1,INFO,OK: Position Fully Balanced.
IFD-VSAL1,2023-04-03 08:00:00,,,,,,,0.0,0.0,False,False,False,VITOL,0.0,0.0,False,False,0.0,IFG-VSAL1,INFO,OK: Position Fully Balanced.
IFG-VSAL1,2023-04-03 08:00:00,,,,,,,0.0,0.0,False,False,False,VITOL,0.0,0.0,False,False,0.0,IFD-VSAL1,INFO,OK: Position Fully Balanced.
IFD-CNGS1,2023-04-03 08:00:00,,,,,,,0.0,0.0,False,False,False,,0.0,0.0,False,False,0.0,IFG-CNGS1,INFO,BMU mapping missing for IFD-CNGS1. Check CP_codes.csv.
IFD-OMPX1,2023-04-03 08:00:00,,,,,,,0.0,0.0,False,False,False,,0.0,0.0,False,False,0.0,IFG-OMPX1,INFO,BMU mapping missing for IFD-OMPX1. Check CP_codes.csv.
IFD-STAT1,2023-04-03 08:00:00,,,,,,,0.0,0.0,False,False,False,,0.0,0.0,False,False,0.0,IFG-STAT1,INFO,BMU mapping missing for IFD-STAT1. Check CP_codes.csv.
IFG-CNGS1,2023-04-03 08:00:00,,,,,,,0.0,0.0,False,False,False,,0.0,0.0,False,False,0.0,IFD-CNGS1,INFO,BMU mapping missing for IFG-CNGS1. Check CP_codes.csv.
IFG-EPCO1,2023-04-03 08:00:00,,,,,,,0.0,0.0,False,False,False,,0.0,0.0,False,False,0.0,IFD-EPCO1,INFO,BMU mapping missing for IFG-EPCO1. Check CP_codes.csv.
IFG-MCRA1,2023-04-03 08:00:00,,,,,,,0.0,0.0,False,False,False,,0.0,0.0,False,False,0.0,IFD-MCRA1,INFO,BMU mapping missing for IFG-MCRA1. Check CP_codes.csv.
IFG-OMPX1,2023-04-03 08:00:00,,,,,,,0.0,0.0,False,False,False,,0.0,0.0,False,False,0.0,IFD-OMPX1,INFO,BMU mapping missing for IFG-OMPX1. Check CP_codes.csv.
IFG-STAT1,2023-04-03 08:00:00,,,,,,,0.0,0.0,False,False,False,,0.0,0.0,False,False,0.0,IFD-STAT1,INFO,BMU mapping missing for IFG-STAT1. Check CP_codes.csv.
IFG-TFEE1,2023-04-03 08:00:00,,,,,,,0.0,0.0,False,False,False,,0.0,0.0,False,False,0.0,IFD-TFEE1,INFO,BMU mapping missing for IFG-TFEE1. Check CP_codes.csv.
IFG-DSKC1,2023-04-03 09:00:00,,,,,,,0.0,0.0,False,False,False,DANSKE,0.0,0.0,False,False,0.0,IFD-DSKC1,INFO,OK: Position Fully Balanced.
IFG-DVAL1,2023-04-03 09:00:00,,,,,,,0.0,0.0,False,False,False,DVALIN,0.0,0.0,False,False,0.0,IFD-DVAL1,INFO,OK: Position Fully Balanced.
IFD-EDFT1,2023-04-03 09:00:00,,,,,,,0.0,0.0,False,False,False,EDFT,0.0,0.0,False,False,0.0,IFG-EDFT1,INFO,OK: Position Fully Balanced.
IFG-EDFT1,2023-04-03 09:00:00,,,,,,,0.0,0.0,False,False,False,EDFT,0.0,0.0,False,False,0.0,IFD-EDFT1,INFO,OK: Position Fully Balanced.
IFG-ELTR1,2023-04-03 09:00:00,,,,,,,0.0,0.0,False,False,False,ELECTRO,0.0,0.0,False,False,0.0,IFD-ELTR1,INFO,OK: Position Fully Balanced.
IFD-EDMK1,2023-04-03 09:00:00,,,,,,,0.0,0.0,False,False,False,ENERGIDAN,0.0,0.0,False,False,0.0,IFG-EDMK1,INFO,OK: Position Fully Balanced.
IFG-EDMK1,2023-04-03 09:00:00,,,,,,,0.0,0.0,False,False,False,ENERGIDAN,0.0,0.0,False,False,0.0,IFD-EDMK1,INFO,OK: Position Fully Balanced.
IFG-HELI1,2023-04-03 09:00:00,,,,,,,0.0,0.0,False,False,False,HELIOS,0.0,0.0,False,False,0.0,IFD-HELI1,INFO,OK: Position Fully Balanced.
IFG-INCM1,2023-04-03 09:00:00,,,,,,,0.0,0.0,False,False,False,INCOM,0.0,0.0,False,False,0.0,IFD-INCM1,INFO,OK: Position Fully Balanced.
IFG-MFTE1,2023-04-03 09:00:00,,,,,,,0.0,0.0,False,False,False,MFT,0.0,0.0,False,False,0.0,IFD-MFTE1,INFO,OK: Position Fully Balanced.
IFD-NTPL1,2023-04-03 09:00:00,,,,,,,0.0,0.0,False,False,False,NORTHPOOL,0.0,0.0,False,False,0.0,IFG-NTPL1,INFO,OK: Position Fully Balanced.
IFD-OPMX1,2023-04-03 09:00:00,,,,,,,0.0,0.0,False,False,False,OPTIMAX,0.0,0.0,False,False,0.0,IFG-OPMX1,INFO,OK: Position Fully Balanced.
IFG-OPMX1,2023-04-03 09:00:00,,,,,,,0.0,0.0,False,False,False,OPTIMAX,0.0,0.0,False,False,0.0,IFD-OPMX1,INFO,OK: Position Fully Balanced.
IFD-VTFS1,2023-04-03 09:00:00,,,,,,,0.0,0.0,False,False,False,VATTENFALL,0.0,0.0,False,False,0.0,IFG-VTFS1,INFO,OK: Position Fully Balanced.
IFD-VSAL1,2023-04-03 09:00:00,,,,,,,0.0,0.0,False,False,False,VITOL,0.0,0.0,False,False,0.0,IFG-VSAL1,INFO,OK: Position Fully Balanced.
IFG-VSAL1,2023-04-03 09:00:00,,,,,,,0.0,0.0,False,False,False,VITOL,0.0,0.0,False,False,0.0,IFD-VSAL1,INFO,OK: Position Fully Balanced.
IFD-CNGS1,2023-04-03 09:00:00,,,,,,,0.0,0.0,False,False,False,,0.0,0.0,False,False,0.0,IFG-CNGS1,INFO,BMU mapping missing for IFD-CNGS1. Check CP_codes.csv.
IFD-OMPX1,2023-04-03 09:00:00,,,,,,,0.0,0.0,False,False,False,,0.0,0.0,False,False,0.0,IFG-OMPX1,INFO,BMU mapping missing for IFD-OMPX1. Check CP_codes.csv.
IFD-STAT1,2023-04-03 09:00:00,,,,,,,0.0,0.0,False,False,False,,0.0,0.0,False,False,0.0,IFG-STAT1,INFO,BMU mapping missing for IFD-STAT1. Check CP_codes.csv.
IFG-CNGS1,2023-04-03 09:00:00,,,,,,,0.0,0.0,False,False,False,,0.0,0.0,False,False,0.0,IFD-CNGS1,INFO,BMU mapping missing for IFG-CNGS1. Check CP_codes.csv.
IFG-EPCO1,2023-04-03 09:00:00,,,,,,,0.0,0.0,False,False,False,,0.0,0.0,False,False,0.0,IFD-EPCO1,INFO,BMU mapping missing for IFG-EPCO1. Check CP_codes.csv.
IFG-MCRA1,2023-04-03 09:00:00,,,,,,,0.0,0.0,False,False,False,,0.0,0.0,False,False,0.0,IFD-MCRA1,INFO,BMU mapping missing for IFG-MCRA1. Check CP_codes.csv.
IFG-OMPX1,2023-04-03 09:00:00,,,,,,,0.0,0.0,False,False,False,,0.0,0.0,False,False,0.0,IFD-OMPX1,INFO,BMU mapping missing for IFG-OMPX1. Check CP_codes.csv.
IFG-STAT1,2023-04-03 09:00:00,,,,,,,0.0,0.0,False,False,False,,0.0,0.0,False,False,0.0,IFD-STAT1,INFO,BMU mapping missing for IFG-STAT1. Check CP_codes.csv.
IFG-TFEE1,2023-04-03 09:00:00,,,,,,,0.0,0.0,False,False,False,,0.0,0.0,False,False,0.0,IFD-TFEE1,INFO,BMU mapping missing for IFG-TFEE1. Check CP_codes.csv.
IFG-DSKC1,2023-04-03 10:00:00,,,,,,,0.0,0.0,False,False,False,DANSKE,0.0,0.0,False,False,0.0,IFD-DSKC1,INFO,OK: Position Fully Balanced.
IFG-DVAL1,2023-04-03 10:00:00,,,,,,,0.0,0.0,False,False,False,DVALIN,0.0,0.0,False,False,0.0,IFD-DVAL1,INFO,OK: Position Fully Balanced.
IFD-EDFT1,2023-04-03 10:00:00,,,,,,,0.0,0.0,False,False,False,EDFT,0.0,0.0,False,False,0.0,IFG-EDFT1,INFO,OK: Position Fully Balanced.
IFG-EDFT1,2023-04-03 10:00:00,,,,,,,0.0,0.0,False,False,False,EDFT,0.0,0.0,False,False,0.0,IFD-EDFT1,INFO,OK: Position Fully Balanced.
IFG-ELTR1,2023-04-03 10:00:00,,,,,,,0.0,0.0,False,False,False,ELECTRO,0.0,0.0,False,False,0.0,IFD-ELTR1,INFO,OK: Position Fully Balanced.
IFD-EDMK1,2023-04-03 10:00:00,,,,,,,0.0,0.0,False,False,False,ENERGIDAN,0.0,0.0,False,False,0.0,IFG-EDMK1,INFO,OK: Position Fully Balanced.
IFG-EDMK1,2023-04-03 10:00:00,,,,,,,0.0,0.0,False,False,False,ENERGIDAN,0.0,0.0,False,False,0.0,IFD-EDMK1,INFO,OK: Position Fully Balanced.
IFG-HELI1,2023-04-03 10:00:00,,,,,,,0.0,0.0,False,False,False,HELIOS,0.0,0.0,False,False,0.0,IFD-HELI1,INFO,OK: Position Fully Balanced.
IFG-INCM1,2023-04-03 10:00:00,,,,,,,0.0,0.0,False,False,False,INCOM,0.0,0.0,False,False,0.0,IFD-INCM1,INFO,OK: Position Fully Balanced.
IFG-MFTE1,2023-04-03 10:00:00,,,,,,,0.0,0.0,False,False,False,MFT,0.0,0.0,False,False,0.0,IFD-MFTE1,INFO,OK: Position Fully Balanced.
IFD-NTPL1,2023-04-03 10:00:00,,,,,,,0.0,0.0,False,False,False,NORTHPOOL,0.0,0.0,False,False,0.0,IFG-NTPL1,INFO,OK: Position Fully Balanced.
IFD-OPMX1,2023-04-03 10:00:00,,,,,,,0.0,0.0,False,False,False,OPTIMAX,0.0,0.0,False,False,0.0,IFG-OPMX1,INFO,OK: Position Fully Balanced.
IFG-OPMX1,2023-04-03 10:00:00,,,,,,,0.0,0.0,False,False,False,OPTIMAX,0.0,0.0,False,False,0.0,IFD-OPMX1,INFO,OK: Position Fully Balanced.
IFD-VTFS1,2023-04-03 10:00:00,,,,,,,0.0,0.0,False,False,False,VATTENFALL,0.0,0.0,False,False,0.0,IFG-VTFS1,INFO,OK: Position Fully Balanced.
IFD-VSAL1,2023-04-03 10:00:00,,,,,,,0.0,0.0,False,False,False,VITOL,0.0,0.0,False,False,0.0,IFG-VSAL1,INFO,OK: Position Fully Balanced.
IFG-VSAL1,2023-04-03 10:00:00,,,,,,,0.0,0.0,False,False,False,VITOL,0.0,0.0,False,False,0.0,IFD-VSAL1,INFO,OK: Position Fully Balanced.
IFD-CNGS1,2023-04-03 10:00:00,,,,,,,0.0,0.0,False,False,False,,0.0,0.0,False,False,0.0,IFG-CNGS1,INFO,BMU mapping missing for IFD-CNGS1. Check CP_codes.csv.
IFD-OMPX1,2023-04-03 10:00:00,,,,,,,0.0,0.0,False,False,False,,0.0,0.0,False,False,0.0,IFG-OMPX1,INFO,BMU mapping missing for IFD-OMPX1. Check CP_codes.csv.
IFD-STAT1,2023-04-03 10:00:00,,,,,,,0.0,0.0,False,False,False,,0.0,0.0,False,False,0.0,IFG-STAT1,INFO,BMU mapping missing for IFD-STAT1. Check CP_codes.csv.
IFG-CNGS1,2023-04-03 10:00:00,,,,,,,0.0,0.0,False,False,False,,0.0,0.0,False,False,0.0,IFD-CNGS1,INFO,BMU mapping missing for IFG-CNGS1. Check CP_codes.csv.
IFG-EPCO1,2023-04-03 10:00:00,,,,,,,0.0,0.0,False,False,False,,0.0,0.0,False,False,0.0,IFD-EPCO1,INFO,BMU mapping missing for IFG-EPCO1. Check CP_codes.csv.
IFG-MCRA1,2023-04-03 10:00:00,,,,,,,0.0,0.0,False,False,False,,0.0,0.0,False,False,0.0,IFD-MCRA1,INFO,BMU mapping missing for IFG-MCRA1. Check CP_codes.csv.
IFG-OMPX1,2023-04-03 10:00:00,,,,,,,0.0,0.0,False,False,False,,0.0,0.0,False,False,0.0,IFD-OMPX1,INFO,BMU mapping missing for IFG-OMPX1. Check CP_codes.csv.
IFG-STAT1,2023-04-03 10:00:00,,,,,,,0.0,0.0,False,False,False,,0.0,0.0,False,False,0.0,IFD-STAT1,INFO,BMU mapping missing for IFG-STAT1. Check CP_codes.csv.
IFG-TFEE1,2023-04-03 10:00:00,,,,,,,0.0,0.0,False,False,False,,0.0,0.0,False,False,0.0,IFD-TFEE1,INFO,BMU mapping missing for IFG-TFEE1. Check CP_codes.csv.
IFG-DSKC1,2023-04-03 11:00:00,,,,,,,0.0,0.0,False,False,False,DANSKE,0.0,0.0,False,False,0.0,IFD-DSKC1,INFO,OK: Position Fully Balanced.
IFG-DVAL1,2023-04-03 11:00:00,,,,,,,0.0,0.0,False,False,False,DVALIN,0.0,0.0,False,False,0.0,IFD-DVAL1,INFO,OK: Position Fully Balanced.
IFD-EDFT1,2023-04-03 11:00:00,,,,,,,0.0,0.0,False,False,False,EDFT,0.0,0.0,False,False,0.0,IFG-EDFT1,INFO,OK: Position Fully Balanced.
IFG-EDFT1,2023-04-03 11:00:00,,,,,,,0.0,0.0,False,False,False,EDFT,0.0,0.0,False,False,0.0,IFD-EDFT1,INFO,OK: Position Fully Balanced.
IFG-ELTR1,2023-04-03 11:00:00,,,,,,,0.0,0.0,False,False,False,ELECTRO,0.0,0.0,False,False,0.0,IFD-ELTR1,INFO,OK: Position Fully Balanced.
IFD-EDMK1,2023-04-03 11:00:00,,,,,,,0.0,0.0,False,False,False,ENERGIDAN,0.0,0.0,False,False,0.0,IFG-EDMK1,INFO,OK: Position Fully Balanced.
IFG-EDMK1,2023-04-03 11:00:00,,,,,,,0.0,0.0,False,False,False,ENERGIDAN,0.0,0.0,False,False,0.0,IFD-EDMK1,INFO,OK: Position Fully Balanced.
IFG-HELI1,2023-04-03 11:00:00,,,,,,,0.0,0.0,False,False,False,HELIOS,0.0,0.0,False,False,0.0,IFD-HELI1,INFO,OK: Position Fully Balanced.
IFG-INCM1,2023-04-03 11:00:00,,,,,,,0.0,0.0,False,False,False,INCOM,0.0,0.0,False,False,0.0,IFD-INCM1,INFO,OK: Position Fully Balanced.
IFG-MFTE1,2023-04-03 11:00:00,,,,,,,0.0,0.0,False,False,False,MFT,0.0,0.0,False,False,0.0,IFD-MFTE1,INFO,OK: Position Fully Balanced.
IFD-NTPL1,2023-04-03 11:00:00,,,,,,,0.0,0.0,False,False,False,NORTHPOOL,0.0,0.0,False,False,0.0,IFG-NTPL1,INFO,OK: Position Fully Balanced.
IFD-OPMX1,2023-04-03 11:00:00,,,,,,,0.0,0.0,False,False,False,OPTIMAX,0.0,0.0,False,False,0.0,IFG-OPMX1,INFO,OK: Position Fully Balanced.
IFG-OPMX1,2023-04-03 11:00:00,,,,,,,0.0,0.0,False,False,False,OPTIMAX,0.0,0.0,False,False,0.0,IFD-OPMX1,INFO,OK: Position Fully Balanced.
IFD-VTFS1,2023-04-03 11:00:00,,,,,,,0.0,0.0,False,False,False,VATTENFALL,0.0,0.0,False,False,0.0,IFG-VTFS1,INFO,OK: Position Fully Balanced.
IFD-VSAL1,2023-04-03 11:00:00,,,,,,,0.0,0.0,False,False,False,VITOL,0.0,0.0,False,False,0.0,IFG-VSAL1,INFO,OK: Position Fully Balanced.
IFG-VSAL1,2023-04-03 11:00:00,,,,,,,0.0,0.0,False,False,False,VITOL,0.0,0.0,False,False,0.0,IFD-VSAL1,INFO,OK: Position Fully Balanced.
IFD-CNGS1,2023-04-03 11:00:00,,,,,,,0.0,0.0,False,False,False,,0.0,0.0,False,False,0.0,IFG-CNGS1,INFO,BMU mapping missing for IFD-CNGS1. Check CP_codes.csv.
IFD-OMPX1,2023-04-03 11:00:00,,,,,,,0.0,0.0,False,False,False,,0.0,0.0,False,False,0.0,IFG-OMPX1,INFO,BMU mapping missing for IFD-OMPX1. Check CP_codes.csv.
IFD-STAT1,2023-04-03 11:00:00,,,,,,,0.0,0.0,False,False,False,,0.0,0.0,False,False,0.0,IFG-STAT1,INFO,BMU mapping missing for IFD-STAT1. Check CP_codes.csv.
IFG-CNGS1,2023-04-03 11:00:00,,,,,,,0.0,0.0,False,False,False,,0.0,0.0,False,False,0.0,IFD-CNGS1,INFO,BMU mapping missing for IFG-CNGS1. Check CP_codes.csv.
IFG-EPCO1,2023-04-03 11:00:00,,,,,,,0.0,0.0,False,False,False,,0.0,0.0,False,False,0.0,IFD-EPCO1,INFO,BMU mapping missing for IFG-EPCO1. Check CP_codes.csv.
IFG-MCRA1,2023-04-03 11:00:00,,,,,,,0.0,0.0,False,False,False,,0.0,0.0,False,False,0.0,IFD-MCRA1,INFO,BMU mapping missing for IFG-MCRA1. Check CP_codes.csv.
IFG-OMPX1,2023-04-03 11:00:00,,,,,,,0.0,0.0,False,False,False,,0.0,0.0,False,False,0.0,IFD-OMPX1,INFO,BMU mapping missing for IFG-OMPX1. Check CP_codes.csv.
IFG-STAT1,2023-04-03 11:00:00,,,,,,,0.0,0.0,False,False,False,,0.0,0.0,False,False,0.0,IFD-STAT1,INFO,BMU mapping missing for IFG-STAT1. Check CP_codes.csv.
IFG-TFEE1,2023-04-03 11:00:00,,,,,,,0.0,0.0,False,False,False,,0.0,0.0,False,False,0.0,IFD-TFEE1,INFO,BMU mapping missing for IFG-TFEE1. Check CP_codes.csv.
IFG-DSKC1,2023-04-03 12:00:00,,,,,,,0.0,0.0,False,False,False,DANSKE,0.0,0.0,False,False,0.0,IFD-DSKC1,INFO,OK: Position Fully Balanced.
IFG-DVAL1,2023-04-03 12:00:00,,,,,,,0.0,0.0,False,False,False,DVALIN,0.0,0.0,False,False,0.0,IFD-DVAL1,INFO,OK: Position Fully Balanced.
IFD-EDFT1,2023-04-03 12:00:00,,,,,,,0.0,0.0,False,False,False,EDFT,0.0,0.0,False,False,0.0,IFG-EDFT1,INFO,OK: Position Fully Balanced.
IFG-EDFT1,2023-04-03 12:00:00,,,,,,,0.0,0.0,False,False,False,EDFT,0.0,0.0,False,False,0.0,IFD-EDFT1,INFO,OK: Position Fully Balanced.
IFG-ELTR1,2023-04-03 12:00:00,,,,,,,0.0,0.0,False,False,False,ELECTRO,0.0,0.0,False,False,0.0,IFD-ELTR1,INFO,OK: Position Fully Balanced.
IFD-EDMK1,2023-04-03 12:00:00,,,,,,,0.0,0.0,False,False,False,ENERGIDAN,0.0,0.0,False,False,0.0,IFG-EDMK1,INFO,OK: Position Fully Balanced.
IFG-EDMK1,2023-04-03 12:00:00,,,,,,,0.0,0.0,False,False,False,ENERGIDAN,0.0,0.0,False,False,0.0,IFD-EDMK1,INFO,OK: Position Fully Balanced.
IFG-HELI1,2023-04-03 12:00:00,,,,,,,0.0,0.0,False,False,False,HELIOS,0.0,0.0,False,False,0.0,IFD-HELI1,INFO,OK: Position Fully Balanced.
IFG-INCM1,2023-04-03 12:00:00,,,,,,,0.0,0.0,False,False,False,INCOM,0.0,0.0,False,False,0.0,IFD-INCM1,INFO,OK: Position Fully Balanced.
IFG-MFTE1,2023-04-03 12:00:00,,,,,,,0.0,0.0,False,False,False,MFT,0.0,0.0,False,False,0.0,IFD-MFTE1,INFO,OK: Position Fully Balanced.
IFD-NTPL1,2023-04-03 12:00:00,,,,,,,0.0,0.0,False,False,False,NORTHPOOL,0.0,0.0,False,False,0.0,IFG-NTPL1,INFO,OK: Position Fully Balanced.
IFD-OPMX1,2023-04-03 12:00:00,,,,,,,0.0,0.0,False,False,False,OPTIMAX,0.0,0.0,False,False,0.0,IFG-OPMX1,INFO,OK: Position Fully Balanced.
IFG-OPMX1,2023-04-03 12:00:00,,,,,,,0.0,0.0,False,False,False,OPTIMAX,0.0,0.0,False,False,0.0,IFD-OPMX1,INFO,OK: Position Fully Balanced.
IFD-VTFS1,2023-04-03 12:00:00,,,,,,,0.0,0.0,False,False,False,VATTENFALL,0.0,0.0,False,False,0.0,IFG-VTFS1,INFO,OK: Position Fully Balanced.
IFD-VSAL1,2023-04-03 12:00:00,,,,,,,0.0,0.0,False,False,False,VITOL,0.0,0.0,False,False,0.0,IFG-VSAL1,INFO,OK: Position Fully Balanced.
IFG-VSAL1,2023-04-03 12:00:00,,,,,,,0.0,0.0,False,False,False,VITOL,0.0,0.0,False,False,0.0,IFD-VSAL1,INFO,OK: Position Fully Balanced.
IFD-CNGS1,2023-04-03 12:00:00,,,,,,,0.0,0.0,False,False,False,,0.0,0.0,False,False,0.0,IFG-CNGS1,INFO,BMU mapping missing for IFD-CNGS1. Check CP_codes.csv.
IFD-OMPX1,2023-04-03 12:00:00,,,,,,,0.0,0.0,False,False,False,,0.0,0.0,False,False,0.0,IFG-OMPX1,INFO,BMU mapping missing for IFD-OMPX1. Check CP_codes.csv.
IFD-STAT1,2023-04-03 12:00:00,,,,,,,0.0,0.0,False,False,False,,0.0,0.0,False,False,0.0,IFG-STAT1,INFO,BMU mapping missing for IFD-STAT1. Check CP_codes.csv.
IFG-CNGS1,2023-04-03 12:00:00,,,,,,,0.0,0.0,False,False,False,,0.0,0.0,False,False,0.0,IFD-CNGS1,INFO,BMU mapping missing for IFG-CNGS1. Check CP_codes.csv.
IFG-EPCO1,2023-04-03 12:00:00,,,,,,,0.0,0.0,False,False,False,,0.0,0.0,False,False,0.0,IFD-EPCO1,INFO,BMU mapping missing for IFG-EPCO1. Check CP_codes.csv.
IFG-MCRA1,2023-04-03 12:00:00,,,,,,,0.0,0.0,False,False,False,,0.0,0.0,False,False,0.0,IFD-MCRA1,INFO,BMU mapping missing for IFG-MCRA1. Check CP_codes.csv.
IFG-OMPX1,2023-04-03 12:00:00,,,,,,,0.0,0.0,False,False,False,,0.0,0.0,False,False,0.0,IFD-OMPX1,INFO,BMU mapping missing for IFG-OMPX1. Check CP_codes.csv.
IFG-STAT1,2023-04-03 12:00:00,,,,,,,0.0,0.0,False,False,False,,0.0,0.0,False,False,0.0,IFD-STAT1,INFO,BMU mapping missing for IFG-STAT1. Check CP_codes.csv.
IFG-TFEE1,2023-04-03 12:00:00,,,,,,,0.0,0.0,False,False,False,,0.0,0.0,False,False,0.0,IFD-TFEE1,INFO,BMU mapping missing for IFG-TFEE1. Check CP_codes.csv.
IFG-DSKC1,2023-04-03 13:00:00,,,,,,,0.0,0.0,False,False,False,DANSKE,0.0,0.0,False,False,0.0,IFD-DSKC1,INFO,OK: Position Fully Balanced.
IFG-DVAL1,2023-04-03 13:00:00,,,,,,,0.0,0.0,False,False,False,DVALIN,0.0,0.0,False,False,0.0,IFD-DVAL1,INFO,OK: Position Fully Balanced.
IFD-EDFT1,2023-04-03 13:00:00,,,,,,,0.0,0.0,False,False,False,EDFT,0.0,0.0,False,False,0.0,IFG-EDFT1,INFO,OK: Position Fully Balanced.
IFG-EDFT1,2023-04-03 13:00:00,,,,,,,0.0,0.0,False,False,False,EDFT,0.0,0.0,False,False,0.0,IFD-EDFT1,INFO,OK: Position Fully Balanced.
IFG-ELTR1,2023-04-03 13:00:00,,,,,,,0.0,0.0,False,False,False,ELECTRO,0.0,0.0,False,False,0.0,IFD-ELTR1,INFO,OK: Position Fully Balanced.
IFD-EDMK1,2023-04-03 13:00:00,,,,,,,0.0,0.0,False,False,False,ENERGIDAN,0.0,0.0,False,False,0.0,IFG-EDMK1,INFO,OK: Position Fully Balanced.
IFG-EDMK1,2023-04-03 13:00:00,,,,,,,0.0,0.0,False,False,False,ENERGIDAN,0.0,0.0,False,False,0.0,IFD-EDMK1,INFO,OK: Position Fully Balanced.
IFG-HELI1,2023-04-03 13:00:00,,,,,,,0.0,0.0,False,False,False,HELIOS,0.0,0.0,False,False,0.0,IFD-HELI1,INFO,OK: Position Fully Balanced.
IFG-INCM1,2023-04-03 13:00:00,,,,,,,0.0,0.0,False,False,False,INCOM,0.0,0.0,False,False,0.0,IFD-INCM1,INFO,OK: Position Fully Balanced.
IFG-MFTE1,2023-04-03 13:00:00,,,,,,,0.0,0.0,False,False,False,MFT,0.0,0.0,False,False,0.0,IFD-MFTE1,INFO,OK: Position Fully Balanced.
IFD-NTPL1,2023-04-03 13:00:00,,,,,,,0.0,0.0,False,False,False,NORTHPOOL,0.0,0.0,False,False,0.0,IFG-NTPL1,INFO,OK: Position Fully Balanced.
IFD-OPMX1,2023-04-03 13:00:00,,,,,,,0.0,0.0,False,False,False,OPTIMAX,0.0,0.0,False,False,0.0,IFG-OPMX1,INFO,OK: Position Fully Balanced.
IFG-OPMX1,2023-04-03 13:00:00,,,,,,,0.0,0.0,False,False,False,OPTIMAX,0.0,0.0,False,False,0.0,IFD-OPMX1,INFO,OK: Position Fully Balanced.
IFD-VTFS1,2023-04-03 13:00:00,,,,,,,0.0,0.0,False,False,False,VATTENFALL,0.0,0.0,False,False,0.0,IFG-VTFS1,INFO,OK: Position Fully Balanced.
IFD-VSAL1,2023-04-03 13:00:00,,,,,,,0.0,0.0,False,False,False,VITOL,0.0,0.0,False,False,0.0,IFG-VSAL1,INFO,OK: Position Fully Balanced.
IFG-VSAL1,2023-04-03 13:00:00,,,,,,,0.0,0.0,False,False,False,VITOL,0.0,0.0,False,False,0.0,IFD-VSAL1,INFO,OK: Position Fully Balanced.
IFD-CNGS1,2023-04-03 13:00:00,,,,,,,0.0,0.0,False,False,False,,0.0,0.0,False,False,0.0,IFG-CNGS1,INFO,BMU mapping missing for IFD-CNGS1. Check CP_codes.csv.
IFD-OMPX1,2023-04-03 13:00:00,,,,,,,0.0,0.0,False,False,False,,0.0,0.0,False,False,0.0,IFG-OMPX1,INFO,BMU mapping missing for IFD-OMPX1. Check CP_codes.csv.
IFD-STAT1,2023-04-03 13:00:00,,,,,,,0.0,0.0,False,False,False,,0.0,0.0,False,False,0.0,IFG-STAT1,INFO,BMU mapping missing for IFD-STAT1. Check CP_codes.csv.
IFG-CNGS1,2023-04-03 13:00:00,,,,,,,0.0,0.0,False,False,False,,0.0,0.0,False,False,0.0,IFD-CNGS1,INFO,BMU mapping missing for IFG-CNGS1. Check CP_codes.csv.
IFG-EPCO1,2023-04-03 13:00:00,,,,,,,0.0,0.0,False,False,False,,0.0,0.0,False,False,0.0,IFD-EPCO1,INFO,BMU mapping missing for IFG-EPCO1. Check CP_codes.csv.
IFG-MCRA1,2023-04-03 13:00:00,,,,,,,0.0,0.0,False,False,False,,0.0,0.0,False,False,0.0,IFD-MCRA1,INFO,BMU mapping missing for IFG-MCRA1. Check CP_codes.csv.
IFG-OMPX1,2023-04-03 13:00:00,,,,,,,0.0,0.0,False,False,False,,0.0,0.0,False,False,0.0,IFD-OMPX1,INFO,BMU mapping missing for IFG-OMPX1. Check CP_codes.csv.
IFG-STAT1,2023-04-03 13:00:00,,,,,,,0.0,0.0,False,False,False,,0.0,0.0,False,False,0.0,IFD-STAT1,INFO,BMU mapping missing for IFG-STAT1. Check CP_codes.csv.
IFG-TFEE1,2023-04-03 13:00:00,,,,,,,0.0,0.0,False,False,False,,0.0,0.0,False,False,0.0,IFD-TFEE1,INFO,BMU mapping missing for IFG-TFEE1. Check CP_codes.csv.
IFG-DSKC1,2023-04-03 14:00:00,,,,,,,0.0,0.0,False,False,False,DANSKE,0.0,0.0,False,False,0.0,IFD-DSKC1,INFO,OK: Position Fully Balanced.
IFG-DVAL1,2023-04-03 14:00:00,,,,,,,0.0,0.0,False,False,False,DVALIN,0.0,0.0,False,False,0.0,IFD-DVAL1,INFO,OK: Position Fully Balanced.
IFD-EDFT1,2023-04-03 14:00:00,,,,,,,0.0,0.0,False,False,False,EDFT,0.0,0.0,False,False,0.0,IFG-EDFT1,INFO,OK: Position Fully Balanced.
IFG-EDFT1,2023-04-03 14:00:00,,,,,,,0.0,0.0,False,False,False,EDFT,0.0,0.0,False,False,0.0,IFD-EDFT1,INFO,OK: Position Fully Balanced.
IFG-ELTR1,2023-04-03 14:00:00,,,,,,,0.0,0.0,False,False,False,ELECTRO,0.0,0.0,False,False,0.0,IFD-ELTR1,INFO,OK: Position Fully Balanced.
IFD-EDMK1,2023-04-03 14:00:00,,,,,,,0.0,0.0,False,False,False,ENERGIDAN,0.0,0.0,False,False,0.0,IFG-EDMK1,INFO,OK: Position Fully Balanced.
IFG-EDMK1,2023-04-03 14:00:00,,,,,,,0.0,0.0,False,False,False,ENERGIDAN,0.0,0.0,False,False,0.0,IFD-EDMK1,INFO,OK: Position Fully Balanced.
IFG-HELI1,2023-04-03 14:00:00,,,,,,,0.0,0.0,False,False,False,HELIOS,0.0,0.0,False,False,0.0,IFD-HELI1,INFO,OK: Position Fully Balanced.
IFG-INCM1,2023-04-03 14:00:00,,,,,,,0.0,0.0,False,False,False,INCOM,0.0,0.0,False,False,0.0,IFD-INCM1,INFO,OK: Position Fully Balanced.
IFG-MFTE1,2023-04-03 14:00:00,,,,,,,0.0,0.0,False,False,False,MFT,0.0,0.0,False,False,0.0,IFD-MFTE1,INFO,OK: Position Fully Balanced.
IFD-NTPL1,2023-04-03 14:00:00,,,,,,,0.0,0.0,False,False,False,NORTHPOOL,0.0,0.0,False,False,0.0,IFG-NTPL1,INFO,OK: Position Fully Balanced.
IFD-OPMX1,2023-04-03 14:00:00,,,,,,,0.0,0.0,False,False,False,OPTIMAX,0.0,0.0,False,False,0.0,IFG-OPMX1,INFO,OK: Position Fully Balanced.
IFG-OPMX1,2023-04-03 14:00:00,,,,,,,0.0,0.0,False,False,False,OPTIMAX,0.0,0.0,False,False,0.0,IFD-OPMX1,INFO,OK: Position Fully Balanced.
IFD-VTFS1,2023-04-03 14:00:00,,,,,,,0.0,0.0,False,False,False,VATTENFALL,0.0,0.0,False,False,0.0,IFG-VTFS1,INFO,OK: Position Fully Balanced.
IFD-VSAL1,2023-04-03 14:00:00,,,,,,,0.0,0.0,False,False,False,VITOL,0.0,0.0,False,False,0.0,IFG-VSAL1,INFO,OK: Position Fully Balanced.
IFG-VSAL1,2023-04-03 14:00:00,,,,,,,0.0,0.0,False,False,False,VITOL,0.0,0.0,False,False,0.0,IFD-VSAL1,INFO,OK: Position Fully Balanced.
IFD-CNGS1,2023-04-03 14:00:00,,,,,,,0.0,0.0,False,False,False,,0.0,0.0,False,False,0.0,IFG-CNGS1,INFO,BMU mapping missing for IFD-CNGS1. Check CP_codes.csv.
IFD-OMPX1,2023-04-03 14:00:00,,,,,,,0.0,0.0,False,False,False,,0.0,0.0,False,False,0.0,IFG-OMPX1,INFO,BMU mapping missing for IFD-OMPX1. Check CP_codes.csv.
IFD-STAT1,2023-04-03 14:00:00,,,,,,,0.0,0.0,False,False,False,,0.0,0.0,False,False,0.0,IFG-STAT1,INFO,BMU mapping missing for IFD-STAT1. Check CP_codes.csv.
IFG-CNGS1,2023-04-03 14:00:00,,,,,,,0.0,0.0,False,False,False,,0.0,0.0,False,False,0.0,IFD-CNGS1,INFO,BMU mapping missing for IFG-CNGS1. Check CP_codes.csv.
IFG-EPCO1,2023-04-03 14:00:00,,,,,,,0.0,0.0,False,False,False,,0.0,0.0,False,False,0.0,IFD-EPCO1,INFO,BMU mapping missing for IFG-EPCO1. Check CP_codes.csv.
IFG-MCRA1,2023-04-03 14:00:00,,,,,,,0.0,0.0,False,False,False,,0.0,0.0,False,False,0.0,IFD-MCRA1,INFO,BMU mapping missing for IFG-MCRA1. Check CP_codes.csv.
IFG-OMPX1,2023-04-03 14:00:00,,,,,,,0.0,0.0,False,False,False,,0.0,0.0,False,False,0.0,IFD-OMPX1,INFO,BMU mapping missing for IFG-OMPX1. Check CP_codes.csv.
IFG-STAT1,2023-04-03 14:00:00,,,,,,,0.0,0.0,False,False,False,,0.0,0.0,False,False,0.0,IFD-STAT1,INFO,BMU mapping missing for IFG-STAT1. Check CP_codes.csv.
IFG-TFEE1,2023-04-03 14:00:00,,,,,,,0.0,0.0,False,False,False,,0.0,0.0,False,False,0.0,IFD-TFEE1,INFO,BMU mapping missing for IFG-TFEE1. Check CP_codes.csv.
IFG-DSKC1,2023-04-03 15:00:00,,,,,,,0.0,0.0,False,False,False,DANSKE,0.0,0.0,False,False,0.0,IFD-DSKC1,INFO,OK: Position Fully Balanced.
IFG-DVAL1,2023-04-03 15:00:00,,,,,,,0.0,0.0,False,False,False,DVALIN,0.0,0.0,False,False,0.0,IFD-DVAL1,INFO,OK: Position Fully Balanced.
IFD-EDFT1,2023-04-03 15:00:00,,,,,,,0.0,0.0,False,False,False,EDFT,0.0,0.0,False,False,0.0,IFG-EDFT1,INFO,OK: Position Fully Balanced.
IFG-EDFT1,2023-04-03 15:00:00,,,,,,,0.0,0.0,False,False,False,EDFT,0.0,0.0,False,False,0.0,IFD-EDFT1,INFO,OK: Position Fully Balanced.
IFG-ELTR1,2023-04-03 15:00:00,,,,,,,0.0,0.0,False,False,False,ELECTRO,0.0,0.0,False,False,0.0,IFD-ELTR1,INFO,OK: Position Fully Balanced.
IFD-EDMK1,2023-04-03 15:00:00,,,,,,,0.0,0.0,False,False,False,ENERGIDAN,0.0,0.0,False,False,0.0,IFG-EDMK1,INFO,OK: Position Fully Balanced.
IFG-EDMK1,2023-04-03 15:00:00,,,,,,,0.0,0.0,False,False,False,ENERGIDAN,0.0,0.0,False,False,0.0,IFD-EDMK1,INFO,OK: Position Fully Balanced.
IFG-HELI1,2023-04-03 15:00:00,,,,,,,0.0,0.0,False,False,False,HELIOS,0.0,0.0,False,False,0.0,IFD-HELI1,INFO,OK: Position Fully Balanced.
IFG-INCM1,2023-04-03 15:00:00,,,,,,,0.0,0.0,False,False,False,INCOM,0.0,0.0,False,False,0.0,IFD-INCM1,INFO,OK: Position Fully Balanced.
IFG-MFTE1,2023-04-03 15:00:00,,,,,,,0.0,0.0,False,False,False,MFT,0.0,0.0,False,False,0.0,IFD-MFTE1,INFO,OK: Position Fully Balanced.
IFD-NTPL1,2023-04-03 15:00:00,,,,,,,0.0,0.0,False,False,False,NORTHPOOL,0.0,0.0,False,False,0.0,IFG-NTPL1,INFO,OK: Position Fully Balanced.
IFD-OPMX1,2023-04-03 15:00:00,,,,,,,0.0,0.0,False,False,False,OPTIMAX,0.0,0.0,False,False,0.0,IFG-OPMX1,INFO,OK: Position Fully Balanced.
IFG-OPMX1,2023-04-03 15:00:00,,,,,,,0.0,0.0,False,False,False,OPTIMAX,0.0,0.0,False,False,0.0,IFD-OPMX1,INFO,OK: Position Fully Balanced.
IFD-VTFS1,2023-04-03 15:00:00,,,,,,,0.0,0.0,False,False,False,VATTENFALL,0.0,0.0,False,False,0.0,IFG-VTFS1,INFO,OK: Position Fully Balanced.
IFD-VSAL1,2023-04-03 15:00:00,,,,,,,0.0,0.0,False,False,False,VITOL,0.0,0.0,False,False,0.0,IFG-VSAL1,INFO,OK: Position Fully Balanced.
IFG-VSAL1,2023-04-03 15:00:00,,,,,,,0.0,0.0,False,False,False,VITOL,0.0,0.0,False,False,0.0,IFD-VSAL1,INFO,OK: Position Fully Balanced.
IFD-CNGS1,2023-04-03 15:00:00,,,,,,,0.0,0.0,False,False,False,,0.0,0.0,False,False,0.0,IFG-CNGS1,INFO,BMU mapping missing for IFD-CNGS1. Check CP_codes.csv.
IFD-OMPX1,2023-04-03 15:00:00,,,,,,,0.0,0.0,False,False,False,,0.0,0.0,False,False,0.0,IFG-OMPX1,INFO,BMU mapping missing for IFD-OMPX1. Check CP_codes.csv.
IFD-STAT1,2023-04-03 15:00:00,,,,,,,0.0,0.0,False,False,False,,0.0,0.0,False,False,0.0,IFG-STAT1,INFO,BMU mapping missing for IFD-STAT1. Check CP_codes.csv.
IFG-CNGS1,2023-04-03 15:00:00,,,,,,,0.0,0.0,False,False,False,,0.0,0.0,False,False,0.0,IFD-CNGS1,INFO,BMU mapping missing for IFG-CNGS1. Check CP_codes.csv.
IFG-EPCO1,2023-04-03 15:00:00,,,,,,,0.0,0.0,False,False,False,,0.0,0.0,False,False,0.0,IFD-EPCO1,INFO,BMU mapping missing for IFG-EPCO1. Check CP_codes.csv.
IFG-MCRA1,2023-04-03 15:00:00,,,,,,,0.0,0.0,False,False,False,,0.0,0.0,False,False,0.0,IFD-MCRA1,INFO,BMU mapping missing for IFG-MCRA1. Check CP_codes.csv.
IFG-OMPX1,2023-04-03 15:00:00,,,,,,,0.0,0.0,False,False,False,,0.0,0.0,False,False,0.0,IFD-OMPX1,INFO,BMU mapping missing for IFG-OMPX1. Check CP_codes.csv.
IFG-STAT1,2023-04-03 15:00:00,,,,,,,0.0,0.0,False,False,False,,0.0,0.0,False,False,0.0,IFD-STAT1,INFO,BMU mapping missing for IFG-STAT1. Check CP_codes.csv.
IFG-TFEE1,2023-04-03 15:00:00,,,,,,,0.0,0.0,False,False,False,,0.0,0.0,False,False,0.0,IFD-TFEE1,INFO,BMU mapping missing for IFG-TFEE1. Check CP_codes.csv.
IFG-DSKC1,2023-04-03 16:00:00,,,,,,,0.0,0.0,False,False,False,DANSKE,0.0,0.0,False,False,0.0,IFD-DSKC1,INFO,OK: Position Fully Balanced.
IFG-DVAL1,2023-04-03 16:00:00,,,,,,,0.0,0.0,False,False,False,DVALIN,0.0,0.0,False,False,0.0,IFD-DVAL1,INFO,OK: Position Fully Balanced.
IFD-EDFT1,2023-04-03 16:00:00,,,,,,,0.0,0.0,False,False,False,EDFT,0.0,0.0,False,False,0.0,IFG-EDFT1,INFO,OK: Position Fully Balanced.
IFG-EDFT1,2023-04-03 16:00:00,,,,,,,0.0,0.0,False,False,False,EDFT,0.0,0.0,False,False,0.0,IFD-EDFT1,INFO,OK: Position Fully Balanced.
IFG-ELTR1,2023-04-03 16:00:00,,,,,,,0.0,0.0,False,False,False,ELECTRO,0.0,0.0,False,False,0.0,IFD-ELTR1,INFO,OK: Position Fully Balanced.
IFD-EDMK1,2023-04-03 16:00:00,,,,,,,0.0,0.0,False,False,False,ENERGIDAN,0.0,0.0,False,False,0.0,IFG-EDMK1,INFO,OK: Position Fully Balanced.
IFG-EDMK1,2023-04-03 16:00:00,,,,,,,0.0,0.0,False,False,False,ENERGIDAN,0.0,0.0,False,False,0.0,IFD-EDMK1,INFO,OK: Position Fully Balanced.
IFG-HELI1,2023-04-03 16:00:00,,,,,,,0.0,0.0,False,False,False,HELIOS,0.0,0.0,False,False,0.0,IFD-HELI1,INFO,OK: Position Fully Balanced.
IFG-INCM1,2023-04-03 16:00:00,,,,,,,0.0,0.0,False,False,False,INCOM,0.0,0.0,False,False,0.0,IFD-INCM1,INFO,OK: Position Fully Balanced.
IFG-MFTE1,2023-04-03 16:00:00,,,,,,,0.0,0.0,False,False,False,MFT,0.0,0.0,False,False,0.0,IFD-MFTE1,INFO,OK: Position Fully Balanced.
IFD-NTPL1,2023-04-03 16:00:00,,,,,,,0.0,0.0,False,False,False,NORTHPOOL,0.0,0.0,False,False,0.0,IFG-NTPL1,INFO,OK: Position Fully Balanced.
IFD-OPMX1,2023-04-03 16:00:00,,,,,,,0.0,0.0,False,False,False,OPTIMAX,0.0,0.0,False,False,0.0,IFG-OPMX1,INFO,OK: Position Fully Balanced.
IFG-OPMX1,2023-04-03 16:00:00,,,,,,,0.0,0.0,False,False,False,OPTIMAX,0.0,0.0,False,False,0.0,IFD-OPMX1,INFO,OK: Position Fully Balanced.
IFD-VTFS1,2023-04-03 16:00:00,,,,,,,0.0,0.0,False,False,False,VATTENFALL,0.0,0.0,False,False,0.0,IFG-VTFS1,INFO,OK: Position Fully Balanced.
IFD-VSAL1,2023-04-03 16:00:00,,,,,,,0.0,0.0,False,False,False,VITOL,0.0,0.0,False,False,0.0,IFG-VSAL1,INFO,OK: Position Fully Balanced.
IFG-VSAL1,2023-04-03 16:00:00,,,,,,,0.0,0.0,False,False,False,VITOL,0.0,0.0,False,False,0.0,IFD-VSAL1,INFO,OK: Position Fully Balanced.
IFD-CNGS1,2023-04-03 16:00:00,,,,,,,0.0,0.0,False,False,False,,0.0,0.0,False,False,0.0,IFG-CNGS1,INFO,BMU mapping missing for IFD-CNGS1. Check CP_codes.csv.
IFD-OMPX1,2023-04-03 16:00:00,,,,,,,0.0,0.0,False,False,False,,0.0,0.0,False,False,0.0,IFG-OMPX1,INFO,BMU mapping missing for IFD-OMPX1. Check CP_codes.csv.
IFD-STAT1,2023-04-03 16:00:00,,,,,,,0.0,0.0,False,False,False,,0.0,0.0,False,False,0.0,IFG-STAT1,INFO,BMU mapping missing for IFD-STAT1. Check CP_codes.csv.
IFG-CNGS1,2023-04-03 16:00:00,,,,,,,0.0,0.0,False,False,False,,0.0,0.0,False,False,0.0,IFD-CNGS1,INFO,BMU mapping missing for IFG-CNGS1. Check CP_codes.csv.
IFG-EPCO1,2023-04-03 16:00:00,,,,,,,0.0,0.0,False,False,False,,0.0,0.0,False,False,0.0,IFD-EPCO1,INFO,BMU mapping missing for IFG-EPCO1. Check CP_codes.csv.
IFG-MCRA1,2023-04-03 16:00:00,,,,,,,0.0,0.0,False,False,False,,0.0,0.0,False,False,0.0,IFD-MCRA1,INFO,BMU mapping missing for IFG-MCRA1. Check CP_codes.csv.
IFG-OMPX1,2023-04-03 16:00:00,,,,,,,0.0,0.0,False,False,False,,0.0,0.0,False,False,0.0,IFD-OMPX1,INFO,BMU mapping missing for IFG-OMPX1. Check CP_codes.csv.
IFG-STAT1,2023-04-03 16:00:00,,,,,,,0.0,0.0,False,False,False,,0.0,0.0,False,False,0.0,IFD-STAT1,INFO,BMU mapping missing for IFG-STAT1. Check CP_codes.csv.
IFG-TFEE1,2023-04-03 16:00:00,,,,,,,0.0,0.0,False,False,False,,0.0,0.0,False,False,0.0,IFD-TFEE1,INFO,BMU mapping missing for IFG-TFEE1. Check CP_codes.csv.
IFG-DSKC1,2023-04-03 17:00:00,,,,,,,0.0,0.0,False,False,False,DANSKE,0.0,0.0,False,False,0.0,IFD-DSKC1,INFO,OK: Position Fully Balanced.
IFG-DVAL1,2023-04-03 17:00:00,,,,,,,0.0,0.0,False,False,False,DVALIN,0.0,0.0,False,False,0.0,IFD-DVAL1,INFO,OK: Position Fully Balanced.
IFD-EDFT1,2023-04-03 17:00:00,,,,,,,0.0,0.0,False,False,False,EDFT,0.0,0.0,False,False,0.0,IFG-EDFT1,INFO,OK: Position Fully Balanced.
IFG-EDFT1,2023-04-03 17:00:00,,,,,,,0.0,0.0,False,False,False,EDFT,0.0,0.0,False,False,0.0,IFD-EDFT1,INFO,OK: Position Fully Balanced.
IFG-ELTR1,2023-04-03 17:00:00,,,,,,,0.0,0.0,False,False,False,ELECTRO,0.0,0.0,False,False,0.0,IFD-ELTR1,INFO,OK: Position Fully Balanced.
IFD-EDMK1,2023-04-03 17:00:00,,,,,,,0.0,0.0,False,False,False,ENERGIDAN,0.0,0.0,False,False,0.0,IFG-EDMK1,INFO,OK: Position Fully Balanced.
IFG-EDMK1,2023-04-03 17:00:00,,,,,,,0.0,0.0,False,False,False,ENERGIDAN,0.0,0.0,False,False,0.0,IFD-EDMK1,INFO,OK: Position Fully Balanced.
IFG-HELI1,2023-04-03 17:00:00,,,,,,,0.0,0.0,False,False,False,HELIOS,0.0,0.0,False,False,0.0,IFD-HELI1,INFO,OK: Position Fully Balanced.
IFG-INCM1,2023-04-03 17:00:00,,,,,,,0.0,0.0,False,False,False,INCOM,0.0,0.0,False,False,0.0,IFD-INCM1,INFO,OK: Position Fully Balanced.
IFG-MFTE1,2023-04-03 17:00:00,,,,,,,0.0,0.0,False,False,False,MFT,0.0,0.0,False,False,0.0,IFD-MFTE1,INFO,OK: Position Fully Balanced.
IFD-NTPL1,2023-04-03 17:00:00,,,,,,,0.0,0.0,False,False,False,NORTHPOOL,0.0,0.0,False,False,0.0,IFG-NTPL1,INFO,OK: Position Fully Balanced.
IFD-OPMX1,2023-04-03 17:00:00,,,,,,,0.0,0.0,False,False,False,OPTIMAX,0.0,0.0,False,False,0.0,IFG-OPMX1,INFO,OK: Position Fully Balanced.
IFG-OPMX1,2023-04-03 17:00:00,,,,,,,0.0,0.0,False,False,False,OPTIMAX,0.0,0.0,False,False,0.0,IFD-OPMX1,INFO,OK: Position Fully Balanced.
IFD-VTFS1,2023-04-03 17:00:00,,,,,,,0.0,0.0,False,False,False,VATTENFALL,0.0,0.0,False,False,0.0,IFG-VTFS1,INFO,OK: Position Fully Balanced.
IFD-VSAL1,2023-04-03 17:00:00,,,,,,,0.0,0.0,False,False,False,VITOL,0.0,0.0,False,False,0.0,IFG-VSAL1,INFO,OK: Position Fully Balanced.
IFG-VSAL1,2023-04-03 17:00:00,,,,,,,0.0,0.0,False,False,False,VITOL,0.0,0.0,False,False,0.0,IFD-VSAL1,INFO,OK: Position Fully Balanced.
IFD-CNGS1,2023-04-03 17:00:00,,,,,,,0.0,0.0,False,False,False,,0.0,0.0,False,False,0.0,IFG-CNGS1,INFO,BMU mapping missing for IFD-CNGS1. Check CP_codes.csv.
IFD-OMPX1,2023-04-03 17:00:00,,,,,,,0.0,0.0,False,False,False,,0.0,0.0,False,False,0.0,IFG-OMPX1,INFO,BMU mapping missing for IFD-OMPX1. Check CP_codes.csv.
IFD-STAT1,2023-04-03 17:00:00,,,,,,,0.0,0.0,False,False,False,,0.0,0.0,False,False,0.0,IFG-STAT1,INFO,BMU mapping missing for IFD-STAT1. Check CP_codes.csv.
IFG-CNGS1,2023-04-03 17:00:00,,,,,,,0.0,0.0,False,False,False,,0.0,0.0,False,False,0.0,IFD-CNGS1,INFO,BMU mapping missing for IFG-CNGS1. Check CP_codes.csv.
IFG-EPCO1,2023-04-03 17:00:00,,,,,,,0.0,0.0,False,False,False,,0.0,0.0,False,False,0.0,IFD-EPCO1,INFO,BMU mapping missing for IFG-EPCO1. Check CP_codes.csv.
IFG-MCRA1,2023-04-03 17:00:00,,,,,,,0.0,0.0,False,False,False,,0.0,0.0,False,False,0.0,IFD-MCRA1,INFO,BMU mapping missing for IFG-MCRA1. Check CP_codes.csv.
IFG-OMPX1,2023-04-03 17:00:00,,,,,,,0.0,0.0,False,False,False,,0.0,0.0,False,False,0.0,IFD-OMPX1,INFO,BMU mapping missing for IFG-OMPX1. Check CP_codes.csv.
IFG-STAT1,2023-04-03 17:00:00,,,,,,,0.0,0.0,False,False,False,,0.0,0.0,False,False,0.0,IFD-STAT1,INFO,BMU mapping missing for IFG-STAT1. Check CP_codes.csv.
IFG-TFEE1,2023-04-03 17:00:00,,,,,,,0.0,0.0,False,False,False,,0.0,0.0,False,False,0.0,IFD-TFEE1,INFO,BMU mapping missing for IFG-TFEE1. Check CP_codes.csv.
IFG-DSKC1,2023-04-03 18:00:00,,,,,,,0.0,0.0,False,False,False,DANSKE,0.0,0.0,False,False,0.0,IFD-DSKC1,INFO,OK: Position Fully Balanced.
IFG-DVAL1,2023-04-03 18:00:00,,,,,,,0.0,0.0,False,False,False,DVALIN,0.0,0.0,False,False,0.0,IFD-DVAL1,INFO,OK: Position Fully Balanced.
IFD-EDFT1,2023-04-03 18:00:00,,,,,,,0.0,0.0,False,False,False,EDFT,0.0,0.0,False,False,0.0,IFG-EDFT1,INFO,OK: Position Fully Balanced.
IFG-EDFT1,2023-04-03 18:00:00,,,,,,,0.0,0.0,False,False,False,EDFT,0.0,0.0,False,False,0.0,IFD-EDFT1,INFO,OK: Position Fully Balanced.
IFG-ELTR1,2023-04-03 18:00:00,,,,,,,0.0,0.0,False,False,False,ELECTRO,0.0,0.0,False,False,0.0,IFD-ELTR1,INFO,OK: Position Fully Balanced.
IFD-EDMK1,2023-04-03 18:00:00,,,,,,,0.0,0.0,False,False,False,ENERGIDAN,0.0,0.0,False,False,0.0,IFG-EDMK1,INFO,OK: Position Fully Balanced.
IFG-EDMK1,2023-04-03 18:00:00,,,,,,,0.0,0.0,False,False,False,ENERGIDAN,0.0,0.0,False,False,0.0,IFD-EDMK1,INFO,OK: Position Fully Balanced.
IFG-HELI1,2023-04-03 18:00:00,,,,,,,0.0,0.0,False,False,False,HELIOS,0.0,0.0,False,False,0.0,IFD-HELI1,INFO,OK: Position Fully Balanced.
IFG-INCM1,2023-04-03 18:00:00,,,,,,,0.0,0.0,False,False,False,INCOM,0.0,0.0,False,False,0.0,IFD-INCM1,INFO,OK: Position Fully Balanced.
IFG-MFTE1,2023-04-03 18:00:00,,,,,,,0.0,0.0,False,False,False,MFT,0.0,0.0,False,False,0.0,IFD-MFTE1,INFO,OK: Position Fully Balanced.
IFD-NTPL1,2023-04-03 18:00:00,,,,,,,0.0,0.0,False,False,False,NORTHPOOL,0.0,0.0,False,False,0.0,IFG-NTPL1,INFO,OK: Position Fully Balanced.
IFD-OPMX1,2023-04-03 18:00:00,,,,,,,0.0,0.0,False,False,False,OPTIMAX,0.0,0.0,False,False,0.0,IFG-OPMX1,INFO,OK: Position Fully Balanced.
IFG-OPMX1,2023-04-03 18:00:00,,,,,,,0.0,0.0,False,False,False,OPTIMAX,0.0,0.0,False,False,0.0,IFD-OPMX1,INFO,OK: Position Fully Balanced.
IFD-VTFS1,2023-04-03 18:00:00,,,,,,,0.0,0.0,False,False,False,VATTENFALL,0.0,0.0,False,False,0.0,IFG-VTFS1,INFO,OK: Position Fully Balanced.
IFD-VSAL1,2023-04-03 18:00:00,,,,,,,0.0,0.0,False,False,False,VITOL,0.0,0.0,False,False,0.0,IFG-VSAL1,INFO,OK: Position Fully Balanced.
IFG-VSAL1,2023-04-03 18:00:00,,,,,,,0.0,0.0,False,False,False,VITOL,0.0,0.0,False,False,0.0,IFD-VSAL1,INFO,OK: Position Fully Balanced.
IFD-CNGS1,2023-04-03 18:00:00,,,,,,,0.0,0.0,False,False,False,,0.0,0.0,False,False,0.0,IFG-CNGS1,INFO,BMU mapping missing for IFD-CNGS1. Check CP_codes.csv.
IFD-OMPX1,2023-04-03 18:00:00,,,,,,,0.0,0.0,False,False,False,,0.0,0.0,False,False,0.0,IFG-OMPX1,INFO,BMU mapping missing for IFD-OMPX1. Check CP_codes.csv.
IFD-STAT1,2023-04-03 18:00:00,,,,,,,0.0,0.0,False,False,False,,0.0,0.0,False,False,0.0,IFG-STAT1,INFO,BMU mapping missing for IFD-STAT1. Check CP_codes.csv.
IFG-CNGS1,2023-04-03 18:00:00,,,,,,,0.0,0.0,False,False,False,,0.0,0.0,False,False,0.0,IFD-CNGS1,INFO,BMU mapping missing for IFG-CNGS1. Check CP_codes.csv.
IFG-EPCO1,2023-04-03 18:00:00,,,,,,,0.0,0.0,False,False,False,,0.0,0.0,False,False,0.0,IFD-EPCO1,INFO,BMU mapping missing for IFG-EPCO1. Check CP_codes.csv.
IFG-MCRA1,2023-04-03 18:00:00,,,,,,,0.0,0.0,False,False,False,,0.0,0.0,False,False,0.0,IFD-MCRA1,INFO,BMU mapping missing for IFG-MCRA1. Check CP_codes.csv.
IFG-OMPX1,2023-04-03 18:00:00,,,,,,,0.0,0.0,False,False,False,,0.0,0.0,False,False,0.0,IFD-OMPX1,INFO,BMU mapping missing for IFG-OMPX1. Check CP_codes.csv.
IFG-STAT1,2023-04-03 18:00:00,,,,,,,0.0,0.0,False,False,False,,0.0,0.0,False,False,0.0,IFD-STAT1,INFO,BMU mapping missing for IFG-STAT1. Check CP_codes.csv.
IFG-TFEE1,2023-04-03 18:00:00,,,,,,,0.0,0.0,False,False,False,,0.0,0.0,False,False,0.0,IFD-TFEE1,INFO,BMU mapping missing for IFG-TFEE1. Check CP_codes.csv.
IFG-DSKC1,2023-04-03 19:00:00,,,,,,,0.0,0.0,False,False,False,DANSKE,0.0,0.0,False,False,0.0,IFD-DSKC1,INFO,OK: Position Fully Balanced.
IFG-DVAL1,2023-04-03 19:00:00,,,,,,,0.0,0.0,False,False,False,DVALIN,0.0,0.0,False,False,0.0,IFD-DVAL1,INFO,OK: Position Fully Balanced.
IFD-EDFT1,2023-04-03 19:00:00,,,,,,,0.0,0.0,False,False,False,EDFT,0.0,0.0,False,False,0.0,IFG-EDFT1,INFO,OK: Position Fully Balanced.
IFG-EDFT1,2023-04-03 19:00:00,,,,,,,0.0,0.0,False,False,False,EDFT,0.0,0.0,False,False,0.0,IFD-EDFT1,INFO,OK: Position Fully Balanced.
IFG-ELTR1,2023-04-03 19:00:00,,,,,,,0.0,0.0,False,False,False,ELECTRO,0.0,0.0,False,False,0.0,IFD-ELTR1,INFO,OK: Position Fully Balanced.
IFD-EDMK1,2023-04-03 19:00:00,,,,,,,0.0,0.0,False,False,False,ENERGIDAN,0.0,0.0,False,False,0.0,IFG-EDMK1,INFO,OK: Position Fully Balanced.
IFG-EDMK1,2023-04-03 19:00:00,,,,,,,0.0,0.0,False,False,False,ENERGIDAN,0.0,0.0,False,False,0.0,IFD-EDMK1,INFO,OK: Position Fully Balanced.
IFG-HELI1,2023-04-03 19:00:00,,,,,,,0.0,0.0,False,False,False,HELIOS,0.0,0.0,False,False,0.0,IFD-HELI1,INFO,OK: Position Fully Balanced.
IFG-INCM1,2023-04-03 19:00:00,,,,,,,0.0,0.0,False,False,False,INCOM,0.0,0.0,False,False,0.0,IFD-INCM1,INFO,OK: Position Fully Balanced.
IFG-MFTE1,2023-04-03 19:00:00,,,,,,,0.0,0.0,False,False,False,MFT,0.0,0.0,False,False,0.0,IFD-MFTE1,INFO,OK: Position Fully Balanced.
IFD-NTPL1,2023-04-03 19:00:00,,,,,,,0.0,0.0,False,False,False,NORTHPOOL,0.0,0.0,False,False,0.0,IFG-NTPL1,INFO,OK: Position Fully Balanced.
IFD-OPMX1,2023-04-03 19:00:00,,,,,,,0.0,0.0,False,False,False,OPTIMAX,0.0,0.0,False,False,0.0,IFG-OPMX1,INFO,OK: Position Fully Balanced.
IFG-OPMX1,2023-04-03 19:00:00,,,,,,,0.0,0.0,False,False,False,OPTIMAX,0.0,0.0,False,False,0.0,IFD-OPMX1,INFO,OK: Position Fully Balanced.
IFD-VTFS1,2023-04-03 19:00:00,,,,,,,0.0,0.0,False,False,False,VATTENFALL,0.0,0.0,False,False,0.0,IFG-VTFS1,INFO,OK: Position Fully Balanced.
IFD-VSAL1,2023-04-03 19:00:00,,,,,,,0.0,0.0,False,False,False,VITOL,0.0,0.0,False,False,0.0,IFG-VSAL1,INFO,OK: Position Fully Balanced.
IFG-VSAL1,2023-04-03 19:00:00,,,,,,,0.0,0.0,False,False,False,VITOL,0.0,0.0,False,False,0.0,IFD-VSAL1,INFO,OK: Position Fully Balanced.
IFD-CNGS1,2023-04-03 19:00:00,,,,,,,0.0,0.0,False,False,False,,0.0,0.0,False,False,0.0,IFG-CNGS1,INFO,BMU mapping missing for IFD-CNGS1. Check CP_codes.csv.
IFD-OMPX1,2023-04-03 19:00:00,,,,,,,0.0,0.0,False,False,False,,0.0,0.0,False,False,0.0,IFG-OMPX1,INFO,BMU mapping missing for IFD-OMPX1. Check CP_codes.csv.
IFD-STAT1,2023-04-03 19:00:00,,,,,,,0.0,0.0,False,False,False,,0.0,0.0,False,False,0.0,IFG-STAT1,INFO,BMU mapping missing for IFD-STAT1. Check CP_codes.csv.
IFG-CNGS1,2023-04-03 19:00:00,,,,,,,0.0,0.0,False,False,False,,0.0,0.0,False,False,0.0,IFD-CNGS1,INFO,BMU mapping missing for IFG-CNGS1. Check CP_codes.csv.
IFG-EPCO1,2023-04-03 19:00:00,,,,,,,0.0,0.0,False,False,False,,0.0,0.0,False,False,0.0,IFD-EPCO1,INFO,BMU mapping missing for IFG-EPCO1. Check CP_codes.csv.
IFG-MCRA1,2023-04-03 19:00:00,,,,,,,0.0,0.0,False,False,False,,0.0,0.0,False,False,0.0,IFD-MCRA1,INFO,BMU mapping missing for IFG-MCRA1. Check CP_codes.csv.
IFG-OMPX1,2023-04-03 19:00:00,,,,,,,0.0,0.0,False,False,False,,0.0,0.0,False,False,0.0,IFD-OMPX1,INFO,BMU mapping missing for IFG-OMPX1. Check CP_codes.csv.
IFG-STAT1,2023-04-03 19:00:00,,,,,,,0.0,0.0,False,False,False,,0.0,0.0,False,False,0.0,IFD-STAT1,INFO,BMU mapping missing for IFG-STAT1. Check CP_codes.csv.
IFG-TFEE1,2023-04-03 19:00:00,,,,,,,0.0,0.0,False,False,False,,0.0,0.0,False,False,0.0,IFD-TFEE1,INFO,BMU mapping missing for IFG-TFEE1. Check CP_codes.csv.
IFG-DSKC1,2023-04-03 20:00:00,,,,,,,0.0,0.0,False,False,False,DANSKE,0.0,0.0,False,False,0.0,IFD-DSKC1,INFO,OK: Position Fully Balanced.
IFG-DVAL1,2023-04-03 20:00:00,,,,,,,0.0,0.0,False,False,False,DVALIN,0.0,0.0,False,False,0.0,IFD-DVAL1,INFO,OK: Position Fully Balanced.
IFD-EDFT1,2023-04-03 20:00:00,,,,,,,0.0,0.0,False,False,False,EDFT,0.0,0.0,False,False,0.0,IFG-EDFT1,INFO,OK: Position Fully Balanced.
IFG-EDFT1,2023-04-03 20:00:00,,,,,,,0.0,0.0,False,False,False,EDFT,0.0,0.0,False,False,0.0,IFD-EDFT1,INFO,OK: Position Fully Balanced.
IFG-ELTR1,2023-04-03 20:00:00,,,,,,,0.0,0.0,False,False,False,ELECTRO,0.0,0.0,False,False,0.0,IFD-ELTR1,INFO,OK: Position Fully Balanced.
IFD-EDMK1,2023-04-03 20:00:00,,,,,,,0.0,0.0,False,False,False,ENERGIDAN,0.0,0.0,False,False,0.0,IFG-EDMK1,INFO,OK: Position Fully Balanced.
IFG-EDMK1,2023-04-03 20:00:00,,,,,,,0.0,0.0,False,False,False,ENERGIDAN,0.0,0.0,False,False,0.0,IFD-EDMK1,INFO,OK: Position Fully Balanced.
IFG-HELI1,2023-04-03 20:00:00,,,,,,,0.0,0.0,False,False,False,HELIOS,0.0,0.0,False,False,0.0,IFD-HELI1,INFO,OK: Position Fully Balanced.
IFG-INCM1,2023-04-03 20:00:00,,,,,,,0.0,0.0,False,False,False,INCOM,0.0,0.0,False,False,0.0,IFD-INCM1,INFO,OK: Position Fully Balanced.
IFG-MFTE1,2023-04-03 20:00:00,,,,,,,0.0,0.0,False,False,False,MFT,0.0,0.0,False,False,0.0,IFD-MFTE1,INFO,OK: Position Fully Balanced.
IFD-NTPL1,2023-04-03 20:00:00,,,,,,,0.0,0.0,False,False,False,NORTHPOOL,0.0,0.0,False,False,0.0,IFG-NTPL1,INFO,OK: Position Fully Balanced.
IFD-OPMX1,2023-04-03 20:00:00,,,,,,,0.0,0.0,False,False,False,OPTIMAX,0.0,0.0,False,False,0.0,IFG-OPMX1,INFO,OK: Position Fully Balanced.
IFG-OPMX1,2023-04-03 20:00:00,,,,,,,0.0,0.0,False,False,False,OPTIMAX,0.0,0.0,False,False,0.0,IFD-OPMX1,INFO,OK: Position Fully Balanced.
IFD-VTFS1,2023-04-03 20:00:00,,,,,,,0.0,0.0,False,False,False,VATTENFALL,0.0,0.0,False,False,0.0,IFG-VTFS1,INFO,OK: Position Fully Balanced.
IFD-VSAL1,2023-04-03 20:00:00,,,,,,,0.0,0.0,False,False,False,VITOL,0.0,0.0,False,False,0.0,IFG-VSAL1,INFO,OK: Position Fully Balanced.
IFG-VSAL1,2023-04-03 20:00:00,,,,,,,0.0,0.0,False,False,False,VITOL,0.0,0.0,False,False,0.0,IFD-VSAL1,INFO,OK: Position Fully Balanced.
IFD-CNGS1,2023-04-03 20:00:00,,,,,,,0.0,0.0,False,False,False,,0.0,0.0,False,False,0.0,IFG-CNGS1,INFO,BMU mapping missing for IFD-CNGS1. Check CP_codes.csv.
IFD-OMPX1,2023-04-03 20:00:00,,,,,,,0.0,0.0,False,False,False,,0.0,0.0,False,False,0.0,IFG-OMPX1,INFO,BMU mapping missing for IFD-OMPX1. Check CP_codes.csv.
IFD-STAT1,2023-04-03 20:00:00,,,,,,,0.0,0.0,False,False,False,,0.0,0.0,False,False,0.0,IFG-STAT1,INFO,BMU mapping missing for IFD-STAT1. Check CP_codes.csv.
IFG-CNGS1,2023-04-03 20:00:00,,,,,,,0.0,0.0,False,False,False,,0.0,0.0,False,False,0.0,IFD-CNGS1,INFO,BMU mapping missing for IFG-CNGS1. Check CP_codes.csv.
IFG-EPCO1,2023-04-03 20:00:00,,,,,,,0.0,0.0,False,False,False,,0.0,0.0,False,False,0.0,IFD-EPCO1,INFO,BMU mapping missing for IFG-EPCO1. Check CP_codes.csv.
IFG-MCRA1,2023-04-03 20:00:00,,,,,,,0.0,0.0,False,False,False,,0.0,0.0,False,False,0.0,IFD-MCRA1,INFO,BMU mapping missing for IFG-MCRA1. Check CP_codes.csv.
IFG-OMPX1,2023-04-03 20:00:00,,,,,,,0.0,0.0,False,False,False,,0.0,0.0,False,False,0.0,IFD-OMPX1,INFO,BMU mapping missing for IFG-OMPX1. Check CP_codes.csv.
IFG-STAT1,2023-04-03 20:00:00,,,,,,,0.0,0.0,False,False,False,,0.0,0.0,False,False,0.0,IFD-STAT1,INFO,BMU mapping missing for IFG-STAT1. Check CP_codes.csv.
IFG-TFEE1,2023-04-03 20:00:00,,,,,,,0.0,0.0,False,False,False,,0.0,0.0,False,False,0.0,IFD-TFEE1,INFO,BMU mapping missing for IFG-TFEE1. Check CP_codes.csv.
IFG-DSKC1,2023-04-03 21:00:00,,,,,,,0.0,0.0,False,False,False,DANSKE,0.0,0.0,False,False,0.0,IFD-DSKC1,INFO,OK: Position Fully Balanced.
IFG-DVAL1,2023-04-03 21:00:00,,,,,,,0.0,0.0,False,False,False,DVALIN,0.0,0.0,False,False,0.0,IFD-DVAL1,INFO,OK: Position Fully Balanced.
IFD-EDFT1,2023-04-03 21:00:00,,,,,,,0.0,0.0,False,False,False,EDFT,0.0,0.0,False,False,0.0,IFG-EDFT1,INFO,OK: Position Fully Balanced.
IFG-EDFT1,2023-04-03 21:00:00,,,,,,,0.0,0.0,False,False,False,EDFT,0.0,0.0,False,False,0.0,IFD-EDFT1,INFO,OK: Position Fully Balanced.
IFG-ELTR1,2023-04-03 21:00:00,,,,,,,0.0,0.0,False,False,False,ELECTRO,0.0,0.0,False,False,0.0,IFD-ELTR1,INFO,OK: Position Fully Balanced.
IFD-EDMK1,2023-04-03 21:00:00,,,,,,,0.0,0.0,False,False,False,ENERGIDAN,0.0,0.0,False,False,0.0,IFG-EDMK1,INFO,OK: Position Fully Balanced.
IFG-EDMK1,2023-04-03 21:00:00,,,,,,,0.0,0.0,False,False,False,ENERGIDAN,0.0,0.0,False,False,0.0,IFD-EDMK1,INFO,OK: Position Fully Balanced.
IFG-HELI1,2023-04-03 21:00:00,,,,,,,0.0,0.0,False,False,False,HELIOS,0.0,0.0,False,False,0.0,IFD-HELI1,INFO,OK: Position Fully Balanced.
IFG-INCM1,2023-04-03 21:00:00,,,,,,,0.0,0.0,False,False,False,INCOM,0.0,0.0,False,False,0.0,IFD-INCM1,INFO,OK: Position Fully Balanced.
IFG-MFTE1,2023-04-03 21:00:00,,,,,,,0.0,0.0,False,False,False,MFT,0.0,0.0,False,False,0.0,IFD-MFTE1,INFO,OK: Position Fully Balanced.
IFD-NTPL1,2023-04-03 21:00:00,,,,,,,0.0,0.0,False,False,False,NORTHPOOL,0.0,0.0,False,False,0.0,IFG-NTPL1,INFO,OK: Position Fully Balanced.
IFD-OPMX1,2023-04-03 21:00:00,,,,,,,0.0,0.0,False,False,False,OPTIMAX,0.0,0.0,False,False,0.0,IFG-OPMX1,INFO,OK: Position Fully Balanced.
IFG-OPMX1,2023-04-03 21:00:00,,,,,,,0.0,0.0,False,False,False,OPTIMAX,0.0,0.0,False,False,0.0,IFD-OPMX1,INFO,OK: Position Fully Balanced.
IFD-VTFS1,2023-04-03 21:00:00,,,,,,,0.0,0.0,False,False,False,VATTENFALL,0.0,0.0,False,False,0.0,IFG-VTFS1,INFO,OK: Position Fully Balanced.
IFD-VSAL1,2023-04-03 21:00:00,,,,,,,0.0,0.0,False,False,False,VITOL,0.0,0.0,False,False,0.0,IFG-VSAL1,INFO,OK: Position Fully Balanced.
IFG-VSAL1,2023-04-03 21:00:00,,,,,,,0.0,0.0,False,False,False,VITOL,0.0,0.0,False,False,0.0,IFD-VSAL1,INFO,OK: Position Fully Balanced.
IFD-CNGS1,2023-04-03 21:00:00,,,,,,,0.0,0.0,False,False,False,,0.0,0.0,False,False,0.0,IFG-CNGS1,INFO,BMU mapping missing for IFD-CNGS1. Check CP_codes.csv.
IFD-OMPX1,2023-04-03 21:00:00,,,,,,,0.0,0.0,False,False,False,,0.0,0.0,False,False,0.0,IFG-OMPX1,INFO,BMU mapping missing for IFD-OMPX1. Check CP_codes.csv.
IFD-STAT1,2023-04-03 21:00:00,,,,,,,0.0,0.0,False,False,False,,0.0,0.0,False,False,0.0,IFG-STAT1,INFO,BMU mapping missing for IFD-STAT1. Check CP_codes.csv.
IFG-CNGS1,2023-04-03 21:00:00,,,,,,,0.0,0.0,False,False,False,,0.0,0.0,False,False,0.0,IFD-CNGS1,INFO,BMU mapping missing for IFG-CNGS1. Check CP_codes.csv.
IFG-EPCO1,2023-04-03 21:00:00,,,,,,,0.0,0.0,False,False,False,,0.0,0.0,False,False,0.0,IFD-EPCO1,INFO,BMU mapping missing for IFG-EPCO1. Check CP_codes.csv.
IFG-MCRA1,2023-04-03 21:00:00,,,,,,,0.0,0.0,False,False,False,,0.0,0.0,False,False,0.0,IFD-MCRA1,INFO,BMU mapping missing for IFG-MCRA1. Check CP_codes.csv.
IFG-OMPX1,2023-04-03 21:00:00,,,,,,,0.0,0.0,False,False,False,,0.0,0.0,False,False,0.0,IFD-OMPX1,INFO,BMU mapping missing for IFG-OMPX1. Check CP_codes.csv.
IFG-STAT1,2023-04-03 21:00:00,,,,,,,0.0,0.0,False,False,False,,0.0,0.0,False,False,0.0,IFD-STAT1,INFO,BMU mapping missing for IFG-STAT1. Check CP_codes.csv.
IFG-TFEE1,2023-04-03 21:00:00,,,,,,,0.0,0.0,False,False,False,,0.0,0.0,False,False,0.0,IFD-TFEE1,INFO,BMU mapping missing for IFG-TFEE1. Check CP_codes.csv.
IFG-DSKC1,2023-04-03 22:00:00,,,,,,,0.0,0.0,False,False,False,DANSKE,0.0,0.0,False,False,0.0,IFD-DSKC1,INFO,OK: Position Fully Balanced.
IFG-DVAL1,2023-04-03 22:00:00,,,,,,,0.0,0.0,False,False,False,DVALIN,0.0,0.0,False,False,0.0,IFD-DVAL1,INFO,OK: Position Fully Balanced.
IFD-EDFT1,2023-04-03 22:00:00,,,,,,,0.0,0.0,False,False,False,EDFT,0.0,0.0,False,False,0.0,IFG-EDFT1,INFO,OK: Position Fully Balanced.
IFG-EDFT1,2023-04-03 22:00:00,,,,,,,0.0,0.0,False,False,False,EDFT,0.0,0.0,False,False,0.0,IFD-EDFT1,INFO,OK: Position Fully Balanced.
IFG-ELTR1,2023-04-03 22:00:00,,,,,,,0.0,0.0,False,False,False,ELECTRO,0.0,0.0,False,False,0.0,IFD-ELTR1,INFO,OK: Position Fully Balanced.
IFD-EDMK1,2023-04-03 22:00:00,,,,,,,0.0,0.0,False,False,False,ENERGIDAN,0.0,0.0,False,False,0.0,IFG-EDMK1,INFO,OK: Position Fully Balanced.
IFG-EDMK1,2023-04-03 22:00:00,,,,,,,0.0,0.0,False,False,False,ENERGIDAN,0.0,0.0,False,False,0.0,IFD-EDMK1,INFO,OK: Position Fully Balanced.
IFG-HELI1,2023-04-03 22:00:00,,,,,,,0.0,0.0,False,False,False,HELIOS,0.0,0.0,False,False,0.0,IFD-HELI1,INFO,OK: Position Fully Balanced.
IFG-INCM1,2023-04-03 22:00:00,,,,,,,0.0,0.0,False,False,False,INCOM,0.0,0.0,False,False,0.0,IFD-INCM1,INFO,OK: Position Fully Balanced.
IFG-MFTE1,2023-04-03 22:00:00,,,,,,,0.0,0.0,False,False,False,MFT,0.0,0.0,False,False,0.0,IFD-MFTE1,INFO,OK: Position Fully Balanced.
IFD-NTPL1,2023-04-03 22:00:00,,,,,,,0.0,0.0,False,False,False,NORTHPOOL,0.0,0.0,False,False,0.0,IFG-NTPL1,INFO,OK: Position Fully Balanced.
IFD-OPMX1,2023-04-03 22:00:00,,,,,,,0.0,0.0,False,False,False,OPTIMAX,0.0,0.0,False,False,0.0,IFG-OPMX1,INFO,OK: Position Fully Balanced.
IFG-OPMX1,2023-04-03 22:00:00,,,,,,,0.0,0.0,False,False,False,OPTIMAX,0.0,0.0,False,False,0.0,IFD-OPMX1,INFO,OK: Position Fully Balanced.
IFD-VTFS1,2023-04-03 22:00:00,,,,,,,0.0,0.0,False,False,False,VATTENFALL,0.0,0.0,False,False,0.0,IFG-VTFS1,INFO,OK: Position Fully Balanced.
IFD-VSAL1,2023-04-03 22:00:00,,,,,,,0.0,0.0,False,False,False,VITOL,0.0,0.0,False,False,0.0,IFG-VSAL1,INFO,OK: Position Fully Balanced.
IFG-VSAL1,2023-04-03 22:00:00,,,,,,,0.0,0.0,False,False,False,VITOL,0.0,0.0,False,False,0.0,IFD-VSAL1,INFO,OK: Position Fully Balanced.
IFD-CNGS1,2023-04-03 22:00:00,,,,,,,0.0,0.0,False,False,False,,0.0,0.0,False,False,0.0,IFG-CNGS1,INFO,BMU mapping missing for IFD-CNGS1. Check CP_codes.csv.
IFD-OMPX1,2023-04-03 22:00:00,,,,,,,0.0,0.0,False,False,False,,0.0,0.0,False,False,0.0,IFG-OMPX1,INFO,BMU mapping missing for IFD-OMPX1. Check CP_codes.csv.
IFD-STAT1,2023-04-03 22:00:00,,,,,,,0.0,0.0,False,False,False,,0.0,0.0,False,False,0.0,IFG-STAT1,INFO,BMU mapping missing for IFD-STAT1. Check CP_codes.csv.
IFG-CNGS1,2023-04-03 22:00:00,,,,,,,0.0,0.0,False,False,False,,0.0,0.0,False,False,0.0,IFD-CNGS1,INFO,BMU mapping missing for IFG-CNGS1. Check CP_codes.csv.
IFG-EPCO1,2023-04-03 22:00:00,,,,,,,0.0,0.0,False,False,False,,0.0,0.0,False,False,0.0,IFD-EPCO1,INFO,BMU mapping missing for IFG-EPCO1. Check CP_codes.csv.
IFG-MCRA1,2023-04-03 22:00:00,,,,,,,0.0,0.0,False,False,False,,0.0,0.0,False,False,0.0,IFD-MCRA1,INFO,BMU mapping missing for IFG-MCRA1. Check CP_codes.csv.
IFG-OMPX1,2023-04-03 22:00:00,,,,,,,0.0,0.0,False,False,False,,0.0,0.0,False,False,0.0,IFD-OMPX1,INFO,BMU mapping missing for IFG-OMPX1. Check CP_codes.csv.
IFG-STAT1,2023-04-03 22:00:00,,,,,,,0.0,0.0,False,False,False,,0.0,0.0,False,False,0.0,IFD-STAT1,INFO,BMU mapping missing for IFG-STAT1. Check CP_codes.csv.
IFG-TFEE1,2023-04-03 22:00:00,,,,,,,0.0,0.0,False,False,False,,0.0,0.0,False,False,0.0,IFD-TFEE1,INFO,BMU mapping missing for IFG-TFEE1. Check CP_codes.csv.
IFG-DSKC1,2023-04-03 23:00:00,,,,,,,0.0,0.0,False,False,False,DANSKE,0.0,0.0,False,False,0.0,IFD-DSKC1,INFO,OK: Position Fully Balanced.
IFG-DVAL1,2023-04-03 23:00:00,,,,,,,0.0,0.0,False,False,False,DVALIN,0.0,0.0,False,False,0.0,IFD-DVAL1,INFO,OK: Position Fully Balanced.
IFD-EDFT1,2023-04-03 23:00:00,,,,,,,0.0,0.0,False,False,False,EDFT,0.0,0.0,False,False,0.0,IFG-EDFT1,INFO,OK: Position Fully Balanced.
IFG-EDFT1,2023-04-03 23:00:00,,,,,,,0.0,0.0,False,False,False,EDFT,0.0,0.0,False,False,0.0,IFD-EDFT1,INFO,OK: Position Fully Balanced.
IFG-ELTR1,2023-04-03 23:00:00,,,,,,,0.0,0.0,False,False,False,ELECTRO,0.0,0.0,False,False,0.0,IFD-ELTR1,INFO,OK: Position Fully Balanced.
IFD-EDMK1,2023-04-03 23:00:00,,,,,,,0.0,0.0,False,False,False,ENERGIDAN,0.0,0.0,False,False,0.0,IFG-EDMK1,INFO,OK: Position Fully Balanced.
IFG-EDMK1,2023-04-03 23:00:00,,,,,,,0.0,0.0,False,False,False,ENERGIDAN,0.0,0.0,False,False,0.0,IFD-EDMK1,INFO,OK: Position Fully Balanced.
IFG-HELI1,2023-04-03 23:00:00,,,,,,,0.0,0.0,False,False,False,HELIOS,0.0,0.0,False,False,0.0,IFD-HELI1,INFO,OK: Position Fully Balanced.
IFG-INCM1,2023-04-03 23:00:00,,,,,,,0.0,0.0,False,False,False,INCOM,0.0,0.0,False,False,0.0,IFD-INCM1,INFO,OK: Position Fully Balanced.
IFG-MFTE1,2023-04-03 23:00:00,,,,,,,0.0,0.0,False,False,False,MFT,0.0,0.0,False,False,0.0,IFD-MFTE1,INFO,OK: Position Fully Balanced.
IFD-NTPL1,2023-04-03 23:00:00,,,,,,,0.0,0.0,False,False,False,NORTHPOOL,0.0,0.0,False,False,0.0,IFG-NTPL1,INFO,OK: Position Fully Balanced.
IFD-OPMX1,2023-04-03 23:00:00,,,,,,,0.0,0.0,False,False,False,OPTIMAX,0.0,0.0,False,False,0.0,IFG-OPMX1,INFO,OK: Position Fully Balanced.
IFG-OPMX1,2023-04-03 23:00:00,,,,,,,0.0,0.0,False,False,False,OPTIMAX,0.0,0.0,False,False,0.0,IFD-OPMX1,INFO,OK: Position Fully Balanced.
IFD-VTFS1,2023-04-03 23:00:00,,,,,,,0.0,0.0,False,False,False,VATTENFALL,0.0,0.0,False,False,0.0,IFG-VTFS1,INFO,OK: Position Fully Balanced.
IFD-VSAL1,2023-04-03 23:00:00,,,,,,,0.0,0.0,False,False,False,VITOL,0.0,0.0,False,False,0.0,IFG-VSAL1,INFO,OK: Position Fully Balanced.
IFG-VSAL1,2023-04-03 23:00:00,,,,,,,0.0,0.0,False,False,False,VITOL,0.0,0.0,False,False,0.0,IFD-VSAL1,INFO,OK: Position Fully Balanced.
IFD-CNGS1,2023-04-03 23:00:00,,,,,,,0.0,0.0,False,False,False,,0.0,0.0,False,False,0.0,IFG-CNGS1,INFO,BMU mapping missing for IFD-CNGS1. Check CP_codes.csv.
IFD-OMPX1,2023-04-03 23:00:00,,,,,,,0.0,0.0,False,False,False,,0.0,0.0,False,False,0.0,IFG-OMPX1,INFO,BMU mapping missing for IFD-OMPX1. Check CP_codes.csv.
IFD-STAT1,2023-04-03 23:00:00,,,,,,,0.0,0.0,False,False,False,,0.0,0.0,False,False,0.0,IFG-STAT1,INFO,BMU mapping missing for IFD-STAT1. Check CP_codes.csv.
IFG-CNGS1,2023-04-03 23:00:00,,,,,,,0.0,0.0,False,False,False,,0.0,0.0,False,False,0.0,IFD-CNGS1,INFO,BMU mapping missing for IFG-CNGS1. Check CP_codes.csv.
IFG-EPCO1,2023-04-03 23:00:00,,,,,,,0.0,0.0,False,False,False,,0.0,0.0,False,False,0.0,IFD-EPCO1,INFO,BMU mapping missing for IFG-EPCO1. Check CP_codes.csv.
IFG-MCRA1,2023-04-03 23:00:00,,,,,,,0.0,0.0,False,False,False,,0.0,0.0,False,False,0.0,IFD-MCRA1,INFO,BMU mapping missing for IFG-MCRA1. Check CP_codes.csv.
IFG-OMPX1,2023-04-03 23:00:00,,,,,,,0.0,0.0,False,False,False,,0.0,0.0,False,False,0.0,IFD-OMPX1,INFO,BMU mapping missing for IFG-OMPX1. Check CP_codes.csv.
IFG-STAT1,2023-04-03 23:00:00,,,,,,,0.0,0.0,False,False,False,,0.0,0.0,False,False,0.0,IFD-STAT1,INFO,BMU mapping missing for IFG-STAT1. Check CP_codes.csv.
IFG-TFEE1,2023-04-03 23:00:00,,,,,,,0.0,0.0,False,False,False,,0.0,0.0,False,False,0.0,IFD-TFEE1,INFO,BMU mapping missing for IFG-TFEE1. Check CP_codes.csv.
