BMU_ID,Local_time,Agreement_Type,DATETIME_FROM,DATETIME_TO,Traded_Date,Trade_Created,Awareness_Start,Net_PN_Change_MW,Total_Volume,Trade_met_on_IC,Countertrade_on_same_IC,Duplicate_Trade_Error,CP Code,Total_Vol_Traded_across_allICs,Total_PN_change_across_ICs,All_Trades_Met_company,Trade_met_across_IC,Shortfall_MW_on_IC,Opposite_BMU_ID,Decision,Action
IFG-DSKC1,2023-04-02 14:00:00,,,,,,,0.0,0.0,True,False,False,DANSKE,0.0,0.0,False,True,0.0,IFD-DSKC1,INFO,OK: Position Fully Balanced.
IFG-DVAL1,2023-04-02 14:00:00,,,,,,,0.0,0.0,True,False,False,DVALIN,0.0,0.0,False,True,0.0,IFD-DVAL1,INFO,OK: Position Fully Balanced.
IFG-EDFT1,2023-04-02 14:00:00,,,,,,,0.0,0.0,True,False,False,EDFT,0.0,0.0,False,True,0.0,IFD-EDFT1,INFO,OK: Position Fully Balanced.
IFG-ELTR1,2023-04-02 14:00:00,,,,,,,0.0,0.0,True,False,False,ELECTRO,0.0,0.0,False,True,0.0,IFD-ELTR1,INFO,OK: Position Fully Balanced.
IFG-EDMK1,2023-04-02 14:00:00,,,,,,,0.0,0.0,True,False,False,ENERGIDAN,0.0,0.0,False,True,0.0,IFD-EDMK1,INFO,OK: Position Fully Balanced.
IFG-GAZP1,2023-04-02 14:00:00,,,,,,,0.0,0.0,True,False,False,GAZPROM,0.0,0.0,False,True,0.0,IFD-GAZP1,INFO,OK: Position Fully Balanced.
IFG-HELI1,2023-04-02 14:00:00,,,,,,,0.0,0.0,True,False,False,HELIOS,0.0,0.0,False,True,0.0,IFD-HELI1,INFO,OK: Position Fully Balanced.
IFG-INCM1,2023-04-02 14:00:00,,,,,,,0.0,0.0,True,False,False,INCOM,0.0,0.0,False,True,0.0,IFD-INCM1,INFO,OK: Position Fully Balanced.
IFG-MFTE1,2023-04-02 14:00:00,,,,,,,0.0,0.0,True,False,False,MFT,0.0,0.0,False,True,0.0,IFD-MFTE1,INFO,OK: Position Fully Balanced.
IFG-VSAL1,2023-04-02 14:00:00,,,,,,,0.0,0.0,True,False,False,VITOL,0.0,0.0,False,True,0.0,IFD-VSAL1,INFO,OK: Position Fully Balanced.
IFG-ARON1,2023-04-02 14:00:00,,,,,,,0.0,0.0,True,False,False,,0.0,0.0,False,True,0.0,IFD-ARON1,INFO,External party - no movement.
IFG-CEZC1,2023-04-02 14:00:00,,,,,,,0.0,0.0,True,False,False,,0.0,0.0,False,True,0.0,IFD-CEZC1,INFO,External party - no movement.
IFG-CNGS1,2023-04-02 14:00:00,,,,,,,0.0,0.0,True,False,False,,0.0,0.0,False,True,0.0,IFD-CNGS1,INFO,External party - no movement.
IFG-EPCO1,2023-04-02 14:00:00,,,,,,,0.0,0.0,True,False,False,,0.0,0.0,False,True,0.0,IFD-EPCO1,INFO,External party - no movement.
IFG-MCRA1,2023-04-02 14:00:00,,,,,,,0.0,0.0,True,False,False,,0.0,0.0,False,True,0.0,IFD-MCRA1,INFO,External party - no movement.
IFG-OMPX1,2023-04-02 14:00:00,,,,,,,0.0,0.0,True,False,False,,0.0,0.0,False,True,0.0,IFD-OMPX1,INFO,External party - no movement.
IFG-STAT1,2023-04-02 14:00:00,,,,,,,0.0,0.0,True,False,False,,0.0,0.0,False,True,0.0,IFD-STAT1,INFO,External party - no movement.
IFG-TFEE1,2023-04-02 14:00:00,,,,,,,0.0,0.0,True,False,False,,0.0,0.0,False,True,0.0,IFD-TFEE1,INFO,External party - no movement.
IFG-DSKC1,2023-04-02 15:00:00,,,,,,,0.0,0.0,True,False,False,DANSKE,0.0,0.0,False,True,0.0,IFD-DSKC1,INFO,OK: Position Fully Balanced.
IFG-DVAL1,2023-04-02 15:00:00,,,,,,,0.0,0.0,True,False,False,DVALIN,0.0,0.0,False,True,0.0,IFD-DVAL1,INFO,OK: Position Fully Balanced.
IFG-EDFT1,2023-04-02 15:00:00,,,,,,,0.0,0.0,True,False,False,EDFT,0.0,0.0,False,True,0.0,IFD-EDFT1,INFO,OK: Position Fully Balanced.
IFG-ELTR1,2023-04-02 15:00:00,,,,,,,0.0,0.0,True,False,False,ELECTRO,0.0,0.0,False,True,0.0,IFD-ELTR1,INFO,OK: Position Fully Balanced.
IFG-EDMK1,2023-04-02 15:00:00,,,,,,,0.0,0.0,True,False,False,ENERGIDAN,0.0,0.0,False,True,0.0,IFD-EDMK1,INFO,OK: Position Fully Balanced.
IFG-GAZP1,2023-04-02 15:00:00,,,,,,,0.0,0.0,True,False,False,GAZPROM,0.0,0.0,False,True,0.0,IFD-GAZP1,INFO,OK: Position Fully Balanced.
IFG-HELI1,2023-04-02 15:00:00,,,,,,,0.0,0.0,True,False,False,HELIOS,0.0,0.0,False,True,0.0,IFD-HELI1,INFO,OK: Position Fully Balanced.
IFG-INCM1,2023-04-02 15:00:00,,,,,,,0.0,0.0,True,False,False,INCOM,0.0,0.0,False,True,0.0,IFD-INCM1,INFO,OK: Position Fully Balanced.
IFG-MFTE1,2023-04-02 15:00:00,,,,,,,0.0,0.0,True,False,False,MFT,0.0,0.0,False,True,0.0,IFD-MFTE1,INFO,OK: Position Fully Balanced.
IFG-VSAL1,2023-04-02 15:00:00,,,,,,,0.0,0.0,True,False,False,VITOL,0.0,0.0,False,True,0.0,IFD-VSAL1,INFO,OK: Position Fully Balanced.
IFG-ARON1,2023-04-02 15:00:00,,,,,,,0.0,0.0,True,False,False,,0.0,0.0,False,True,0.0,IFD-ARON1,INFO,External party - no movement.
IFG-CEZC1,2023-04-02 15:00:00,,,,,,,0.0,0.0,True,False,False,,0.0,0.0,False,True,0.0,IFD-CEZC1,INFO,External party - no movement.
IFG-CNGS1,2023-04-02 15:00:00,,,,,,,0.0,0.0,True,False,False,,0.0,0.0,False,True,0.0,IFD-CNGS1,INFO,External party - no movement.
IFG-EPCO1,2023-04-02 15:00:00,,,,,,,0.0,0.0,True,False,False,,0.0,0.0,False,True,0.0,IFD-EPCO1,INFO,External party - no movement.
IFG-MCRA1,2023-04-02 15:00:00,,,,,,,0.0,0.0,True,False,False,,0.0,0.0,False,True,0.0,IFD-MCRA1,INFO,External party - no movement.
IFG-OMPX1,2023-04-02 15:00:00,,,,,,,0.0,0.0,True,False,False,,0.0,0.0,False,True,0.0,IFD-OMPX1,INFO,External party - no movement.
IFG-STAT1,2023-04-02 15:00:00,,,,,,,0.0,0.0,True,False,False,,0.0,0.0,False,True,0.0,IFD-STAT1,INFO,External party - no movement.
IFG-TFEE1,2023-04-02 15:00:00,,,,,,,0.0,0.0,True,False,False,,0.0,0.0,False,True,0.0,IFD-TFEE1,INFO,External party - no movement.
IFG-DSKC1,2023-04-02 16:00:00,,,,,,,0.0,0.0,True,False,False,DANSKE,0.0,0.0,False,True,0.0,IFD-DSKC1,INFO,OK: Position Fully Balanced.
IFG-DVAL1,2023-04-02 16:00:00,,,,,,,0.0,0.0,True,False,False,DVALIN,0.0,0.0,False,True,0.0,IFD-DVAL1,INFO,OK: Position Fully Balanced.
IFG-EDFT1,2023-04-02 16:00:00,,,,,,,0.0,0.0,True,False,False,EDFT,0.0,0.0,False,True,0.0,IFD-EDFT1,INFO,OK: Position Fully Balanced.
IFG-ELTR1,2023-04-02 16:00:00,,,,,,,0.0,0.0,True,False,False,ELECTRO,0.0,0.0,False,True,0.0,IFD-ELTR1,INFO,OK: Position Fully Balanced.
IFG-EDMK1,2023-04-02 16:00:00,,,,,,,0.0,0.0,True,False,False,ENERGIDAN,0.0,0.0,False,True,0.0,IFD-EDMK1,INFO,OK: Position Fully Balanced.
IFG-GAZP1,2023-04-02 16:00:00,,,,,,,0.0,0.0,True,False,False,GAZPROM,0.0,0.0,False,True,0.0,IFD-GAZP1,INFO,OK: Position Fully Balanced.
IFG-HELI1,2023-04-02 16:00:00,,,,,,,0.0,0.0,True,False,False,HELIOS,0.0,0.0,False,True,0.0,IFD-HELI1,INFO,OK: Position Fully Balanced.
IFG-INCM1,2023-04-02 16:00:00,,,,,,,0.0,0.0,True,False,False,INCOM,0.0,0.0,False,True,0.0,IFD-INCM1,INFO,OK: Position Fully Balanced.
IFG-MFTE1,2023-04-02 16:00:00,,,,,,,0.0,0.0,True,False,False,MFT,0.0,0.0,False,True,0.0,IFD-MFTE1,INFO,OK: Position Fully Balanced.
IFG-VSAL1,2023-04-02 16:00:00,,,,,,,0.0,0.0,True,False,False,VITOL,0.0,0.0,False,True,0.0,IFD-VSAL1,INFO,OK: Position Fully Balanced.
IFG-ARON1,2023-04-02 16:00:00,,,,,,,0.0,0.0,True,False,False,,0.0,0.0,False,True,0.0,IFD-ARON1,INFO,External party - no movement.
IFG-CEZC1,2023-04-02 16:00:00,,,,,,,0.0,0.0,True,False,False,,0.0,0.0,False,True,0.0,IFD-CEZC1,INFO,External party - no movement.
IFG-CNGS1,2023-04-02 16:00:00,,,,,,,0.0,0.0,True,False,False,,0.0,0.0,False,True,0.0,IFD-CNGS1,INFO,External party - no movement.
IFG-EPCO1,2023-04-02 16:00:00,,,,,,,0.0,0.0,True,False,False,,0.0,0.0,False,True,0.0,IFD-EPCO1,INFO,External party - no movement.
IFG-MCRA1,2023-04-02 16:00:00,,,,,,,0.0,0.0,True,False,False,,0.0,0.0,False,True,0.0,IFD-MCRA1,INFO,External party - no movement.
IFG-OMPX1,2023-04-02 16:00:00,,,,,,,0.0,0.0,True,False,False,,0.0,0.0,False,True,0.0,IFD-OMPX1,INFO,External party - no movement.
IFG-STAT1,2023-04-02 16:00:00,,,,,,,0.0,0.0,True,False,False,,0.0,0.0,False,True,0.0,IFD-STAT1,INFO,External party - no movement.
IFG-TFEE1,2023-04-02 16:00:00,,,,,,,0.0,0.0,True,False,False,,0.0,0.0,False,True,0.0,IFD-TFEE1,INFO,External party - no movement.
IFG-DSKC1,2023-04-02 17:00:00,,,,,,,0.0,0.0,True,False,False,DANSKE,0.0,0.0,False,True,0.0,IFD-DSKC1,INFO,OK: Position Fully Balanced.
IFG-DVAL1,2023-04-02 17:00:00,,,,,,,0.0,0.0,True,False,False,DVALIN,0.0,0.0,False,True,0.0,IFD-DVAL1,INFO,OK: Position Fully Balanced.
IFG-EDFT1,2023-04-02 17:00:00,,,,,,,0.0,0.0,True,False,False,EDFT,0.0,0.0,False,True,0.0,IFD-EDFT1,INFO,OK: Position Fully Balanced.
IFG-ELTR1,2023-04-02 17:00:00,,,,,,,0.0,0.0,True,False,False,ELECTRO,0.0,0.0,False,True,0.0,IFD-ELTR1,INFO,OK: Position Fully Balanced.
IFG-EDMK1,2023-04-02 17:00:00,,,,,,,0.0,0.0,True,False,False,ENERGIDAN,0.0,0.0,False,True,0.0,IFD-EDMK1,INFO,OK: Position Fully Balanced.
IFG-GAZP1,2023-04-02 17:00:00,,,,,,,0.0,0.0,True,False,False,GAZPROM,0.0,0.0,False,True,0.0,IFD-GAZP1,INFO,OK: Position Fully Balanced.
IFG-HELI1,2023-04-02 17:00:00,,,,,,,0.0,0.0,True,False,False,HELIOS,0.0,0.0,False,True,0.0,IFD-HELI1,INFO,OK: Position Fully Balanced.
IFG-INCM1,2023-04-02 17:00:00,,,,,,,0.0,0.0,True,False,False,INCOM,0.0,0.0,False,True,0.0,IFD-INCM1,INFO,OK: Position Fully Balanced.
IFG-MFTE1,2023-04-02 17:00:00,,,,,,,0.0,0.0,True,False,False,MFT,0.0,0.0,False,True,0.0,IFD-MFTE1,INFO,OK: Position Fully Balanced.
IFG-VSAL1,2023-04-02 17:00:00,,,,,,,0.0,0.0,True,False,False,VITOL,0.0,0.0,False,True,0.0,IFD-VSAL1,INFO,OK: Position Fully Balanced.
IFG-ARON1,2023-04-02 17:00:00,,,,,,,0.0,0.0,True,False,False,,0.0,0.0,False,True,0.0,IFD-ARON1,INFO,External party - no movement.
IFG-CEZC1,2023-04-02 17:00:00,,,,,,,0.0,0.0,True,False,False,,0.0,0.0,False,True,0.0,IFD-CEZC1,INFO,External party - no movement.
IFG-CNGS1,2023-04-02 17:00:00,,,,,,,0.0,0.0,True,False,False,,0.0,0.0,False,True,0.0,IFD-CNGS1,INFO,External party - no movement.
IFG-EPCO1,2023-04-02 17:00:00,,,,,,,0.0,0.0,True,False,False,,0.0,0.0,False,True,0.0,IFD-EPCO1,INFO,External party - no movement.
IFG-MCRA1,2023-04-02 17:00:00,,,,,,,0.0,0.0,True,False,False,,0.0,0.0,False,True,0.0,IFD-MCRA1,INFO,External party - no movement.
IFG-OMPX1,2023-04-02 17:00:00,,,,,,,0.0,0.0,True,False,False,,0.0,0.0,False,True,0.0,IFD-OMPX1,INFO,External party - no movement.
IFG-STAT1,2023-04-02 17:00:00,,,,,,,0.0,0.0,True,False,False,,0.0,0.0,False,True,0.0,IFD-STAT1,INFO,External party - no movement.
IFG-TFEE1,2023-04-02 17:00:00,,,,,,,0.0,0.0,True,False,False,,0.0,0.0,False,True,0.0,IFD-TFEE1,INFO,External party - no movement.
IFG-DSKC1,2023-04-02 18:00:00,,,,,,,0.0,0.0,True,False,False,DANSKE,0.0,0.0,False,True,0.0,IFD-DSKC1,INFO,OK: Position Fully Balanced.
IFG-DVAL1,2023-04-02 18:00:00,,,,,,,0.0,0.0,True,False,False,DVALIN,0.0,0.0,False,True,0.0,IFD-DVAL1,INFO,OK: Position Fully Balanced.
IFG-EDFT1,2023-04-02 18:00:00,,,,,,,0.0,0.0,True,False,False,EDFT,0.0,0.0,False,True,0.0,IFD-EDFT1,INFO,OK: Position Fully Balanced.
IFG-ELTR1,2023-04-02 18:00:00,,,,,,,0.0,0.0,True,False,False,ELECTRO,0.0,0.0,False,True,0.0,IFD-ELTR1,INFO,OK: Position Fully Balanced.
IFG-EDMK1,2023-04-02 18:00:00,,,,,,,0.0,0.0,True,False,False,ENERGIDAN,0.0,0.0,False,True,0.0,IFD-EDMK1,INFO,OK: Position Fully Balanced.
IFG-GAZP1,2023-04-02 18:00:00,,,,,,,0.0,0.0,True,False,False,GAZPROM,0.0,0.0,False,True,0.0,IFD-GAZP1,INFO,OK: Position Fully Balanced.
IFG-HELI1,2023-04-02 18:00:00,,,,,,,0.0,0.0,True,False,False,HELIOS,0.0,0.0,False,True,0.0,IFD-HELI1,INFO,OK: Position Fully Balanced.
IFG-INCM1,2023-04-02 18:00:00,,,,,,,0.0,0.0,True,False,False,INCOM,0.0,0.0,False,True,0.0,IFD-INCM1,INFO,OK: Position Fully Balanced.
IFG-MFTE1,2023-04-02 18:00:00,,,,,,,0.0,0.0,True,False,False,MFT,0.0,0.0,False,True,0.0,IFD-MFTE1,INFO,OK: Position Fully Balanced.
IFG-VSAL1,2023-04-02 18:00:00,,,,,,,0.0,0.0,True,False,False,VITOL,0.0,0.0,False,True,0.0,IFD-VSAL1,INFO,OK: Position Fully Balanced.
IFG-ARON1,2023-04-02 18:00:00,,,,,,,0.0,0.0,True,False,False,,0.0,0.0,False,True,0.0,IFD-ARON1,INFO,External party - no movement.
IFG-CEZC1,2023-04-02 18:00:00,,,,,,,0.0,0.0,True,False,False,,0.0,0.0,False,True,0.0,IFD-CEZC1,INFO,External party - no movement.
IFG-CNGS1,2023-04-02 18:00:00,,,,,,,0.0,0.0,True,False,False,,0.0,0.0,False,True,0.0,IFD-CNGS1,INFO,External party - no movement.
IFG-EPCO1,2023-04-02 18:00:00,,,,,,,0.0,0.0,True,False,False,,0.0,0.0,False,True,0.0,IFD-EPCO1,INFO,External party - no movement.
IFG-MCRA1,2023-04-02 18:00:00,,,,,,,0.0,0.0,True,False,False,,0.0,0.0,False,True,0.0,IFD-MCRA1,INFO,External party - no movement.
IFG-OMPX1,2023-04-02 18:00:00,,,,,,,0.0,0.0,True,False,False,,0.0,0.0,False,True,0.0,IFD-OMPX1,INFO,External party - no movement.
IFG-STAT1,2023-04-02 18:00:00,,,,,,,0.0,0.0,True,False,False,,0.0,0.0,False,True,0.0,IFD-STAT1,INFO,External party - no movement.
IFG-TFEE1,2023-04-02 18:00:00,,,,,,,0.0,0.0,True,False,False,,0.0,0.0,False,True,0.0,IFD-TFEE1,INFO,External party - no movement.
IFG-DSKC1,2023-04-02 19:00:00,,,,,,,0.0,0.0,True,False,False,DANSKE,0.0,0.0,False,True,0.0,IFD-DSKC1,INFO,OK: Position Fully Balanced.
IFG-DVAL1,2023-04-02 19:00:00,,,,,,,0.0,0.0,True,False,False,DVALIN,0.0,0.0,False,True,0.0,IFD-DVAL1,INFO,OK: Position Fully Balanced.
IFG-EDFT1,2023-04-02 19:00:00,,,,,,,0.0,0.0,True,False,False,EDFT,0.0,0.0,False,True,0.0,IFD-EDFT1,INFO,OK: Position Fully Balanced.
IFG-ELTR1,2023-04-02 19:00:00,,,,,,,0.0,0.0,True,False,False,ELECTRO,0.0,0.0,False,True,0.0,IFD-ELTR1,INFO,OK: Position Fully Balanced.
IFG-EDMK1,2023-04-02 19:00:00,,,,,,,0.0,0.0,True,False,False,ENERGIDAN,0.0,0.0,False,True,0.0,IFD-EDMK1,INFO,OK: Position Fully Balanced.
IFG-GAZP1,2023-04-02 19:00:00,,,,,,,0.0,0.0,True,False,False,GAZPROM,0.0,0.0,False,True,0.0,IFD-GAZP1,INFO,OK: Position Fully Balanced.
IFG-HELI1,2023-04-02 19:00:00,,,,,,,0.0,0.0,True,False,False,HELIOS,0.0,0.0,False,True,0.0,IFD-HELI1,INFO,OK: Position Fully Balanced.
IFG-INCM1,2023-04-02 19:00:00,,,,,,,0.0,0.0,True,False,False,INCOM,0.0,0.0,False,True,0.0,IFD-INCM1,INFO,OK: Position Fully Balanced.
IFG-MFTE1,2023-04-02 19:00:00,,,,,,,0.0,0.0,True,False,False,MFT,0.0,0.0,False,True,0.0,IFD-MFTE1,INFO,OK: Position Fully Balanced.
IFG-VSAL1,2023-04-02 19:00:00,,,,,,,0.0,0.0,True,False,False,VITOL,0.0,0.0,False,True,0.0,IFD-VSAL1,INFO,OK: Position Fully Balanced.
IFG-ARON1,2023-04-02 19:00:00,,,,,,,0.0,0.0,True,False,False,,0.0,0.0,False,True,0.0,IFD-ARON1,INFO,External party - no movement.
IFG-CEZC1,2023-04-02 19:00:00,,,,,,,0.0,0.0,True,False,False,,0.0,0.0,False,True,0.0,IFD-CEZC1,INFO,External party - no movement.
IFG-CNGS1,2023-04-02 19:00:00,,,,,,,0.0,0.0,True,False,False,,0.0,0.0,False,True,0.0,IFD-CNGS1,INFO,External party - no movement.
IFG-EPCO1,2023-04-02 19:00:00,,,,,,,0.0,0.0,True,False,False,,0.0,0.0,False,True,0.0,IFD-EPCO1,INFO,External party - no movement.
IFG-MCRA1,2023-04-02 19:00:00,,,,,,,0.0,0.0,True,False,False,,0.0,0.0,False,True,0.0,IFD-MCRA1,INFO,External party - no movement.
IFG-OMPX1,2023-04-02 19:00:00,,,,,,,0.0,0.0,True,False,False,,0.0,0.0,False,True,0.0,IFD-OMPX1,INFO,External party - no movement.
IFG-STAT1,2023-04-02 19:00:00,,,,,,,0.0,0.0,True,False,False,,0.0,0.0,False,True,0.0,IFD-STAT1,INFO,External party - no movement.
IFG-TFEE1,2023-04-02 19:00:00,,,,,,,0.0,0.0,True,False,False,,0.0,0.0,False,True,0.0,IFD-TFEE1,INFO,External party - no movement.
IFG-DSKC1,2023-04-02 20:00:00,,,,,,,0.0,0.0,True,False,False,DANSKE,0.0,0.0,False,True,0.0,IFD-DSKC1,INFO,OK: Position Fully Balanced.
IFG-DVAL1,2023-04-02 20:00:00,,,,,,,0.0,0.0,True,False,False,DVALIN,0.0,0.0,False,True,0.0,IFD-DVAL1,INFO,OK: Position Fully Balanced.
IFG-EDFT1,2023-04-02 20:00:00,,,,,,,0.0,0.0,True,False,False,EDFT,0.0,0.0,False,True,0.0,IFD-EDFT1,INFO,OK: Position Fully Balanced.
IFG-ELTR1,2023-04-02 20:00:00,,,,,,,0.0,0.0,True,False,False,ELECTRO,0.0,0.0,False,True,0.0,IFD-ELTR1,INFO,OK: Position Fully Balanced.
IFG-EDMK1,2023-04-02 20:00:00,,,,,,,0.0,0.0,True,False,False,ENERGIDAN,0.0,0.0,False,True,0.0,IFD-EDMK1,INFO,OK: Position Fully Balanced.
IFG-GAZP1,2023-04-02 20:00:00,,,,,,,0.0,0.0,True,False,False,GAZPROM,0.0,0.0,False,True,0.0,IFD-GAZP1,INFO,OK: Position Fully Balanced.
IFG-HELI1,2023-04-02 20:00:00,,,,,,,0.0,0.0,True,False,False,HELIOS,0.0,0.0,False,True,0.0,IFD-HELI1,INFO,OK: Position Fully Balanced.
IFG-INCM1,2023-04-02 20:00:00,,,,,,,0.0,0.0,True,False,False,INCOM,0.0,0.0,False,True,0.0,IFD-INCM1,INFO,OK: Position Fully Balanced.
IFG-MFTE1,2023-04-02 20:00:00,,,,,,,0.0,0.0,True,False,False,MFT,0.0,0.0,False,True,0.0,IFD-MFTE1,INFO,OK: Position Fully Balanced.
IFG-VSAL1,2023-04-02 20:00:00,,,,,,,0.0,0.0,True,False,False,VITOL,0.0,0.0,False,True,0.0,IFD-VSAL1,INFO,OK: Position Fully Balanced.
IFG-ARON1,2023-04-02 20:00:00,,,,,,,0.0,0.0,True,False,False,,0.0,0.0,False,True,0.0,IFD-ARON1,INFO,External party - no movement.
IFG-CEZC1,2023-04-02 20:00:00,,,,,,,0.0,0.0,True,False,False,,0.0,0.0,False,True,0.0,IFD-CEZC1,INFO,External party - no movement.
IFG-CNGS1,2023-04-02 20:00:00,,,,,,,0.0,0.0,True,False,False,,0.0,0.0,False,True,0.0,IFD-CNGS1,INFO,External party - no movement.
IFG-EPCO1,2023-04-02 20:00:00,,,,,,,0.0,0.0,True,False,False,,0.0,0.0,False,True,0.0,IFD-EPCO1,INFO,External party - no movement.
IFG-MCRA1,2023-04-02 20:00:00,,,,,,,0.0,0.0,True,False,False,,0.0,0.0,False,True,0.0,IFD-MCRA1,INFO,External party - no movement.
IFG-OMPX1,2023-04-02 20:00:00,,,,,,,0.0,0.0,True,False,False,,0.0,0.0,False,True,0.0,IFD-OMPX1,INFO,External party - no movement.
IFG-STAT1,2023-04-02 20:00:00,,,,,,,0.0,0.0,True,False,False,,0.0,0.0,False,True,0.0,IFD-STAT1,INFO,External party - no movement.
IFG-TFEE1,2023-04-02 20:00:00,,,,,,,0.0,0.0,True,False,False,,0.0,0.0,False,True,0.0,IFD-TFEE1,INFO,External party - no movement.
IFG-DSKC1,2023-04-02 21:00:00,,,,,,,0.0,0.0,True,False,False,DANSKE,0.0,0.0,False,True,0.0,IFD-DSKC1,INFO,OK: Position Fully Balanced.
IFG-DVAL1,2023-04-02 21:00:00,,,,,,,0.0,0.0,True,False,False,DVALIN,0.0,0.0,False,True,0.0,IFD-DVAL1,INFO,OK: Position Fully Balanced.
IFG-EDFT1,2023-04-02 21:00:00,,,,,,,0.0,0.0,True,False,False,EDFT,0.0,0.0,False,True,0.0,IFD-EDFT1,INFO,OK: Position Fully Balanced.
IFG-ELTR1,2023-04-02 21:00:00,,,,,,,0.0,0.0,True,False,False,ELECTRO,0.0,0.0,False,True,0.0,IFD-ELTR1,INFO,OK: Position Fully Balanced.
IFG-EDMK1,2023-04-02 21:00:00,,,,,,,0.0,0.0,True,False,False,ENERGIDAN,0.0,0.0,False,True,0.0,IFD-EDMK1,INFO,OK: Position Fully Balanced.
IFG-GAZP1,2023-04-02 21:00:00,,,,,,,0.0,0.0,True,False,False,GAZPROM,0.0,0.0,False,True,0.0,IFD-GAZP1,INFO,OK: Position Fully Balanced.
IFG-HELI1,2023-04-02 21:00:00,,,,,,,0.0,0.0,True,False,False,HELIOS,0.0,0.0,False,True,0.0,IFD-HELI1,INFO,OK: Position Fully Balanced.
IFG-INCM1,2023-04-02 21:00:00,,,,,,,0.0,0.0,True,False,False,INCOM,0.0,0.0,False,True,0.0,IFD-INCM1,INFO,OK: Position Fully Balanced.
IFG-MFTE1,2023-04-02 21:00:00,,,,,,,0.0,0.0,True,False,False,MFT,0.0,0.0,False,True,0.0,IFD-MFTE1,INFO,OK: Position Fully Balanced.
IFG-VSAL1,2023-04-02 21:00:00,,,,,,,0.0,0.0,True,False,False,VITOL,0.0,0.0,False,True,0.0,IFD-VSAL1,INFO,OK: Position Fully Balanced.
IFG-ARON1,2023-04-02 21:00:00,,,,,,,0.0,0.0,True,False,False,,0.0,0.0,False,True,0.0,IFD-ARON1,INFO,External party - no movement.
IFG-CEZC1,2023-04-02 21:00:00,,,,,,,0.0,0.0,True,False,False,,0.0,0.0,False,True,0.0,IFD-CEZC1,INFO,External party - no movement.
IFG-CNGS1,2023-04-02 21:00:00,,,,,,,0.0,0.0,True,False,False,,0.0,0.0,False,True,0.0,IFD-CNGS1,INFO,External party - no movement.
IFG-EPCO1,2023-04-02 21:00:00,,,,,,,0.0,0.0,True,False,False,,0.0,0.0,False,True,0.0,IFD-EPCO1,INFO,External party - no movement.
IFG-MCRA1,2023-04-02 21:00:00,,,,,,,0.0,0.0,True,False,False,,0.0,0.0,False,True,0.0,IFD-MCRA1,INFO,External party - no movement.
IFG-OMPX1,2023-04-02 21:00:00,,,,,,,0.0,0.0,True,False,False,,0.0,0.0,False,True,0.0,IFD-OMPX1,INFO,External party - no movement.
IFG-STAT1,2023-04-02 21:00:00,,,,,,,0.0,0.0,True,False,False,,0.0,0.0,False,True,0.0,IFD-STAT1,INFO,External party - no movement.
IFG-TFEE1,2023-04-02 21:00:00,,,,,,,0.0,0.0,True,False,False,,0.0,0.0,False,True,0.0,IFD-TFEE1,INFO,External party - no movement.
IFG-DSKC1,2023-04-02 22:00:00,,,,,,,0.0,0.0,True,False,False,DANSKE,0.0,0.0,False,True,0.0,IFD-DSKC1,INFO,OK: Position Fully Balanced.
IFG-DVAL1,2023-04-02 22:00:00,,,,,,,0.0,0.0,True,False,False,DVALIN,0.0,0.0,False,True,0.0,IFD-DVAL1,INFO,OK: Position Fully Balanced.
IFG-EDFT1,2023-04-02 22:00:00,,,,,,,0.0,0.0,True,False,False,EDFT,0.0,0.0,False,True,0.0,IFD-EDFT1,INFO,OK: Position Fully Balanced.
IFG-ELTR1,2023-04-02 22:00:00,,,,,,,0.0,0.0,True,False,False,ELECTRO,0.0,0.0,False,True,0.0,IFD-ELTR1,INFO,OK: Position Fully Balanced.
IFG-EDMK1,2023-04-02 22:00:00,,,,,,,0.0,0.0,True,False,False,ENERGIDAN,0.0,0.0,False,True,0.0,IFD-EDMK1,INFO,OK: Position Fully Balanced.
IFG-GAZP1,2023-04-02 22:00:00,,,,,,,0.0,0.0,True,False,False,GAZPROM,0.0,0.0,False,True,0.0,IFD-GAZP1,INFO,OK: Position Fully Balanced.
IFG-HELI1,2023-04-02 22:00:00,,,,,,,0.0,0.0,True,False,False,HELIOS,0.0,0.0,False,True,0.0,IFD-HELI1,INFO,OK: Position Fully Balanced.
IFG-INCM1,2023-04-02 22:00:00,,,,,,,0.0,0.0,True,False,False,INCOM,0.0,0.0,False,True,0.0,IFD-INCM1,INFO,OK: Position Fully Balanced.
IFG-MFTE1,2023-04-02 22:00:00,,,,,,,0.0,0.0,True,False,False,MFT,0.0,0.0,False,True,0.0,IFD-MFTE1,INFO,OK: Position Fully Balanced.
IFG-VSAL1,2023-04-02 22:00:00,,,,,,,0.0,0.0,True,False,False,VITOL,0.0,0.0,False,True,0.0,IFD-VSAL1,INFO,OK: Position Fully Balanced.
IFG-ARON1,2023-04-02 22:00:00,,,,,,,0.0,0.0,True,False,False,,0.0,0.0,False,True,0.0,IFD-ARON1,INFO,External party - no movement.
IFG-CEZC1,2023-04-02 22:00:00,,,,,,,0.0,0.0,True,False,False,,0.0,0.0,False,True,0.0,IFD-CEZC1,INFO,External party - no movement.
IFG-CNGS1,2023-04-02 22:00:00,,,,,,,0.0,0.0,True,False,False,,0.0,0.0,False,True,0.0,IFD-CNGS1,INFO,External party - no movement.
IFG-EPCO1,2023-04-02 22:00:00,,,,,,,0.0,0.0,True,False,False,,0.0,0.0,False,True,0.0,IFD-EPCO1,INFO,External party - no movement.
IFG-MCRA1,2023-04-02 22:00:00,,,,,,,0.0,0.0,True,False,False,,0.0,0.0,False,True,0.0,IFD-MCRA1,INFO,External party - no movement.
IFG-OMPX1,2023-04-02 22:00:00,,,,,,,0.0,0.0,True,False,False,,0.0,0.0,False,True,0.0,IFD-OMPX1,INFO,External party - no movement.
IFG-STAT1,2023-04-02 22:00:00,,,,,,,0.0,0.0,True,False,False,,0.0,0.0,False,True,0.0,IFD-STAT1,INFO,External party - no movement.
IFG-TFEE1,2023-04-02 22:00:00,,,,,,,0.0,0.0,True,False,False,,0.0,0.0,False,True,0.0,IFD-TFEE1,INFO,External party - no movement.
IFG-DSKC1,2023-04-02 23:00:00,,,,,,,0.0,0.0,True,False,False,DANSKE,0.0,0.0,False,True,0.0,IFD-DSKC1,INFO,OK: Position Fully Balanced.
IFG-DVAL1,2023-04-02 23:00:00,,,,,,,0.0,0.0,True,False,False,DVALIN,0.0,0.0,False,True,0.0,IFD-DVAL1,INFO,OK: Position Fully Balanced.
IFG-EDFT1,2023-04-02 23:00:00,,,,,,,0.0,0.0,True,False,False,EDFT,0.0,0.0,False,True,0.0,IFD-EDFT1,INFO,OK: Position Fully Balanced.
IFG-ELTR1,2023-04-02 23:00:00,,,,,,,0.0,0.0,True,False,False,ELECTRO,0.0,0.0,False,True,0.0,IFD-ELTR1,INFO,OK: Position Fully Balanced.
IFG-EDMK1,2023-04-02 23:00:00,,,,,,,0.0,0.0,True,False,False,ENERGIDAN,0.0,0.0,False,True,0.0,IFD-EDMK1,INFO,OK: Position Fully Balanced.
IFG-GAZP1,2023-04-02 23:00:00,,,,,,,0.0,0.0,True,False,False,GAZPROM,0.0,0.0,False,True,0.0,IFD-GAZP1,INFO,OK: Position Fully Balanced.
IFG-HELI1,2023-04-02 23:00:00,,,,,,,0.0,0.0,True,False,False,HELIOS,0.0,0.0,False,True,0.0,IFD-HELI1,INFO,OK: Position Fully Balanced.
IFG-INCM1,2023-04-02 23:00:00,,,,,,,0.0,0.0,True,False,False,INCOM,0.0,0.0,False,True,0.0,IFD-INCM1,INFO,OK: Position Fully Balanced.
IFG-MFTE1,2023-04-02 23:00:00,,,,,,,0.0,0.0,True,False,False,MFT,0.0,0.0,False,True,0.0,IFD-MFTE1,INFO,OK: Position Fully Balanced.
IFG-VSAL1,2023-04-02 23:00:00,,,,,,,0.0,0.0,True,False,False,VITOL,0.0,0.0,False,True,0.0,IFD-VSAL1,INFO,OK: Position Fully Balanced.
IFG-ARON1,2023-04-02 23:00:00,,,,,,,0.0,0.0,True,False,False,,0.0,0.0,False,True,0.0,IFD-ARON1,INFO,External party - no movement.
IFG-CEZC1,2023-04-02 23:00:00,,,,,,,0.0,0.0,True,False,False,,0.0,0.0,False,True,0.0,IFD-CEZC1,INFO,External party - no movement.
IFG-CNGS1,2023-04-02 23:00:00,,,,,,,0.0,0.0,True,False,False,,0.0,0.0,False,True,0.0,IFD-CNGS1,INFO,External party - no movement.
IFG-EPCO1,2023-04-02 23:00:00,,,,,,,80.0,0.0,False,True,False,,0.0,0.0,False,False,80.0,IFD-EPCO1,YES3,System has moved - find MW elsewhere.
IFG-MCRA1,2023-04-02 23:00:00,,,,,,,294.0,0.0,False,True,False,,0.0,0.0,False,False,294.0,IFD-MCRA1,YES3,System has moved - find MW elsewhere.
IFG-OMPX1,2023-04-02 23:00:00,,,,,,,0.0,0.0,True,False,False,,0.0,0.0,False,True,0.0,IFD-OMPX1,INFO,External party - no movement.
IFG-STAT1,2023-04-02 23:00:00,,,,,,,0.0,0.0,True,False,False,,0.0,0.0,False,True,0.0,IFD-STAT1,INFO,External party - no movement.
IFG-TFEE1,2023-04-02 23:00:00,,,,,,,306.0,0.0,False,True,False,,0.0,0.0,False,False,306.0,IFD-TFEE1,YES3,System has moved - find MW elsewhere.
IFG-DSKC1,2023-04-03 00:00:00,,,,,,,0.0,0.0,True,False,False,DANSKE,0.0,0.0,False,True,0.0,IFD-DSKC1,INFO,OK: Position Fully Balanced.
IFG-DVAL1,2023-04-03 00:00:00,,,,,,,0.0,0.0,True,False,False,DVALIN,0.0,0.0,False,True,0.0,IFD-DVAL1,INFO,OK: Position Fully Balanced.
IFG-EDFT1,2023-04-03 00:00:00,,,,,,,0.0,0.0,True,False,False,EDFT,0.0,0.0,False,True,0.0,IFD-EDFT1,INFO,OK: Position Fully Balanced.
IFG-ELTR1,2023-04-03 00:00:00,,,,,,,0.0,0.0,True,False,False,ELECTRO,0.0,0.0,False,True,0.0,IFD-ELTR1,INFO,OK: Position Fully Balanced.
IFG-EDMK1,2023-04-03 00:00:00,,,,,,,0.0,0.0,True,False,False,ENERGIDAN,0.0,0.0,False,True,0.0,IFD-EDMK1,INFO,OK: Position Fully Balanced.
IFG-GAZP1,2023-04-03 00:00:00,,,,,,,0.0,0.0,True,False,False,GAZPROM,0.0,0.0,False,True,0.0,IFD-GAZP1,INFO,OK: Position Fully Balanced.
IFG-HELI1,2023-04-03 00:00:00,,,,,,,0.0,0.0,True,False,False,HELIOS,0.0,0.0,False,True,0.0,IFD-HELI1,INFO,OK: Position Fully Balanced.
IFG-INCM1,2023-04-03 00:00:00,,,,,,,0.0,0.0,True,False,False,INCOM,0.0,0.0,False,True,0.0,IFD-INCM1,INFO,OK: Position Fully Balanced.
IFG-MFTE1,2023-04-03 00:00:00,,,,,,,0.0,0.0,True,False,False,MFT,0.0,0.0,False,True,0.0,IFD-MFTE1,INFO,OK: Position Fully Balanced.
IFG-VSAL1,2023-04-03 00:00:00,,,,,,,0.0,0.0,True,False,False,VITOL,0.0,0.0,False,True,0.0,IFD-VSAL1,INFO,OK: Position Fully Balanced.
IFG-ARON1,2023-04-03 00:00:00,,,,,,,0.0,0.0,True,False,False,,0.0,0.0,False,True,0.0,IFD-ARON1,INFO,External party - no movement.
IFG-CEZC1,2023-04-03 00:00:00,,,,,,,0.0,0.0,True,False,False,,0.0,0.0,False,True,0.0,IFD-CEZC1,INFO,External party - no movement.
IFG-CNGS1,2023-04-03 00:00:00,,,,,,,0.0,0.0,True,False,False,,0.0,0.0,False,True,0.0,IFD-CNGS1,INFO,External party - no movement.
IFG-EPCO1,2023-04-03 00:00:00,,,,,,,80.0,0.0,False,True,False,,0.0,0.0,False,False,80.0,IFD-EPCO1,YES3,System has moved - find MW elsewhere.
IFG-MCRA1,2023-04-03 00:00:00,,,,,,,294.0,0.0,False,True,False,,0.0,0.0,False,False,294.0,IFD-MCRA1,YES3,System has moved - find MW elsewhere.
IFG-OMPX1,2023-04-03 00:00:00,,,,,,,0.0,0.0,True,False,False,,0.0,0.0,False,True,0.0,IFD-OMPX1,INFO,External party - no movement.
IFG-STAT1,2023-04-03 00:00:00,,,,,,,0.0,0.0,True,False,False,,0.0,0.0,False,True,0.0,IFD-STAT1,INFO,External party - no movement.
IFG-TFEE1,2023-04-03 00:00:00,,,,,,,306.0,0.0,False,True,False,,0.0,0.0,False,False,306.0,IFD-TFEE1,YES3,System has moved - find MW elsewhere.
