﻿Local_time,BMU_ID,PN_value,DeltaPN,Has_Trade,ReceiptLocal,Advisory
2023-04-02 23:00:00,IFG-EPCO1,40.0,40.0,False,2023-04-02 09:00:00,System has moved - find MW elsewhere.
2023-04-02 23:00:00,IFG-MCRA1,147.0,147.0,False,2023-04-02 09:00:00,System has moved - find MW elsewhere.
2023-04-02 23:00:00,IFG-TFEE1,153.0,153.0,False,2023-04-02 09:00:00,System has moved - find MW elsewhere.
2023-04-03 00:00:00,IFG-EPCO1,40.0,40.0,False,2023-04-02 09:00:00,System has moved - find MW elsewhere.
2023-04-03 00:00:00,IFG-MCRA1,147.0,147.0,False,2023-04-02 09:00:00,System has moved - find MW elsewhere.
2023-04-03 00:00:00,IFG-TFEE1,153.0,153.0,False,2023-04-02 09:00:00,System has moved - find MW elsewhere.
