MONTH_YEAR,SETTLEMENT_DATE,SETTLEMENT_PERIOD,GMT_FROM,CounterParty,BMU_ID,FUEL_TYPE,TRANSACTION_TYPE,OFFER_PRICE,BID_PRICE,EFFICIENT_ENERGY_PRICE,OFFER_VOLUME_MWH,BID_VOLUME_MWH,BOPAIR_ID,DIRECT_TRANSACTION_COST,TOTAL_COST,REPLACEMENT_ENERGY_COST,REASON_CODE,FLAG_STATUS,CONSTRAINT_GROUP,REGION_FLAG,CONSTRAINT_REASON,OUTAGE_CIRCUIT,PLANNED_FAULT,HH_WAP,HIGH_TRADED_PRICE,reference_price,reference_source,spread,p_self_used,cond_1,thr_fuel,cond_2,_ISO_YEAR,_ISO_WEEK,med_spread_con,med_spread_uncon,spread_diff,cond_3,d_ref,n_conditions_true,ensemble,why
SEP-2025,2025-09-06,46,2025-09-06 21:30:00,Shell Energy Euro~1.SEAB-2.LL,SEAB-2,CCGT,Trade,159.0,0.0,32.84,120.0,0.0,1,19080.0,8450.4,-10629.6,PG_Constraint_Import,SYSTEM,VSCENTRAL,EW,Trades and BM Actions,VOLTAGE CONTROL,N,-6.53,3.75,3.8,ID_MAX,155.2,154.6,True,158.0,False,2025,36,139.4,4.2,135.2,True,fuel_day,2,True,"C1,C3 | Delta=135.2 | Offer_price=159.0"
SEP-2025,2025-09-07,12,2025-09-07 04:30:00,Shell Energy Euro~1.SEAB-2.LL,SEAB-2,CCGT,Trade,159.0,0.0,-10.32,120.0,0.0,1,19080.0,11579.012,-7500.988,PG_Constraint_Import,SYSTEM,VSCENTRAL,EW,Trades and BM Actions,VOLTAGE CONTROL,N,-2.15,3.84,3.8,ID_MAX,155.2,154.6,True,158.0,False,2025,36,121.2,70.2,51.0,True,bmu,2,True,"C1,C3 | Delta=51.0 | Offer_price=159.0"
SEP-2025,2025-09-11,48,2025-09-11 22:30:00,SSE Energy Supply~1.MRWD-1.LL,MRWD-1,GAS,Trade,170.0,0.0,-2.79,225.0,0.0,1,38250.0,27143.19,-11106.81,PG_Constraint_Import,SYSTEM,VSCENTRAL,EW,Trades and BM Actions,VOLTAGE CONTROL,N,-5.15,15.0,15.0,ID_MAX,155.0,166.4,False,146.8,True,2025,37,127.1,64.6,62.5,True,bmu,2,True,"C2,C3 | Abs_threshold=146.8 | Delta=62.5 | Offer_price=170.0"
SEP-2025,2025-09-12,1,2025-09-11 23:00:00,SSE Energy Supply~1.MRWD-1.LL,MRWD-1,GAS,Trade,170.0,0.0,2.41,225.0,0.0,1,38250.0,10032.99,-28217.01,PG_Constraint_Import,SYSTEM,VSCENTRAL,EW,Trades and BM Actions,VOLTAGE CONTROL,N,-13.28,4.21,4.2,ID_MAX,165.8,166.4,False,146.8,True,2025,37,165.9,90.0,75.9,True,bmu,2,True,"C2,C3 | Abs_threshold=146.8 | Delta=75.9 | Offer_price=170.0"
SEP-2025,2025-09-12,2,2025-09-11 23:30:00,SSE Energy Supply~1.MRWD-1.LL,MRWD-1,GAS,Trade,170.0,0.0,0.63,225.0,0.0,1,38250.0,4614.11,-33635.89,PG_Constraint_Import,SYSTEM,VSCENTRAL,EW,Trades and BM Actions,VOLTAGE CONTROL,N,-11.6,3.55,3.6,ID_MAX,166.4,166.4,True,146.8,True,2025,37,165.9,90.0,75.9,True,bmu,3,True,"C1,C2,C3 | Abs_threshold=146.8 | Delta=75.9 | Offer_price=170.0"
SEP-2025,2025-09-12,3,2025-09-12 00:00:00,SSE Energy Supply~1.MRWD-1.LL,MRWD-1,GAS,Trade,170.0,0.0,19.68,225.0,0.0,1,38250.0,8336.8,-29913.2,PG_Constraint_Import,SYSTEM,VSCENTRAL,EW,Trades and BM Actions,VOLTAGE CONTROL,N,-10.69,3.73,3.7,ID_MAX,166.3,166.4,False,146.8,True,2025,37,165.9,90.0,75.9,True,bmu,2,True,"C2,C3 | Abs_threshold=146.8 | Delta=75.9 | Offer_price=170.0"
SEP-2025,2025-09-12,4,2025-09-12 00:30:00,SSE Energy Supply~1.MRWD-1.LL,MRWD-1,GAS,Trade,170.0,0.0,11.14,225.0,0.0,1,38250.0,7495.15,-30754.85,PG_Constraint_Import,SYSTEM,VSCENTRAL,EW,Trades and BM Actions,VOLTAGE CONTROL,N,-15.98,5.4,5.4,ID_MAX,164.6,166.4,False,146.8,True,2025,37,165.9,90.0,75.9,True,bmu,2,True,"C2,C3 | Abs_threshold=146.8 | Delta=75.9 | Offer_price=170.0"
SEP-2025,2025-09-12,5,2025-09-12 01:00:00,SSE Energy Supply~1.MRWD-1.LL,MRWD-1,GAS,Trade,170.0,0.0,18.51,225.0,0.0,1,38250.0,0.0,-38250.0,PG_Constraint_Import,SYSTEM,VSCENTRAL,EW,Trades and BM Actions,VOLTAGE CONTROL,N,-14.17,3.2,3.2,ID_MAX,166.8,166.4,True,146.8,True,2025,37,165.9,90.0,75.9,True,bmu,3,True,"C1,C2,C3 | Abs_threshold=146.8 | Delta=75.9 | Offer_price=170.0"
SEP-2025,2025-09-12,6,2025-09-12 01:30:00,SSE Energy Supply~1.MRWD-1.LL,MRWD-1,GAS,Trade,170.0,0.0,21.75,225.0,0.0,1,38250.0,7461.225,-30788.775,PG_Constraint_Import,SYSTEM,VSCENTRAL,EW,Trades and BM Actions,VOLTAGE CONTROL,N,-13.19,1.35,1.4,ID_MAX,168.6,166.4,True,146.8,True,2025,37,165.9,90.0,75.9,True,bmu,3,True,"C1,C2,C3 | Abs_threshold=146.8 | Delta=75.9 | Offer_price=170.0"
SEP-2025,2025-09-12,7,2025-09-12 02:00:00,SSE Energy Supply~1.MRWD-1.LL,MRWD-1,GAS,Trade,170.0,0.0,27.16,225.0,0.0,1,38250.0,7672.68,-30577.32,PG_Constraint_Import,SYSTEM,VSCENTRAL,EW,Trades and BM Actions,VOLTAGE CONTROL,N,-7.94,4.0,4.0,ID_MAX,166.0,166.4,False,146.8,True,2025,37,165.9,90.0,75.9,True,bmu,2,True,"C2,C3 | Abs_threshold=146.8 | Delta=75.9 | Offer_price=170.0"
SEP-2025,2025-09-12,8,2025-09-12 02:30:00,SSE Energy Supply~1.MRWD-1.LL,MRWD-1,GAS,Trade,170.0,0.0,17.47,225.0,0.0,1,38250.0,3532.031,-34717.969,PG_Constraint_Import,SYSTEM,VSCENTRAL,EW,Trades and BM Actions,VOLTAGE CONTROL,N,-7.21,1.99,2.0,ID_MAX,168.0,166.4,True,146.8,True,2025,37,165.9,90.0,75.9,True,bmu,3,True,"C1,C2,C3 | Abs_threshold=146.8 | Delta=75.9 | Offer_price=170.0"
SEP-2025,2025-09-12,9,2025-09-12 03:00:00,SSE Energy Supply~1.MRWD-1.LL,MRWD-1,GAS,Trade,170.0,0.0,4.22,225.0,0.0,1,38250.0,0.0,-38250.0,PG_Constraint_Import,SYSTEM,VSCENTRAL,EW,Trades and BM Actions,VOLTAGE CONTROL,N,-5.15,3.62,3.6,ID_MAX,166.4,166.4,True,146.8,True,2025,37,165.9,90.0,75.9,True,bmu,3,True,"C1,C2,C3 | Abs_threshold=146.8 | Delta=75.9 | Offer_price=170.0"
SEP-2025,2025-09-12,10,2025-09-12 03:30:00,SSE Energy Supply~1.MRWD-1.LL,MRWD-1,GAS,Trade,170.0,0.0,6.81,225.0,0.0,1,38250.0,0.0,-38250.0,PG_Constraint_Import,SYSTEM,VSCENTRAL,EW,Trades and BM Actions,VOLTAGE CONTROL,N,-5.17,5.79,5.8,ID_MAX,164.2,166.4,False,146.8,True,2025,37,165.9,90.0,75.9,True,bmu,2,True,"C2,C3 | Abs_threshold=146.8 | Delta=75.9 | Offer_price=170.0"
SEP-2025,2025-09-12,11,2025-09-12 04:00:00,SSE Energy Supply~1.MRWD-1.LL,MRWD-1,GAS,Trade,170.0,0.0,3.34,225.0,0.0,1,38250.0,0.0,-38250.0,PG_Constraint_Import,SYSTEM,VSCENTRAL,EW,Trades and BM Actions,VOLTAGE CONTROL,N,-5.68,4.99,5.0,ID_MAX,165.0,166.4,False,146.8,True,2025,37,165.9,90.0,75.9,True,bmu,2,True,"C2,C3 | Abs_threshold=146.8 | Delta=75.9 | Offer_price=170.0"
SEP-2025,2025-09-12,12,2025-09-12 04:30:00,SSE Energy Supply~1.MRWD-1.LL,MRWD-1,GAS,Trade,170.0,0.0,4.5,225.0,0.0,1,38250.0,0.0,-38250.0,PG_Constraint_Import,SYSTEM,VSCENTRAL,EW,Trades and BM Actions,VOLTAGE CONTROL,N,0.55,7.99,8.0,ID_MAX,162.0,166.4,False,146.8,True,2025,37,165.9,90.0,75.9,True,bmu,2,True,"C2,C3 | Abs_threshold=146.8 | Delta=75.9 | Offer_price=170.0"
SEP-2025,2025-09-12,13,2025-09-12 05:00:00,SSE Energy Supply~1.MRWD-1.LL,MRWD-1,GAS,Trade,170.0,0.0,11.18,225.0,0.0,1,38250.0,0.0,-38250.0,PG_Constraint_Import,SYSTEM,VSCENTRAL,EW,Trades and BM Actions,VOLTAGE CONTROL,N,9.83,20.0,20.0,ID_MAX,150.0,166.4,False,146.8,True,2025,37,165.9,90.0,75.9,True,bmu,2,True,"C2,C3 | Abs_threshold=146.8 | Delta=75.9 | Offer_price=170.0"
SEP-2025,2025-09-15,8,2025-09-15 02:30:00,RWE Supply & Trad~1.DIDCB5.LL,DIDCB5,CCGT,Trade,156.0,0.0,-21.41,190.0,0.0,1,29640.0,2989.145,-26650.855,PG_Constraint_Import,SYSTEM,VSCENTRAL,EW,Trades and BM Actions,VOLTAGE CONTROL,N,2.5,12.22,12.2,ID_MAX,143.8,141.79,True,158.0,False,2025,38,135.2,43.7,91.6,True,fuel_week,2,True,"C1,C3 | Delta=91.6 | Offer_price=156.0"
SEP-2025,2025-09-15,9,2025-09-15 03:00:00,RWE Supply & Trad~1.DIDCB5.LL,DIDCB5,CCGT,Trade,156.0,0.0,-19.7,190.0,0.0,1,29640.0,33383.0,3743.0,PG_Constraint_Import,SYSTEM,VSCENTRAL,EW,Trades and BM Actions,VOLTAGE CONTROL,N,4.14,14.07,14.1,ID_MAX,141.9,141.79,True,158.0,False,2025,38,135.2,43.7,91.6,True,fuel_week,2,True,"C1,C3 | Delta=91.6 | Offer_price=156.0"
SEP-2025,2025-09-15,11,2025-09-15 04:00:00,RWE Supply & Trad~1.DIDCB5.LL,DIDCB5,CCGT,Trade,156.0,0.0,-20.1,190.0,0.0,1,29640.0,0.0,-29640.0,PG_Constraint_Import,SYSTEM,VSCENTRAL,EW,Trades and BM Actions,VOLTAGE CONTROL,N,-12.74,6.67,6.7,ID_MAX,149.3,141.79,True,158.0,False,2025,38,135.2,43.7,91.6,True,fuel_week,2,True,"C1,C3 | Delta=91.6 | Offer_price=156.0"
SEP-2025,2025-09-15,12,2025-09-15 04:30:00,RWE Supply & Trad~1.DIDCB5.LL,DIDCB5,CCGT,Trade,156.0,0.0,-18.14,190.0,0.0,1,29640.0,33086.6,3446.6,PG_Constraint_Import,SYSTEM,VSCENTRAL,EW,Trades and BM Actions,VOLTAGE CONTROL,N,-7.67,4.95,5.0,ID_MAX,151.0,141.79,True,158.0,False,2025,38,135.2,43.7,91.6,True,fuel_week,2,True,"C1,C3 | Delta=91.6 | Offer_price=156.0"
SEP-2025,2025-09-16,1,2025-09-15 23:00:00,SSE Energy Supply~1.MRWD-1.LL,MRWD-1,GAS,Trade,167.5,0.0,-13.16,225.0,0.0,1,37687.5,20466.403,-17221.097,PG_Constraint_Import,SYSTEM,VSCENTRAL,EW,Trades and BM Actions,VOLTAGE CONTROL,N,1.34,20.68,20.7,ID_MAX,146.8,166.4,False,146.8,True,2025,38,146.4,27.0,119.4,True,bmu,2,True,"C2,C3 | Abs_threshold=146.8 | Delta=119.4 | Offer_price=167.5"
SEP-2025,2025-09-16,3,2025-09-16 00:00:00,SSE Energy Supply~1.MRWD-1.LL,MRWD-1,GAS,Trade,167.5,0.0,-4.99,225.0,0.0,1,37687.5,19557.624,-18129.876,PG_Constraint_Import,SYSTEM,VSCENTRAL,EW,Trades and BM Actions,VOLTAGE CONTROL,N,-2.73,15.71,15.7,ID_MAX,151.8,166.4,False,146.8,True,2025,38,146.4,27.0,119.4,True,bmu,2,True,"C2,C3 | Abs_threshold=146.8 | Delta=119.4 | Offer_price=167.5"
SEP-2025,2025-09-16,4,2025-09-16 00:30:00,SSE Energy Supply~1.MRWD-1.LL,MRWD-1,GAS,Trade,167.5,0.0,-15.17,225.0,0.0,1,37687.5,20660.223,-17027.277,PG_Constraint_Import,SYSTEM,VSCENTRAL,EW,Trades and BM Actions,VOLTAGE CONTROL,N,-3.8,17.37,17.4,ID_MAX,150.1,166.4,False,146.8,True,2025,38,146.4,27.0,119.4,True,bmu,2,True,"C2,C3 | Abs_threshold=146.8 | Delta=119.4 | Offer_price=167.5"
SEP-2025,2025-09-16,6,2025-09-16 01:30:00,SSE Energy Supply~1.MRWD-1.LL,MRWD-1,GAS,Trade,167.5,0.0,-15.54,225.0,0.0,1,37687.5,15663.89,-22023.61,PG_Constraint_Import,SYSTEM,VSCENTRAL,EW,Trades and BM Actions,VOLTAGE CONTROL,N,-7.86,4.81,4.8,ID_MAX,162.7,166.4,False,146.8,True,2025,38,146.4,27.0,119.4,True,bmu,2,True,"C2,C3 | Abs_threshold=146.8 | Delta=119.4 | Offer_price=167.5"
SEP-2025,2025-09-16,7,2025-09-16 02:00:00,Drax Power Ltd.DRAXX-1.LL,DRAXX-1,BIOMASS,Trade,125.0,0.0,-17.62,150.0,0.0,1,18750.0,4358.4,-14391.6,PG_Constraint_Import,SYSTEM,VDRAX,EW,Trades and BM Actions,VOLTAGE CONTROL,N,-13.98,-2.12,-2.1,ID_MAX,127.1,122.26999999999998,True,127.6,False,2025,38,103.9,55.5,48.4,True,fuel_week,2,True,"C1,C3 | Delta=48.4 | Offer_price=125.0"
SEP-2025,2025-09-16,7,2025-09-16 02:00:00,SSE Energy Supply~1.MRWD-1.LL,MRWD-1,GAS,Trade,167.5,0.0,-17.62,225.0,0.0,1,37687.5,19765.12,-17922.38,PG_Constraint_Import,SYSTEM,VSCENTRAL,EW,Trades and BM Actions,VOLTAGE CONTROL,N,-13.98,-2.12,-2.1,ID_MAX,169.6,166.4,True,146.8,True,2025,38,146.4,27.0,119.4,True,bmu,3,True,"C1,C2,C3 | Abs_threshold=146.8 | Delta=119.4 | Offer_price=167.5"
SEP-2025,2025-09-16,8,2025-09-16 02:30:00,Drax Power Ltd.DRAXX-1.LL,DRAXX-1,BIOMASS,Trade,125.0,0.0,-9.83,150.0,0.0,1,18750.0,0.0,-18750.0,PG_Constraint_Import,SYSTEM,VDRAX,EW,Trades and BM Actions,VOLTAGE CONTROL,N,-14.98,-2.2,-2.2,ID_MAX,127.2,122.26999999999998,True,127.6,False,2025,38,103.9,55.5,48.4,True,fuel_week,2,True,"C1,C3 | Delta=48.4 | Offer_price=125.0"
SEP-2025,2025-09-16,8,2025-09-16 02:30:00,SSE Energy Supply~1.MRWD-1.LL,MRWD-1,GAS,Trade,167.5,0.0,-9.83,225.0,0.0,1,37687.5,12771.73,-24915.77,PG_Constraint_Import,SYSTEM,VSCENTRAL,EW,Trades and BM Actions,VOLTAGE CONTROL,N,-14.98,-2.2,-2.2,ID_MAX,169.7,166.4,True,146.8,True,2025,38,146.4,27.0,119.4,True,bmu,3,True,"C1,C2,C3 | Abs_threshold=146.8 | Delta=119.4 | Offer_price=167.5"
SEP-2025,2025-09-16,9,2025-09-16 03:00:00,SSE Energy Supply~1.MRWD-1.LL,MRWD-1,GAS,Trade,167.5,0.0,-0.5,225.0,0.0,1,37687.5,14240.25,-23447.25,PG_Constraint_Import,SYSTEM,VSCENTRAL,EW,Trades and BM Actions,VOLTAGE CONTROL,N,-4.92,12.92,12.9,ID_MAX,154.6,166.4,False,146.8,True,2025,38,146.4,27.0,119.4,True,bmu,2,True,"C2,C3 | Abs_threshold=146.8 | Delta=119.4 | Offer_price=167.5"
SEP-2025,2025-09-30,35,2025-09-30 16:00:00,Danske Commoditie~1.ING-DSKC1.LL,ING-DSKC1,INTERCONNECTOR,Trade,183.365,0.0,104.14,50.0,0.0,1,9168.25,3961.25,-5207.0,PG_Constraint_Import,SYSTEM,SEIMPPR33,EW,Trades and BM Actions,BRAMLEY - WEST WEYBRIDGE 1 CCT,P,114.45,138.11,138.1,ID_MAX,45.3,44.675000000000004,True,147.3,False,2025,40,38.8,2.9,35.8,True,fuel_week,2,True,"C1,C3 | Delta=35.8 | Offer_price=183.4"
SEP-2025,2025-09-30,35,2025-09-30 16:00:00,PowerMart ApS.ING-PWMR1.LL,ING-PWMR1,INTERCONNECTOR,Trade,182.85,0.0,104.14,250.0,0.0,1,45712.5,19677.5,-26035.0,PG_Constraint_Import,SYSTEM,SEIMPPR33,EW,Trades and BM Actions,BRAMLEY - WEST WEYBRIDGE 1 CCT,P,114.45,138.11,138.1,ID_MAX,44.7,44.675000000000004,True,147.3,False,2025,40,34.8,2.9,32.0,True,fuel_week,2,True,"C1,C3 | Delta=32.0 | Offer_price=182.8"
