SETTLEMENT_DATE,SETTLEMENT_PERIOD,GMT_FROM,LOCAL_DATETIME,MONTH_YEAR,WEEK_YEAR,COUNTERPARTY,BMU_ID,FUEL_TYPE,OFFER_PRICE,OFFER_VOLUME_MWH,BOPAIR_ID,REASON_CODE,CONSTRAINT_GROUP,CONSTRAINT_REASON,HH_WAP,HIGH_TRADED_PRICE,REFERENCE_PRICE,SPREAD,P_SELF_USED,COND_1,THR_FUEL,COND_2,MED_SPREAD_CON,MED_SPREAD_UNCON,SPREAD_DIFF,COND_3,D_REF,N_CONDITIONS_TRUE,ENSEMBLE,WHY,UNIQUE_ID
2025-09-01,1,2025-08-31 23:00:00,2025-09-01 00:00:00,SEP-2025,,Danske Commoditie~1.IFG-DSKC1.LL,IFG-DSKC1,INTERCONNECTOR,48.09,25.0,1,PG_Constraint_Import,SEIMPPR23,Trades and BM Actions,33.31,48.71,48.7,-0.6,44.675000000000004,False,147.3,False,-2.2,6.2,-8.4,False,fuel_day,0,False,,2025090101
2025-09-01,1,2025-08-31 23:00:00,2025-09-01 00:00:00,SEP-2025,,EDF Trading Ltd.IFG-EDFT1.LL,IFG-EDFT1,INTERCONNECTOR,50.5,16.5,1,PG_Constraint_Import,SEIMPPR23,Trades and BM Actions,33.31,48.71,48.7,1.8,44.675000000000004,False,147.3,False,-1.8,6.2,-8.0,False,fuel_day,0,False,,2025090102
2025-09-01,1,2025-08-31 23:00:00,2025-09-01 00:00:00,SEP-2025,,MFT Energy A/S.ING-MFTE1.LL,ING-MFTE1,INTERCONNECTOR,49.69,49.5,1,PG_Constraint_Import,SEIMPPR23,Trades and BM Actions,33.31,48.71,48.7,1.0,44.675000000000004,False,147.3,False,-1.3,17.8,-19.0,False,bmu,0,False,,2025090103
2025-09-01,1,2025-08-31 23:00:00,2025-09-01 00:00:00,SEP-2025,,Outlook Energy Ltd.IFG-OUTL1.LL,IFG-OUTL1,INTERCONNECTOR,47.028,74.0,1,PG_Constraint_Import,SEIMPPR23,Trades and BM Actions,33.31,48.71,48.7,-1.7,44.675000000000004,False,147.3,False,-2.7,6.2,-8.9,False,fuel_day,0,False,,2025090104
2025-09-01,1,2025-08-31 23:00:00,2025-09-01 00:00:00,SEP-2025,,Outlook Energy Ltd.ILG-OUTL1.LL,ILG-OUTL1,INTERCONNECTOR,49.93,35.0,1,PG_Constraint_Import,SEIMPPR23,Trades and BM Actions,33.31,48.71,48.7,1.2,44.675000000000004,False,147.3,False,0.2,6.2,-6.0,False,fuel_day,0,False,,2025090105
2025-09-01,1,2025-08-31 23:00:00,2025-09-01 00:00:00,SEP-2025,,RWE Supply & Trad~1.DIDCB5.LL,DIDCB5,CCGT,145.0,190.0,1,PG_Constraint_Import,VSCENTRAL,Trades and BM Actions,33.31,48.71,48.7,96.3,141.79,False,158.0,False,92.2,49.2,43.0,True,bmu,1,False,,2025090106
2025-09-01,2,2025-08-31 23:30:00,2025-09-01 00:30:00,SEP-2025,,Danske Commoditie~1.IFG-DSKC1.LL,IFG-DSKC1,INTERCONNECTOR,48.09,25.0,1,PG_Constraint_Import,SEIMPPR23,Trades and BM Actions,23.21,50.76,50.8,-2.7,44.675000000000004,False,147.3,False,-2.2,6.2,-8.4,False,fuel_day,0,False,,2025090107
2025-09-01,2,2025-08-31 23:30:00,2025-09-01 00:30:00,SEP-2025,,EDF Trading Ltd.IFG-EDFT1.LL,IFG-EDFT1,INTERCONNECTOR,50.5,16.5,1,PG_Constraint_Import,SEIMPPR23,Trades and BM Actions,23.21,50.76,50.8,-0.3,44.675000000000004,False,147.3,False,-1.8,6.2,-8.0,False,fuel_day,0,False,,2025090108
2025-09-01,2,2025-08-31 23:30:00,2025-09-01 00:30:00,SEP-2025,,MFT Energy A/S.ING-MFTE1.LL,ING-MFTE1,INTERCONNECTOR,49.69,49.5,1,PG_Constraint_Import,SEIMPPR23,Trades and BM Actions,23.21,50.76,50.8,-1.1,44.675000000000004,False,147.3,False,-1.3,17.8,-19.0,False,bmu,0,False,,2025090109
2025-09-01,2,2025-08-31 23:30:00,2025-09-01 00:30:00,SEP-2025,,Outlook Energy Ltd.IFG-OUTL1.LL,IFG-OUTL1,INTERCONNECTOR,47.028,74.0,1,PG_Constraint_Import,SEIMPPR23,Trades and BM Actions,23.21,50.76,50.8,-3.7,44.675000000000004,False,147.3,False,-2.7,6.2,-8.9,False,fuel_day,0,False,,2025090110
2025-09-01,2,2025-08-31 23:30:00,2025-09-01 00:30:00,SEP-2025,,Outlook Energy Ltd.ILG-OUTL1.LL,ILG-OUTL1,INTERCONNECTOR,49.93,35.0,1,PG_Constraint_Import,SEIMPPR23,Trades and BM Actions,23.21,50.76,50.8,-0.8,44.675000000000004,False,147.3,False,0.2,6.2,-6.0,False,fuel_day,0,False,,2025090111
2025-09-01,2,2025-08-31 23:30:00,2025-09-01 00:30:00,SEP-2025,,RWE Supply & Trad~1.DIDCB5.LL,DIDCB5,CCGT,145.0,190.0,1,PG_Constraint_Import,VSCENTRAL,Trades and BM Actions,23.21,50.76,50.8,94.2,141.79,False,158.0,False,92.2,49.2,43.0,True,bmu,1,False,,2025090112
2025-09-01,3,2025-09-01 00:00:00,2025-09-01 01:00:00,SEP-2025,,Danske Commoditie~1.IFG-DSKC1.LL,IFG-DSKC1,INTERCONNECTOR,42.485,25.0,1,PG_Constraint_Import,SEIMPPR23,Trades and BM Actions,24.25,44.09,44.1,-1.6,44.675000000000004,False,147.3,False,-2.2,6.2,-8.4,False,fuel_day,0,False,,2025090113
2025-09-01,3,2025-09-01 00:00:00,2025-09-01 01:00:00,SEP-2025,,EDF Trading Ltd.IFG-EDFT1.LL,IFG-EDFT1,INTERCONNECTOR,44.589,74.5,1,PG_Constraint_Import,SEIMPPR23,Trades and BM Actions,24.25,44.09,44.1,0.5,44.675000000000004,False,147.3,False,-1.8,6.2,-8.0,False,fuel_day,0,False,,2025090114
2025-09-01,3,2025-09-01 00:00:00,2025-09-01 01:00:00,SEP-2025,,MFT Energy A/S.ING-MFTE1.LL,ING-MFTE1,INTERCONNECTOR,42.59,51.0,1,PG_Constraint_Import,SEIMPPR23,Trades and BM Actions,24.25,44.09,44.1,-1.5,44.675000000000004,False,147.3,False,-1.3,17.8,-19.0,False,bmu,0,False,,2025090115
2025-09-01,3,2025-09-01 00:00:00,2025-09-01 01:00:00,SEP-2025,,Outlook Energy Ltd.IFG-OUTL1.LL,IFG-OUTL1,INTERCONNECTOR,43.426,49.5,1,PG_Constraint_Import,SEIMPPR23,Trades and BM Actions,24.25,44.09,44.1,-0.7,44.675000000000004,False,147.3,False,-2.7,6.2,-8.9,False,fuel_day,0,False,,2025090116
2025-09-01,3,2025-09-01 00:00:00,2025-09-01 01:00:00,SEP-2025,,RWE Supply & Trad~1.DIDCB5.LL,DIDCB5,CCGT,145.0,190.0,1,PG_Constraint_Import,VSCENTRAL,Trades and BM Actions,24.25,44.09,44.1,100.9,141.79,False,158.0,False,92.2,49.2,43.0,True,bmu,1,False,,2025090117
2025-09-01,4,2025-09-01 00:30:00,2025-09-01 01:30:00,SEP-2025,,Danske Commoditie~1.IFG-DSKC1.LL,IFG-DSKC1,INTERCONNECTOR,42.485,25.0,1,PG_Constraint_Import,SEIMPPR23,Trades and BM Actions,23.44,47.74,47.7,-5.3,44.675000000000004,False,147.3,False,-2.2,6.2,-8.4,False,fuel_day,0,False,,2025090118
2025-09-01,4,2025-09-01 00:30:00,2025-09-01 01:30:00,SEP-2025,,EDF Trading Ltd.IFG-EDFT1.LL,IFG-EDFT1,INTERCONNECTOR,44.589,74.5,1,PG_Constraint_Import,SEIMPPR23,Trades and BM Actions,23.44,47.74,47.7,-3.2,44.675000000000004,False,147.3,False,-1.8,6.2,-8.0,False,fuel_day,0,False,,2025090119
2025-09-01,4,2025-09-01 00:30:00,2025-09-01 01:30:00,SEP-2025,,MFT Energy A/S.ING-MFTE1.LL,ING-MFTE1,INTERCONNECTOR,42.59,51.0,1,PG_Constraint_Import,SEIMPPR23,Trades and BM Actions,23.44,47.74,47.7,-5.1,44.675000000000004,False,147.3,False,-1.3,17.8,-19.0,False,bmu,0,False,,2025090120
2025-09-01,4,2025-09-01 00:30:00,2025-09-01 01:30:00,SEP-2025,,Outlook Energy Ltd.IFG-OUTL1.LL,IFG-OUTL1,INTERCONNECTOR,43.426,49.5,1,PG_Constraint_Import,SEIMPPR23,Trades and BM Actions,23.44,47.74,47.7,-4.3,44.675000000000004,False,147.3,False,-2.7,6.2,-8.9,False,fuel_day,0,False,,2025090121
2025-09-01,4,2025-09-01 00:30:00,2025-09-01 01:30:00,SEP-2025,,RWE Supply & Trad~1.DIDCB5.LL,DIDCB5,CCGT,145.0,190.0,1,PG_Constraint_Import,VSCENTRAL,Trades and BM Actions,23.44,47.74,47.7,97.3,141.79,False,158.0,False,92.2,49.2,43.0,True,bmu,1,False,,2025090122
2025-09-01,5,2025-09-01 01:00:00,2025-09-01 02:00:00,SEP-2025,,EDF Trading Ltd.IFG-EDFT1.LL,IFG-EDFT1,INTERCONNECTOR,23.475,100.0,1,PG_Constraint_Import,SEIMPPR23,Trades and BM Actions,22.0,54.88,54.9,-31.4,44.675000000000004,False,147.3,False,-1.8,6.2,-8.0,False,fuel_day,0,False,,2025090123
2025-09-01,5,2025-09-01 01:00:00,2025-09-01 02:00:00,SEP-2025,,RWE Supply & Trad~1.DIDCB5.LL,DIDCB5,CCGT,145.0,190.0,1,PG_Constraint_Import,VSCENTRAL,Trades and BM Actions,22.0,54.88,54.9,90.1,141.79,False,158.0,False,92.2,49.2,43.0,True,bmu,1,False,,2025090124
2025-09-01,6,2025-09-01 01:30:00,2025-09-01 02:30:00,SEP-2025,,EDF Trading Ltd.IFG-EDFT1.LL,IFG-EDFT1,INTERCONNECTOR,23.475,100.0,1,PG_Constraint_Import,SEIMPPR23,Trades and BM Actions,20.8,31.54,31.5,-8.1,44.675000000000004,False,147.3,False,-1.8,6.2,-8.0,False,fuel_day,0,False,,2025090125
2025-09-01,6,2025-09-01 01:30:00,2025-09-01 02:30:00,SEP-2025,,RWE Supply & Trad~1.DIDCB5.LL,DIDCB5,CCGT,145.0,190.0,1,PG_Constraint_Import,VSCENTRAL,Trades and BM Actions,20.8,31.54,31.5,113.5,141.79,False,158.0,False,92.2,49.2,43.0,True,bmu,1,False,,2025090126
2025-09-01,7,2025-09-01 02:00:00,2025-09-01 03:00:00,SEP-2025,,RWE Supply & Trad~1.DIDCB5.LL,DIDCB5,CCGT,145.0,190.0,1,PG_Constraint_Import,VSCENTRAL,Trades and BM Actions,19.07,40.0,40.0,105.0,141.79,False,158.0,False,92.2,49.2,43.0,True,bmu,1,False,,2025090127
2025-09-01,8,2025-09-01 02:30:00,2025-09-01 03:30:00,SEP-2025,,RWE Supply & Trad~1.DIDCB5.LL,DIDCB5,CCGT,145.0,190.0,1,PG_Constraint_Import,VSCENTRAL,Trades and BM Actions,24.47,42.63,42.6,102.4,141.79,False,158.0,False,92.2,49.2,43.0,True,bmu,1,False,,2025090128
2025-09-01,9,2025-09-01 03:00:00,2025-09-01 04:00:00,SEP-2025,,RWE Supply & Trad~1.DIDCB5.LL,DIDCB5,CCGT,145.0,190.0,1,PG_Constraint_Import,VSCENTRAL,Trades and BM Actions,35.71,55.65,55.6,89.4,141.79,False,158.0,False,92.2,49.2,43.0,True,bmu,1,False,,2025090129
2025-09-01,10,2025-09-01 03:30:00,2025-09-01 04:30:00,SEP-2025,,RWE Supply & Trad~1.DIDCB5.LL,DIDCB5,CCGT,145.0,190.0,1,PG_Constraint_Import,VSCENTRAL,Trades and BM Actions,45.01,66.0,66.0,79.0,141.79,False,158.0,False,92.2,49.2,43.0,True,bmu,1,False,,2025090130
2025-09-01,11,2025-09-01 04:00:00,2025-09-01 05:00:00,SEP-2025,,RWE Supply & Trad~1.DIDCB5.LL,DIDCB5,CCGT,145.0,190.0,1,PG_Constraint_Import,VSCENTRAL,Trades and BM Actions,55.58,76.03,76.0,69.0,141.79,False,158.0,False,92.2,49.2,43.0,True,bmu,1,False,,2025090131
2025-09-01,12,2025-09-01 04:30:00,2025-09-01 05:30:00,SEP-2025,,RWE Supply & Trad~1.DIDCB5.LL,DIDCB5,CCGT,145.0,190.0,1,PG_Constraint_Import,VSCENTRAL,Trades and BM Actions,67.33,92.99,93.0,52.0,141.79,False,158.0,False,92.2,49.2,43.0,True,bmu,1,False,,2025090132
2025-09-01,13,2025-09-01 05:00:00,2025-09-01 06:00:00,SEP-2025,,RWE Supply & Trad~1.DIDCB5.LL,DIDCB5,CCGT,145.0,190.0,1,PG_Constraint_Import,VSCENTRAL,Trades and BM Actions,70.92,89.97,90.0,55.0,141.79,False,158.0,False,92.2,49.2,43.0,True,bmu,1,False,,2025090133
2025-09-01,14,2025-09-01 05:30:00,2025-09-01 06:30:00,SEP-2025,,RWE Supply & Trad~1.DIDCB5.LL,DIDCB5,CCGT,145.0,190.0,1,PG_Constraint_Import,VSCENTRAL,Trades and BM Actions,85.5,98.0,98.0,47.0,141.79,False,158.0,False,92.2,49.2,43.0,True,bmu,1,False,,2025090134
2025-09-03,47,2025-09-03 22:00:00,2025-09-03 23:00:00,SEP-2025,,SSE Energy Supply~1.MRWD-1.LL,MRWD-1,GAS,125.0,225.0,1,PG_Constraint_Import,VSCENTRAL,Trades and BM Actions,79.99,102.78,102.8,22.2,166.4,False,146.8,False,27.7,0.0,27.7,False,bmu,0,False,,2025090301
2025-09-03,48,2025-09-03 22:30:00,2025-09-03 23:30:00,SEP-2025,,SSE Energy Supply~1.MRWD-1.LL,MRWD-1,GAS,125.0,225.0,1,PG_Constraint_Import,VSCENTRAL,Trades and BM Actions,65.54,91.78,91.8,33.2,166.4,False,146.8,False,27.7,0.0,27.7,False,bmu,0,False,,2025090302
2025-09-04,1,2025-09-03 23:00:00,2025-09-04 00:00:00,SEP-2025,,SSE Energy Supply~1.MRWD-1.LL,MRWD-1,GAS,125.0,225.0,1,PG_Constraint_Import,VSCENTRAL,Trades and BM Actions,64.36,80.25,80.2,44.8,166.4,False,146.8,False,45.0,-4.2,49.2,True,bmu,1,False,,2025090401
2025-09-04,2,2025-09-03 23:30:00,2025-09-04 00:30:00,SEP-2025,,SSE Energy Supply~1.MRWD-1.LL,MRWD-1,GAS,125.0,225.0,1,PG_Constraint_Import,VSCENTRAL,Trades and BM Actions,61.04,75.61,75.6,49.4,166.4,False,146.8,False,45.0,-4.2,49.2,True,bmu,1,False,,2025090402
2025-09-04,3,2025-09-04 00:00:00,2025-09-04 01:00:00,SEP-2025,,SSE Energy Supply~1.MRWD-1.LL,MRWD-1,GAS,125.0,225.0,1,PG_Constraint_Import,VSCENTRAL,Trades and BM Actions,60.1,74.17,74.2,50.8,166.4,False,146.8,False,45.0,-4.2,49.2,True,bmu,1,False,,2025090403
2025-09-04,4,2025-09-04 00:30:00,2025-09-04 01:30:00,SEP-2025,,SSE Energy Supply~1.MRWD-1.LL,MRWD-1,GAS,125.0,225.0,1,PG_Constraint_Import,VSCENTRAL,Trades and BM Actions,63.53,79.22,79.2,45.8,166.4,False,146.8,False,45.0,-4.2,49.2,True,bmu,1,False,,2025090404
2025-09-04,5,2025-09-04 01:00:00,2025-09-04 02:00:00,SEP-2025,,SSE Energy Supply~1.MRWD-1.LL,MRWD-1,GAS,125.0,225.0,1,PG_Constraint_Import,VSCENTRAL,Trades and BM Actions,64.97,81.65,81.6,43.3,166.4,False,146.8,False,45.0,-4.2,49.2,True,bmu,1,False,,2025090405
2025-09-04,6,2025-09-04 01:30:00,2025-09-04 02:30:00,SEP-2025,,SSE Energy Supply~1.MRWD-1.LL,MRWD-1,GAS,125.0,225.0,1,PG_Constraint_Import,VSCENTRAL,Trades and BM Actions,68.42,79.58,79.6,45.4,166.4,False,146.8,False,45.0,-4.2,49.2,True,bmu,1,False,,2025090406
2025-09-04,7,2025-09-04 02:00:00,2025-09-04 03:00:00,SEP-2025,,SSE Energy Supply~1.MRWD-1.LL,MRWD-1,GAS,125.0,225.0,1,PG_Constraint_Import,VSCENTRAL,Trades and BM Actions,66.44,79.8,79.8,45.2,166.4,False,146.8,False,45.0,-4.2,49.2,True,bmu,1,False,,2025090407
2025-09-04,8,2025-09-04 02:30:00,2025-09-04 03:30:00,SEP-2025,,SSE Energy Supply~1.MRWD-1.LL,MRWD-1,GAS,125.0,225.0,1,PG_Constraint_Import,VSCENTRAL,Trades and BM Actions,69.44,82.98,83.0,42.0,166.4,False,146.8,False,45.0,-4.2,49.2,True,bmu,1,False,,2025090408
2025-09-04,9,2025-09-04 03:00:00,2025-09-04 04:00:00,SEP-2025,,SSE Energy Supply~1.MRWD-1.LL,MRWD-1,GAS,125.0,225.0,1,PG_Constraint_Import,VSCENTRAL,Trades and BM Actions,62.99,79.27,79.3,45.7,166.4,False,146.8,False,45.0,-4.2,49.2,True,bmu,1,False,,2025090409
2025-09-04,10,2025-09-04 03:30:00,2025-09-04 04:30:00,SEP-2025,,SSE Energy Supply~1.MRWD-1.LL,MRWD-1,GAS,125.0,225.0,1,PG_Constraint_Import,VSCENTRAL,Trades and BM Actions,60.11,77.45,77.4,47.6,166.4,False,146.8,False,45.0,-4.2,49.2,True,bmu,1,False,,2025090410
2025-09-04,11,2025-09-04 04:00:00,2025-09-04 05:00:00,SEP-2025,,SSE Energy Supply~1.MRWD-1.LL,MRWD-1,GAS,125.0,225.0,1,PG_Constraint_Import,VSCENTRAL,Trades and BM Actions,84.42,103.68,103.7,21.3,166.4,False,146.8,False,45.0,-4.2,49.2,True,bmu,1,False,,2025090411
2025-09-04,12,2025-09-04 04:30:00,2025-09-04 05:30:00,SEP-2025,,SSE Energy Supply~1.MRWD-1.LL,MRWD-1,GAS,125.0,225.0,1,PG_Constraint_Import,VSCENTRAL,Trades and BM Actions,88.2,107.46,107.5,17.5,166.4,False,146.8,False,45.0,-4.2,49.2,True,bmu,1,False,,2025090412
2025-09-04,13,2025-09-04 05:00:00,2025-09-04 06:00:00,SEP-2025,,SSE Energy Supply~1.MRWD-1.LL,MRWD-1,GAS,125.0,225.0,1,PG_Constraint_Import,VSCENTRAL,Trades and BM Actions,99.44,113.69,113.7,11.3,166.4,False,146.8,False,45.0,-4.2,49.2,True,bmu,1,False,,2025090413
2025-09-04,14,2025-09-04 05:30:00,2025-09-04 06:30:00,SEP-2025,,SSE Energy Supply~1.MRWD-1.LL,MRWD-1,GAS,125.0,225.0,1,PG_Constraint_Import,VSCENTRAL,Trades and BM Actions,98.83,113.77,113.8,11.2,166.4,False,146.8,False,45.0,-4.2,49.2,True,bmu,1,False,,2025090414
2025-09-06,45,2025-09-06 21:00:00,2025-09-06 22:00:00,SEP-2025,,SSE Energy Supply~1.MRWD-1.LL,MRWD-1,GAS,135.0,225.0,1,PG_Constraint_Import,VSCENTRAL,Trades and BM Actions,-1.02,16.66,16.7,118.3,166.4,False,146.8,False,115.4,17.2,98.2,True,fuel_week,1,False,,2025090601
2025-09-06,45,2025-09-06 21:00:00,2025-09-06 22:00:00,SEP-2025,,Shell Energy Euro~1.SEAB-2.LL,SEAB-2,CCGT,159.0,120.0,1,PG_Constraint_Import,VSCENTRAL,Trades and BM Actions,-1.02,16.66,16.7,142.3,154.6,False,158.0,False,139.4,4.2,135.2,True,fuel_day,1,False,,2025090602
2025-09-06,46,2025-09-06 21:30:00,2025-09-06 22:30:00,SEP-2025,,SSE Energy Supply~1.MRWD-1.LL,MRWD-1,GAS,135.0,225.0,1,PG_Constraint_Import,VSCENTRAL,Trades and BM Actions,-6.53,3.75,3.8,131.2,166.4,False,146.8,False,115.4,17.2,98.2,True,fuel_week,1,False,,2025090603
2025-09-06,46,2025-09-06 21:30:00,2025-09-06 22:30:00,SEP-2025,,Shell Energy Euro~1.SEAB-2.LL,SEAB-2,CCGT,159.0,120.0,1,PG_Constraint_Import,VSCENTRAL,Trades and BM Actions,-6.53,3.75,3.8,155.2,154.6,True,158.0,False,139.4,4.2,135.2,True,fuel_day,2,True,"C1,C3 | Delta=135.2 | Offer_price=159.0",2025090604
2025-09-06,47,2025-09-06 22:00:00,2025-09-06 23:00:00,SEP-2025,,SSE Energy Supply~1.MRWD-1.LL,MRWD-1,GAS,135.0,225.0,1,PG_Constraint_Import,VSCENTRAL,Trades and BM Actions,-4.9,22.38,22.4,112.6,166.4,False,146.8,False,115.4,17.2,98.2,True,fuel_week,1,False,,2025090605
2025-09-06,47,2025-09-06 22:00:00,2025-09-06 23:00:00,SEP-2025,,Shell Energy Euro~1.SEAB-2.LL,SEAB-2,CCGT,159.0,120.0,1,PG_Constraint_Import,VSCENTRAL,Trades and BM Actions,-4.9,22.38,22.4,136.6,154.6,False,158.0,False,139.4,4.2,135.2,True,fuel_day,1,False,,2025090606
2025-09-06,48,2025-09-06 22:30:00,2025-09-06 23:30:00,SEP-2025,,SSE Energy Supply~1.MRWD-1.LL,MRWD-1,GAS,135.0,225.0,1,PG_Constraint_Import,VSCENTRAL,Trades and BM Actions,-2.64,25.0,25.0,110.0,166.4,False,146.8,False,115.4,17.2,98.2,True,fuel_week,1,False,,2025090607
2025-09-06,48,2025-09-06 22:30:00,2025-09-06 23:30:00,SEP-2025,,Shell Energy Euro~1.SEAB-2.LL,SEAB-2,CCGT,159.0,120.0,1,PG_Constraint_Import,VSCENTRAL,Trades and BM Actions,-2.64,25.0,25.0,134.0,154.6,False,158.0,False,139.4,4.2,135.2,True,fuel_day,1,False,,2025090608
2025-09-07,1,2025-09-06 23:00:00,2025-09-07 00:00:00,SEP-2025,,SSE Energy Supply~1.MRWD-1.LL,MRWD-1,GAS,135.0,225.0,1,PG_Constraint_Import,VSCENTRAL,Trades and BM Actions,6.37,5000.0,5000.0,-4865.0,166.4,False,146.8,False,97.2,17.2,80.0,True,fuel_week,1,False,,2025090701
2025-09-07,1,2025-09-06 23:00:00,2025-09-07 00:00:00,SEP-2025,,Shell Energy Euro~1.SEAB-2.LL,SEAB-2,CCGT,159.0,120.0,1,PG_Constraint_Import,VSCENTRAL,Trades and BM Actions,6.37,5000.0,5000.0,-4841.0,154.6,False,158.0,False,121.2,70.2,51.0,True,bmu,1,False,,2025090702
2025-09-07,2,2025-09-06 23:30:00,2025-09-07 00:30:00,SEP-2025,,SSE Energy Supply~1.MRWD-1.LL,MRWD-1,GAS,135.0,225.0,1,PG_Constraint_Import,VSCENTRAL,Trades and BM Actions,8.52,100.0,100.0,35.0,166.4,False,146.8,False,97.2,17.2,80.0,True,fuel_week,1,False,,2025090703
2025-09-07,2,2025-09-06 23:30:00,2025-09-07 00:30:00,SEP-2025,,Shell Energy Euro~1.SEAB-2.LL,SEAB-2,CCGT,159.0,120.0,1,PG_Constraint_Import,VSCENTRAL,Trades and BM Actions,8.52,100.0,100.0,59.0,154.6,False,158.0,False,121.2,70.2,51.0,True,bmu,1,False,,2025090704
2025-09-07,3,2025-09-07 00:00:00,2025-09-07 01:00:00,SEP-2025,,SSE Energy Supply~1.MRWD-1.LL,MRWD-1,GAS,135.0,225.0,1,PG_Constraint_Import,VSCENTRAL,Trades and BM Actions,6.0,25.32,25.3,109.7,166.4,False,146.8,False,97.2,17.2,80.0,True,fuel_week,1,False,,2025090705
2025-09-07,3,2025-09-07 00:00:00,2025-09-07 01:00:00,SEP-2025,,Shell Energy Euro~1.SEAB-2.LL,SEAB-2,CCGT,159.0,120.0,1,PG_Constraint_Import,VSCENTRAL,Trades and BM Actions,6.0,25.32,25.3,133.7,154.6,False,158.0,False,121.2,70.2,51.0,True,bmu,1,False,,2025090706
2025-09-07,4,2025-09-07 00:30:00,2025-09-07 01:30:00,SEP-2025,,SSE Energy Supply~1.MRWD-1.LL,MRWD-1,GAS,135.0,225.0,1,PG_Constraint_Import,VSCENTRAL,Trades and BM Actions,15.88,73.1,73.1,61.9,166.4,False,146.8,False,97.2,17.2,80.0,True,fuel_week,1,False,,2025090707
2025-09-07,4,2025-09-07 00:30:00,2025-09-07 01:30:00,SEP-2025,,Shell Energy Euro~1.SEAB-2.LL,SEAB-2,CCGT,159.0,120.0,1,PG_Constraint_Import,VSCENTRAL,Trades and BM Actions,15.88,73.1,73.1,85.9,154.6,False,158.0,False,121.2,70.2,51.0,True,bmu,1,False,,2025090708
2025-09-07,5,2025-09-07 01:00:00,2025-09-07 02:00:00,SEP-2025,,SSE Energy Supply~1.MRWD-1.LL,MRWD-1,GAS,135.0,225.0,1,PG_Constraint_Import,VSCENTRAL,Trades and BM Actions,8.76,15.97,16.0,119.0,166.4,False,146.8,False,97.2,17.2,80.0,True,fuel_week,1,False,,2025090709
2025-09-07,5,2025-09-07 01:00:00,2025-09-07 02:00:00,SEP-2025,,Shell Energy Euro~1.SEAB-2.LL,SEAB-2,CCGT,159.0,120.0,1,PG_Constraint_Import,VSCENTRAL,Trades and BM Actions,8.76,15.97,16.0,143.0,154.6,False,158.0,False,121.2,70.2,51.0,True,bmu,1,False,,2025090710
2025-09-07,6,2025-09-07 01:30:00,2025-09-07 02:30:00,SEP-2025,,SSE Energy Supply~1.MRWD-1.LL,MRWD-1,GAS,135.0,225.0,1,PG_Constraint_Import,VSCENTRAL,Trades and BM Actions,10.36,93.69,93.7,41.3,166.4,False,146.8,False,97.2,17.2,80.0,True,fuel_week,1,False,,2025090711
2025-09-07,6,2025-09-07 01:30:00,2025-09-07 02:30:00,SEP-2025,,Shell Energy Euro~1.SEAB-2.LL,SEAB-2,CCGT,159.0,120.0,1,PG_Constraint_Import,VSCENTRAL,Trades and BM Actions,10.36,93.69,93.7,65.3,154.6,False,158.0,False,121.2,70.2,51.0,True,bmu,1,False,,2025090712
2025-09-07,7,2025-09-07 02:00:00,2025-09-07 03:00:00,SEP-2025,,SSE Energy Supply~1.MRWD-1.LL,MRWD-1,GAS,135.0,225.0,1,PG_Constraint_Import,VSCENTRAL,Trades and BM Actions,6.35,36.86,36.9,98.1,166.4,False,146.8,False,97.2,17.2,80.0,True,fuel_week,1,False,,2025090713
2025-09-07,7,2025-09-07 02:00:00,2025-09-07 03:00:00,SEP-2025,,Shell Energy Euro~1.SEAB-2.LL,SEAB-2,CCGT,159.0,120.0,1,PG_Constraint_Import,VSCENTRAL,Trades and BM Actions,6.35,36.86,36.9,122.1,154.6,False,158.0,False,121.2,70.2,51.0,True,bmu,1,False,,2025090714
2025-09-07,8,2025-09-07 02:30:00,2025-09-07 03:30:00,SEP-2025,,SSE Energy Supply~1.MRWD-1.LL,MRWD-1,GAS,135.0,225.0,1,PG_Constraint_Import,VSCENTRAL,Trades and BM Actions,6.39,38.59,38.6,96.4,166.4,False,146.8,False,97.2,17.2,80.0,True,fuel_week,1,False,,2025090715
2025-09-07,8,2025-09-07 02:30:00,2025-09-07 03:30:00,SEP-2025,,Shell Energy Euro~1.SEAB-2.LL,SEAB-2,CCGT,159.0,120.0,1,PG_Constraint_Import,VSCENTRAL,Trades and BM Actions,6.39,38.59,38.6,120.4,154.6,False,158.0,False,121.2,70.2,51.0,True,bmu,1,False,,2025090716
2025-09-07,9,2025-09-07 03:00:00,2025-09-07 04:00:00,SEP-2025,,SSE Energy Supply~1.MRWD-1.LL,MRWD-1,GAS,135.0,225.0,1,PG_Constraint_Import,VSCENTRAL,Trades and BM Actions,11.44,25.43,25.4,109.6,166.4,False,146.8,False,97.2,17.2,80.0,True,fuel_week,1,False,,2025090717
2025-09-07,9,2025-09-07 03:00:00,2025-09-07 04:00:00,SEP-2025,,Shell Energy Euro~1.SEAB-2.LL,SEAB-2,CCGT,159.0,120.0,1,PG_Constraint_Import,VSCENTRAL,Trades and BM Actions,11.44,25.43,25.4,133.6,154.6,False,158.0,False,121.2,70.2,51.0,True,bmu,1,False,,2025090718
2025-09-07,10,2025-09-07 03:30:00,2025-09-07 04:30:00,SEP-2025,,SSE Energy Supply~1.MRWD-1.LL,MRWD-1,GAS,135.0,225.0,1,PG_Constraint_Import,VSCENTRAL,Trades and BM Actions,7.71,27.67,27.7,107.3,166.4,False,146.8,False,97.2,17.2,80.0,True,fuel_week,1,False,,2025090719
2025-09-07,10,2025-09-07 03:30:00,2025-09-07 04:30:00,SEP-2025,,Shell Energy Euro~1.SEAB-2.LL,SEAB-2,CCGT,159.0,120.0,1,PG_Constraint_Import,VSCENTRAL,Trades and BM Actions,7.71,27.67,27.7,131.3,154.6,False,158.0,False,121.2,70.2,51.0,True,bmu,1,False,,2025090720
2025-09-07,11,2025-09-07 04:00:00,2025-09-07 05:00:00,SEP-2025,,SSE Energy Supply~1.MRWD-1.LL,MRWD-1,GAS,135.0,225.0,1,PG_Constraint_Import,VSCENTRAL,Trades and BM Actions,-1.54,4.59,4.6,130.4,166.4,False,146.8,False,97.2,17.2,80.0,True,fuel_week,1,False,,2025090721
2025-09-07,11,2025-09-07 04:00:00,2025-09-07 05:00:00,SEP-2025,,Shell Energy Euro~1.SEAB-2.LL,SEAB-2,CCGT,159.0,120.0,1,PG_Constraint_Import,VSCENTRAL,Trades and BM Actions,-1.54,4.59,4.6,154.4,154.6,False,158.0,False,121.2,70.2,51.0,True,bmu,1,False,,2025090722
2025-09-07,12,2025-09-07 04:30:00,2025-09-07 05:30:00,SEP-2025,,SSE Energy Supply~1.MRWD-1.LL,MRWD-1,GAS,135.0,225.0,1,PG_Constraint_Import,VSCENTRAL,Trades and BM Actions,-2.15,3.84,3.8,131.2,166.4,False,146.8,False,97.2,17.2,80.0,True,fuel_week,1,False,,2025090723
2025-09-07,12,2025-09-07 04:30:00,2025-09-07 05:30:00,SEP-2025,,Shell Energy Euro~1.SEAB-2.LL,SEAB-2,CCGT,159.0,120.0,1,PG_Constraint_Import,VSCENTRAL,Trades and BM Actions,-2.15,3.84,3.8,155.2,154.6,True,158.0,False,121.2,70.2,51.0,True,bmu,2,True,"C1,C3 | Delta=51.0 | Offer_price=159.0",2025090724
2025-09-07,13,2025-09-07 05:00:00,2025-09-07 06:00:00,SEP-2025,,SSE Energy Supply~1.MRWD-1.LL,MRWD-1,GAS,135.0,225.0,1,PG_Constraint_Import,VSCENTRAL,Trades and BM Actions,-0.52,6.54,6.5,128.5,166.4,False,146.8,False,97.2,17.2,80.0,True,fuel_week,1,False,,2025090725
2025-09-07,13,2025-09-07 05:00:00,2025-09-07 06:00:00,SEP-2025,,Shell Energy Euro~1.SEAB-2.LL,SEAB-2,CCGT,159.0,120.0,1,PG_Constraint_Import,VSCENTRAL,Trades and BM Actions,-0.52,6.54,6.5,152.5,154.6,False,158.0,False,121.2,70.2,51.0,True,bmu,1,False,,2025090726
2025-09-07,14,2025-09-07 05:30:00,2025-09-07 06:30:00,SEP-2025,,SSE Energy Supply~1.MRWD-1.LL,MRWD-1,GAS,135.0,225.0,1,PG_Constraint_Import,VSCENTRAL,Trades and BM Actions,11.16,39.78,39.8,95.2,166.4,False,146.8,False,97.2,17.2,80.0,True,fuel_week,1,False,,2025090727
2025-09-07,14,2025-09-07 05:30:00,2025-09-07 06:30:00,SEP-2025,,Shell Energy Euro~1.SEAB-2.LL,SEAB-2,CCGT,159.0,120.0,1,PG_Constraint_Import,VSCENTRAL,Trades and BM Actions,11.16,39.78,39.8,119.2,154.6,False,158.0,False,121.2,70.2,51.0,True,bmu,1,False,,2025090728
2025-09-07,15,2025-09-07 06:00:00,2025-09-07 07:00:00,SEP-2025,,SSE Energy Supply~1.MRWD-1.LL,MRWD-1,GAS,135.0,225.0,1,PG_Constraint_Import,VSCENTRAL,Trades and BM Actions,20.58,59.34,59.3,75.7,166.4,False,146.8,False,97.2,17.2,80.0,True,fuel_week,1,False,,2025090729
2025-09-07,15,2025-09-07 06:00:00,2025-09-07 07:00:00,SEP-2025,,Shell Energy Euro~1.SEAB-2.LL,SEAB-2,CCGT,159.0,120.0,1,PG_Constraint_Import,VSCENTRAL,Trades and BM Actions,20.58,59.34,59.3,99.7,154.6,False,158.0,False,121.2,70.2,51.0,True,bmu,1,False,,2025090730
2025-09-07,16,2025-09-07 06:30:00,2025-09-07 07:30:00,SEP-2025,,SSE Energy Supply~1.MRWD-1.LL,MRWD-1,GAS,135.0,225.0,1,PG_Constraint_Import,VSCENTRAL,Trades and BM Actions,41.6,80.0,80.0,55.0,166.4,False,146.8,False,97.2,17.2,80.0,True,fuel_week,1,False,,2025090731
2025-09-07,16,2025-09-07 06:30:00,2025-09-07 07:30:00,SEP-2025,,Shell Energy Euro~1.SEAB-2.LL,SEAB-2,CCGT,159.0,120.0,1,PG_Constraint_Import,VSCENTRAL,Trades and BM Actions,41.6,80.0,80.0,79.0,154.6,False,158.0,False,121.2,70.2,51.0,True,bmu,1,False,,2025090732
2025-09-10,46,2025-09-10 21:30:00,2025-09-10 22:30:00,SEP-2025,,SSE Energy Supply~1.MRWD-1.LL,MRWD-1,GAS,145.0,225.0,1,PG_Constraint_Import,VSCENTRAL,Trades and BM Actions,10.42,30.24,30.2,114.8,166.4,False,146.8,False,114.8,19.2,95.6,True,bmu,1,False,,2025091001
2025-09-10,47,2025-09-10 22:00:00,2025-09-10 23:00:00,SEP-2025,,SSE Energy Supply~1.MRWD-1.LL,MRWD-1,GAS,145.0,225.0,1,PG_Constraint_Import,VSCENTRAL,Trades and BM Actions,-7.22,20.0,20.0,125.0,166.4,False,146.8,False,114.8,19.2,95.6,True,bmu,1,False,,2025091002
2025-09-10,48,2025-09-10 22:30:00,2025-09-10 23:30:00,SEP-2025,,SSE Energy Supply~1.MRWD-1.LL,MRWD-1,GAS,145.0,225.0,1,PG_Constraint_Import,VSCENTRAL,Trades and BM Actions,-3.38,31.0,31.0,114.0,166.4,False,146.8,False,114.8,19.2,95.6,True,bmu,1,False,,2025091003
2025-09-11,1,2025-09-10 23:00:00,2025-09-11 00:00:00,SEP-2025,,SSE Energy Supply~1.MRWD-1.LL,MRWD-1,GAS,145.0,225.0,1,PG_Constraint_Import,VSCENTRAL,Trades and BM Actions,0.99,20.0,20.0,125.0,166.4,False,146.8,False,127.1,64.6,62.5,True,bmu,1,False,,2025091101
2025-09-11,2,2025-09-10 23:30:00,2025-09-11 00:30:00,SEP-2025,,SSE Energy Supply~1.MRWD-1.LL,MRWD-1,GAS,145.0,225.0,1,PG_Constraint_Import,VSCENTRAL,Trades and BM Actions,-3.03,11.38,11.4,133.6,166.4,False,146.8,False,127.1,64.6,62.5,True,bmu,1,False,,2025091102
2025-09-11,3,2025-09-11 00:00:00,2025-09-11 01:00:00,SEP-2025,,SSE Energy Supply~1.MRWD-1.LL,MRWD-1,GAS,145.0,225.0,1,PG_Constraint_Import,VSCENTRAL,Trades and BM Actions,0.95,23.26,23.3,121.7,166.4,False,146.8,False,127.1,64.6,62.5,True,bmu,1,False,,2025091103
2025-09-11,4,2025-09-11 00:30:00,2025-09-11 01:30:00,SEP-2025,,SSE Energy Supply~1.MRWD-1.LL,MRWD-1,GAS,145.0,225.0,1,PG_Constraint_Import,VSCENTRAL,Trades and BM Actions,6.84,50.17,50.2,94.8,166.4,False,146.8,False,127.1,64.6,62.5,True,bmu,1,False,,2025091104
2025-09-11,5,2025-09-11 01:00:00,2025-09-11 02:00:00,SEP-2025,,SSE Energy Supply~1.MRWD-1.LL,MRWD-1,GAS,145.0,225.0,1,PG_Constraint_Import,VSCENTRAL,Trades and BM Actions,1.64,9.99,10.0,135.0,166.4,False,146.8,False,127.1,64.6,62.5,True,bmu,1,False,,2025091105
2025-09-11,6,2025-09-11 01:30:00,2025-09-11 02:30:00,SEP-2025,,SSE Energy Supply~1.MRWD-1.LL,MRWD-1,GAS,145.0,225.0,1,PG_Constraint_Import,VSCENTRAL,Trades and BM Actions,2.73,11.6,11.6,133.4,166.4,False,146.8,False,127.1,64.6,62.5,True,bmu,1,False,,2025091106
2025-09-11,7,2025-09-11 02:00:00,2025-09-11 03:00:00,SEP-2025,,SSE Energy Supply~1.MRWD-1.LL,MRWD-1,GAS,145.0,225.0,1,PG_Constraint_Import,VSCENTRAL,Trades and BM Actions,5.53,15.77,15.8,129.2,166.4,False,146.8,False,127.1,64.6,62.5,True,bmu,1,False,,2025091107
2025-09-11,8,2025-09-11 02:30:00,2025-09-11 03:30:00,SEP-2025,,SSE Energy Supply~1.MRWD-1.LL,MRWD-1,GAS,145.0,225.0,1,PG_Constraint_Import,VSCENTRAL,Trades and BM Actions,7.29,20.63,20.6,124.4,166.4,False,146.8,False,127.1,64.6,62.5,True,bmu,1,False,,2025091108
2025-09-11,9,2025-09-11 03:00:00,2025-09-11 04:00:00,SEP-2025,,SSE Energy Supply~1.MRWD-1.LL,MRWD-1,GAS,145.0,225.0,1,PG_Constraint_Import,VSCENTRAL,Trades and BM Actions,1.57,20.33,20.3,124.7,166.4,False,146.8,False,127.1,64.6,62.5,True,bmu,1,False,,2025091109
2025-09-11,10,2025-09-11 03:30:00,2025-09-11 04:30:00,SEP-2025,,SSE Energy Supply~1.MRWD-1.LL,MRWD-1,GAS,145.0,225.0,1,PG_Constraint_Import,VSCENTRAL,Trades and BM Actions,-3.11,13.66,13.7,131.3,166.4,False,146.8,False,127.1,64.6,62.5,True,bmu,1,False,,2025091110
2025-09-11,11,2025-09-11 04:00:00,2025-09-11 05:00:00,SEP-2025,,SSE Energy Supply~1.MRWD-1.LL,MRWD-1,GAS,145.0,225.0,1,PG_Constraint_Import,VSCENTRAL,Trades and BM Actions,-1.45,15.0,15.0,130.0,166.4,False,146.8,False,127.1,64.6,62.5,True,bmu,1,False,,2025091111
2025-09-11,12,2025-09-11 04:30:00,2025-09-11 05:30:00,SEP-2025,,SSE Energy Supply~1.MRWD-1.LL,MRWD-1,GAS,145.0,225.0,1,PG_Constraint_Import,VSCENTRAL,Trades and BM Actions,-0.02,26.99,27.0,118.0,166.4,False,146.8,False,127.1,64.6,62.5,True,bmu,1,False,,2025091112
2025-09-11,13,2025-09-11 05:00:00,2025-09-11 06:00:00,SEP-2025,,SSE Energy Supply~1.MRWD-1.LL,MRWD-1,GAS,145.0,225.0,1,PG_Constraint_Import,VSCENTRAL,Trades and BM Actions,10.98,45.39,45.4,99.6,166.4,False,146.8,False,127.1,64.6,62.5,True,bmu,1,False,,2025091113
2025-09-11,14,2025-09-11 05:30:00,2025-09-11 06:30:00,SEP-2025,,SSE Energy Supply~1.MRWD-1.LL,MRWD-1,GAS,145.0,225.0,1,PG_Constraint_Import,VSCENTRAL,Trades and BM Actions,46.85,78.95,79.0,66.0,166.4,False,146.8,False,127.1,64.6,62.5,True,bmu,1,False,,2025091114
2025-09-11,47,2025-09-11 22:00:00,2025-09-11 23:00:00,SEP-2025,,SSE Energy Supply~1.MRWD-1.LL,MRWD-1,GAS,170.0,225.0,1,PG_Constraint_Import,VSCENTRAL,Trades and BM Actions,-0.91,25.0,25.0,145.0,166.4,False,146.8,False,127.1,64.6,62.5,True,bmu,1,False,,2025091115
2025-09-11,48,2025-09-11 22:30:00,2025-09-11 23:30:00,SEP-2025,,SSE Energy Supply~1.MRWD-1.LL,MRWD-1,GAS,170.0,225.0,1,PG_Constraint_Import,VSCENTRAL,Trades and BM Actions,-5.15,15.0,15.0,155.0,166.4,False,146.8,True,127.1,64.6,62.5,True,bmu,2,True,"C2,C3 | Abs_threshold=146.8 | Delta=62.5 | Offer_price=170.0",2025091116
2025-09-12,1,2025-09-11 23:00:00,2025-09-12 00:00:00,SEP-2025,,SSE Energy Supply~1.MRWD-1.LL,MRWD-1,GAS,170.0,225.0,1,PG_Constraint_Import,VSCENTRAL,Trades and BM Actions,-13.28,4.21,4.2,165.8,166.4,False,146.8,True,165.9,90.0,75.9,True,bmu,2,True,"C2,C3 | Abs_threshold=146.8 | Delta=75.9 | Offer_price=170.0",2025091201
2025-09-12,2,2025-09-11 23:30:00,2025-09-12 00:30:00,SEP-2025,,SSE Energy Supply~1.MRWD-1.LL,MRWD-1,GAS,170.0,225.0,1,PG_Constraint_Import,VSCENTRAL,Trades and BM Actions,-11.6,3.55,3.6,166.4,166.4,True,146.8,True,165.9,90.0,75.9,True,bmu,3,True,"C1,C2,C3 | Abs_threshold=146.8 | Delta=75.9 | Offer_price=170.0",2025091202
2025-09-12,3,2025-09-12 00:00:00,2025-09-12 01:00:00,SEP-2025,,SSE Energy Supply~1.MRWD-1.LL,MRWD-1,GAS,170.0,225.0,1,PG_Constraint_Import,VSCENTRAL,Trades and BM Actions,-10.69,3.73,3.7,166.3,166.4,False,146.8,True,165.9,90.0,75.9,True,bmu,2,True,"C2,C3 | Abs_threshold=146.8 | Delta=75.9 | Offer_price=170.0",2025091203
2025-09-12,4,2025-09-12 00:30:00,2025-09-12 01:30:00,SEP-2025,,SSE Energy Supply~1.MRWD-1.LL,MRWD-1,GAS,170.0,225.0,1,PG_Constraint_Import,VSCENTRAL,Trades and BM Actions,-15.98,5.4,5.4,164.6,166.4,False,146.8,True,165.9,90.0,75.9,True,bmu,2,True,"C2,C3 | Abs_threshold=146.8 | Delta=75.9 | Offer_price=170.0",2025091204
2025-09-12,5,2025-09-12 01:00:00,2025-09-12 02:00:00,SEP-2025,,SSE Energy Supply~1.MRWD-1.LL,MRWD-1,GAS,170.0,225.0,1,PG_Constraint_Import,VSCENTRAL,Trades and BM Actions,-14.17,3.2,3.2,166.8,166.4,True,146.8,True,165.9,90.0,75.9,True,bmu,3,True,"C1,C2,C3 | Abs_threshold=146.8 | Delta=75.9 | Offer_price=170.0",2025091205
2025-09-12,6,2025-09-12 01:30:00,2025-09-12 02:30:00,SEP-2025,,SSE Energy Supply~1.MRWD-1.LL,MRWD-1,GAS,170.0,225.0,1,PG_Constraint_Import,VSCENTRAL,Trades and BM Actions,-13.19,1.35,1.4,168.6,166.4,True,146.8,True,165.9,90.0,75.9,True,bmu,3,True,"C1,C2,C3 | Abs_threshold=146.8 | Delta=75.9 | Offer_price=170.0",2025091206
2025-09-12,7,2025-09-12 02:00:00,2025-09-12 03:00:00,SEP-2025,,SSE Energy Supply~1.MRWD-1.LL,MRWD-1,GAS,170.0,225.0,1,PG_Constraint_Import,VSCENTRAL,Trades and BM Actions,-7.94,4.0,4.0,166.0,166.4,False,146.8,True,165.9,90.0,75.9,True,bmu,2,True,"C2,C3 | Abs_threshold=146.8 | Delta=75.9 | Offer_price=170.0",2025091207
2025-09-12,8,2025-09-12 02:30:00,2025-09-12 03:30:00,SEP-2025,,SSE Energy Supply~1.MRWD-1.LL,MRWD-1,GAS,170.0,225.0,1,PG_Constraint_Import,VSCENTRAL,Trades and BM Actions,-7.21,1.99,2.0,168.0,166.4,True,146.8,True,165.9,90.0,75.9,True,bmu,3,True,"C1,C2,C3 | Abs_threshold=146.8 | Delta=75.9 | Offer_price=170.0",2025091208
2025-09-12,9,2025-09-12 03:00:00,2025-09-12 04:00:00,SEP-2025,,SSE Energy Supply~1.MRWD-1.LL,MRWD-1,GAS,170.0,225.0,1,PG_Constraint_Import,VSCENTRAL,Trades and BM Actions,-5.15,3.62,3.6,166.4,166.4,True,146.8,True,165.9,90.0,75.9,True,bmu,3,True,"C1,C2,C3 | Abs_threshold=146.8 | Delta=75.9 | Offer_price=170.0",2025091209
2025-09-12,10,2025-09-12 03:30:00,2025-09-12 04:30:00,SEP-2025,,SSE Energy Supply~1.MRWD-1.LL,MRWD-1,GAS,170.0,225.0,1,PG_Constraint_Import,VSCENTRAL,Trades and BM Actions,-5.17,5.79,5.8,164.2,166.4,False,146.8,True,165.9,90.0,75.9,True,bmu,2,True,"C2,C3 | Abs_threshold=146.8 | Delta=75.9 | Offer_price=170.0",2025091210
2025-09-12,11,2025-09-12 04:00:00,2025-09-12 05:00:00,SEP-2025,,SSE Energy Supply~1.MRWD-1.LL,MRWD-1,GAS,170.0,225.0,1,PG_Constraint_Import,VSCENTRAL,Trades and BM Actions,-5.68,4.99,5.0,165.0,166.4,False,146.8,True,165.9,90.0,75.9,True,bmu,2,True,"C2,C3 | Abs_threshold=146.8 | Delta=75.9 | Offer_price=170.0",2025091211
2025-09-12,12,2025-09-12 04:30:00,2025-09-12 05:30:00,SEP-2025,,SSE Energy Supply~1.MRWD-1.LL,MRWD-1,GAS,170.0,225.0,1,PG_Constraint_Import,VSCENTRAL,Trades and BM Actions,0.55,7.99,8.0,162.0,166.4,False,146.8,True,165.9,90.0,75.9,True,bmu,2,True,"C2,C3 | Abs_threshold=146.8 | Delta=75.9 | Offer_price=170.0",2025091212
2025-09-12,13,2025-09-12 05:00:00,2025-09-12 06:00:00,SEP-2025,,SSE Energy Supply~1.MRWD-1.LL,MRWD-1,GAS,170.0,225.0,1,PG_Constraint_Import,VSCENTRAL,Trades and BM Actions,9.83,20.0,20.0,150.0,166.4,False,146.8,True,165.9,90.0,75.9,True,bmu,2,True,"C2,C3 | Abs_threshold=146.8 | Delta=75.9 | Offer_price=170.0",2025091213
2025-09-12,14,2025-09-12 05:30:00,2025-09-12 06:30:00,SEP-2025,,SSE Energy Supply~1.MRWD-1.LL,MRWD-1,GAS,170.0,225.0,1,PG_Constraint_Import,VSCENTRAL,Trades and BM Actions,20.2,35.23,35.2,134.8,166.4,False,146.8,False,165.9,90.0,75.9,True,bmu,1,False,,2025091214
2025-09-13,44,2025-09-13 20:30:00,2025-09-13 21:30:00,SEP-2025,,RWE Supply & Trad~1.DIDCB5.LL,DIDCB5,CCGT,156.0,190.0,1,PG_Constraint_Import,VSCENTRAL,Trades and BM Actions,89.1,134.2,134.2,21.8,141.79,False,158.0,False,35.4,14.2,21.2,True,fuel_week,1,False,,2025091301
2025-09-13,45,2025-09-13 21:00:00,2025-09-13 22:00:00,SEP-2025,,RWE Supply & Trad~1.DIDCB5.LL,DIDCB5,CCGT,156.0,190.0,1,PG_Constraint_Import,VSCENTRAL,Trades and BM Actions,87.89,136.8,136.8,19.2,141.79,False,158.0,False,35.4,14.2,21.2,True,fuel_week,1,False,,2025091302
2025-09-13,46,2025-09-13 21:30:00,2025-09-13 22:30:00,SEP-2025,,RWE Supply & Trad~1.DIDCB5.LL,DIDCB5,CCGT,156.0,190.0,1,PG_Constraint_Import,VSCENTRAL,Trades and BM Actions,81.84,120.6,120.6,35.4,141.79,False,158.0,False,35.4,14.2,21.2,True,fuel_week,1,False,,2025091303
2025-09-13,47,2025-09-13 22:00:00,2025-09-13 23:00:00,SEP-2025,,RWE Supply & Trad~1.DIDCB5.LL,DIDCB5,CCGT,156.0,190.0,1,PG_Constraint_Import,VSCENTRAL,Trades and BM Actions,80.44,95.04,95.0,61.0,141.79,False,158.0,False,35.4,14.2,21.2,True,fuel_week,1,False,,2025091304
2025-09-13,48,2025-09-13 22:30:00,2025-09-13 23:30:00,SEP-2025,,RWE Supply & Trad~1.DIDCB5.LL,DIDCB5,CCGT,156.0,190.0,1,PG_Constraint_Import,VSCENTRAL,Trades and BM Actions,70.96,83.11,83.1,72.9,141.79,False,158.0,False,35.4,14.2,21.2,True,fuel_week,1,False,,2025091305
2025-09-14,1,2025-09-13 23:00:00,2025-09-14 00:00:00,SEP-2025,,RWE Supply & Trad~1.DIDCB5.LL,DIDCB5,CCGT,156.0,190.0,1,PG_Constraint_Import,VSCENTRAL,Trades and BM Actions,71.78,82.26,82.3,73.7,141.79,False,158.0,False,73.0,14.2,58.8,True,bmu,1,False,,2025091401
2025-09-14,2,2025-09-13 23:30:00,2025-09-14 00:30:00,SEP-2025,,RWE Supply & Trad~1.DIDCB5.LL,DIDCB5,CCGT,156.0,190.0,1,PG_Constraint_Import,VSCENTRAL,Trades and BM Actions,72.76,84.9,84.9,71.1,141.79,False,158.0,False,73.0,14.2,58.8,True,bmu,1,False,,2025091402
2025-09-14,3,2025-09-14 00:00:00,2025-09-14 01:00:00,SEP-2025,,RWE Supply & Trad~1.DIDCB5.LL,DIDCB5,CCGT,156.0,190.0,1,PG_Constraint_Import,VSCENTRAL,Trades and BM Actions,65.41,80.0,80.0,76.0,141.79,False,158.0,False,73.0,14.2,58.8,True,bmu,1,False,,2025091403
2025-09-14,4,2025-09-14 00:30:00,2025-09-14 01:30:00,SEP-2025,,RWE Supply & Trad~1.DIDCB5.LL,DIDCB5,CCGT,156.0,190.0,1,PG_Constraint_Import,VSCENTRAL,Trades and BM Actions,70.67,89.45,89.4,66.6,141.79,False,158.0,False,73.0,14.2,58.8,True,bmu,1,False,,2025091404
2025-09-14,5,2025-09-14 01:00:00,2025-09-14 02:00:00,SEP-2025,,RWE Supply & Trad~1.DIDCB5.LL,DIDCB5,CCGT,156.0,190.0,1,PG_Constraint_Import,VSCENTRAL,Trades and BM Actions,69.98,79.95,80.0,76.0,141.79,False,158.0,False,73.0,14.2,58.8,True,bmu,1,False,,2025091405
2025-09-14,6,2025-09-14 01:30:00,2025-09-14 02:30:00,SEP-2025,,RWE Supply & Trad~1.DIDCB5.LL,DIDCB5,CCGT,156.0,190.0,1,PG_Constraint_Import,VSCENTRAL,Trades and BM Actions,69.16,79.84,79.8,76.2,141.79,False,158.0,False,73.0,14.2,58.8,True,bmu,1,False,,2025091406
2025-09-14,7,2025-09-14 02:00:00,2025-09-14 03:00:00,SEP-2025,,RWE Supply & Trad~1.DIDCB5.LL,DIDCB5,CCGT,156.0,190.0,1,PG_Constraint_Import,VSCENTRAL,Trades and BM Actions,67.69,86.47,86.5,69.5,141.79,False,158.0,False,73.0,14.2,58.8,True,bmu,1,False,,2025091407
2025-09-14,8,2025-09-14 02:30:00,2025-09-14 03:30:00,SEP-2025,,RWE Supply & Trad~1.DIDCB5.LL,DIDCB5,CCGT,156.0,190.0,1,PG_Constraint_Import,VSCENTRAL,Trades and BM Actions,66.74,81.59,81.6,74.4,141.79,False,158.0,False,73.0,14.2,58.8,True,bmu,1,False,,2025091408
2025-09-14,9,2025-09-14 03:00:00,2025-09-14 04:00:00,SEP-2025,,RWE Supply & Trad~1.DIDCB5.LL,DIDCB5,CCGT,156.0,190.0,1,PG_Constraint_Import,VSCENTRAL,Trades and BM Actions,70.12,83.0,83.0,73.0,141.79,False,158.0,False,73.0,14.2,58.8,True,bmu,1,False,,2025091409
2025-09-14,10,2025-09-14 03:30:00,2025-09-14 04:30:00,SEP-2025,,RWE Supply & Trad~1.DIDCB5.LL,DIDCB5,CCGT,156.0,190.0,1,PG_Constraint_Import,VSCENTRAL,Trades and BM Actions,76.86,97.07,97.1,58.9,141.79,False,158.0,False,73.0,14.2,58.8,True,bmu,1,False,,2025091410
2025-09-14,11,2025-09-14 04:00:00,2025-09-14 05:00:00,SEP-2025,,RWE Supply & Trad~1.DIDCB5.LL,DIDCB5,CCGT,156.0,190.0,1,PG_Constraint_Import,VSCENTRAL,Trades and BM Actions,87.23,103.73,103.7,52.3,141.79,False,158.0,False,73.0,14.2,58.8,True,bmu,1,False,,2025091411
2025-09-14,12,2025-09-14 04:30:00,2025-09-14 05:30:00,SEP-2025,,RWE Supply & Trad~1.DIDCB5.LL,DIDCB5,CCGT,156.0,190.0,1,PG_Constraint_Import,VSCENTRAL,Trades and BM Actions,90.49,105.52,105.5,50.5,141.79,False,158.0,False,73.0,14.2,58.8,True,bmu,1,False,,2025091412
2025-09-14,13,2025-09-14 05:00:00,2025-09-14 06:00:00,SEP-2025,,RWE Supply & Trad~1.DIDCB5.LL,DIDCB5,CCGT,156.0,190.0,1,PG_Constraint_Import,VSCENTRAL,Trades and BM Actions,86.17,92.42,92.4,63.6,141.79,False,158.0,False,73.0,14.2,58.8,True,bmu,1,False,,2025091413
2025-09-14,14,2025-09-14 05:30:00,2025-09-14 06:30:00,SEP-2025,,RWE Supply & Trad~1.DIDCB5.LL,DIDCB5,CCGT,156.0,190.0,1,PG_Constraint_Import,VSCENTRAL,Trades and BM Actions,90.6,100.36,100.4,55.6,141.79,False,158.0,False,73.0,14.2,58.8,True,bmu,1,False,,2025091414
2025-09-14,15,2025-09-14 06:00:00,2025-09-14 07:00:00,SEP-2025,,RWE Supply & Trad~1.DIDCB5.LL,DIDCB5,CCGT,156.0,190.0,1,PG_Constraint_Import,VSCENTRAL,Trades and BM Actions,88.85,101.29,101.3,54.7,141.79,False,158.0,False,73.0,14.2,58.8,True,bmu,1,False,,2025091415
2025-09-14,16,2025-09-14 06:30:00,2025-09-14 07:30:00,SEP-2025,,RWE Supply & Trad~1.DIDCB5.LL,DIDCB5,CCGT,156.0,190.0,1,PG_Constraint_Import,VSCENTRAL,Trades and BM Actions,94.3,106.43,106.4,49.6,141.79,False,158.0,False,73.0,14.2,58.8,True,bmu,1,False,,2025091416
2025-09-14,44,2025-09-14 20:30:00,2025-09-14 21:30:00,SEP-2025,,Drax Power Ltd.DRAXX-1.LL,DRAXX-1,BIOMASS,125.0,150.0,1,PG_Constraint_Import,VDRAX,Trades,57.35,80.82,80.8,44.2,122.26999999999998,False,127.6,False,81.7,74.8,6.9,True,fuel_week,1,False,,2025091417
2025-09-14,44,2025-09-14 20:30:00,2025-09-14 21:30:00,SEP-2025,,RWE Supply & Trad~1.DIDCB5.LL,DIDCB5,CCGT,156.0,190.0,1,PG_Constraint_Import,VSCENTRAL,Trades and BM Actions,57.35,80.82,80.8,75.2,141.79,False,158.0,False,73.0,14.2,58.8,True,bmu,1,False,,2025091418
2025-09-14,45,2025-09-14 21:00:00,2025-09-14 22:00:00,SEP-2025,,Drax Power Ltd.DRAXX-1.LL,DRAXX-1,BIOMASS,125.0,150.0,1,PG_Constraint_Import,VDRAX,Trades,56.09,80.34,80.3,44.7,122.26999999999998,False,127.6,False,81.7,74.8,6.9,True,fuel_week,1,False,,2025091419
2025-09-14,45,2025-09-14 21:00:00,2025-09-14 22:00:00,SEP-2025,,RWE Supply & Trad~1.DIDCB5.LL,DIDCB5,CCGT,156.0,190.0,1,PG_Constraint_Import,VSCENTRAL,Trades and BM Actions,56.09,80.34,80.3,75.7,141.79,False,158.0,False,73.0,14.2,58.8,True,bmu,1,False,,2025091420
2025-09-14,46,2025-09-14 21:30:00,2025-09-14 22:30:00,SEP-2025,,Drax Power Ltd.DRAXX-1.LL,DRAXX-1,BIOMASS,125.0,150.0,1,PG_Constraint_Import,VDRAX,Trades,27.73,43.34,43.3,81.7,122.26999999999998,False,127.6,False,81.7,74.8,6.9,True,fuel_week,1,False,,2025091421
2025-09-14,46,2025-09-14 21:30:00,2025-09-14 22:30:00,SEP-2025,,RWE Supply & Trad~1.DIDCB5.LL,DIDCB5,CCGT,156.0,190.0,1,PG_Constraint_Import,VSCENTRAL,Trades and BM Actions,27.73,43.34,43.3,112.7,141.79,False,158.0,False,73.0,14.2,58.8,True,bmu,1,False,,2025091422
2025-09-14,47,2025-09-14 22:00:00,2025-09-14 23:00:00,SEP-2025,,Drax Power Ltd.DRAXX-1.LL,DRAXX-1,BIOMASS,125.0,150.0,1,PG_Constraint_Import,VDRAX,Trades,15.99,28.19,28.2,96.8,122.26999999999998,False,127.6,False,81.7,74.8,6.9,True,fuel_week,1,False,,2025091423
2025-09-14,47,2025-09-14 22:00:00,2025-09-14 23:00:00,SEP-2025,,RWE Supply & Trad~1.DIDCB5.LL,DIDCB5,CCGT,156.0,190.0,1,PG_Constraint_Import,VSCENTRAL,Trades and BM Actions,15.99,28.19,28.2,127.8,141.79,False,158.0,False,73.0,14.2,58.8,True,bmu,1,False,,2025091424
2025-09-14,48,2025-09-14 22:30:00,2025-09-14 23:30:00,SEP-2025,,Drax Power Ltd.DRAXX-1.LL,DRAXX-1,BIOMASS,125.0,150.0,1,PG_Constraint_Import,VDRAX,Trades,7.49,34.86,34.9,90.1,122.26999999999998,False,127.6,False,81.7,74.8,6.9,True,fuel_week,1,False,,2025091425
2025-09-14,48,2025-09-14 22:30:00,2025-09-14 23:30:00,SEP-2025,,RWE Supply & Trad~1.DIDCB5.LL,DIDCB5,CCGT,156.0,190.0,1,PG_Constraint_Import,VSCENTRAL,Trades and BM Actions,7.49,34.86,34.9,121.1,141.79,False,158.0,False,73.0,14.2,58.8,True,bmu,1,False,,2025091426
2025-09-15,1,2025-09-14 23:00:00,2025-09-15 00:00:00,SEP-2025,,Drax Power Ltd.DRAXX-1.LL,DRAXX-1,BIOMASS,125.0,150.0,1,PG_Constraint_Import,VDRAX,Trades and BM Actions,14.9,29.61,29.6,95.4,122.26999999999998,False,127.6,False,103.4,58.1,45.2,True,bmu,1,False,,2025091501
2025-09-15,1,2025-09-14 23:00:00,2025-09-15 00:00:00,SEP-2025,,RWE Supply & Trad~1.DIDCB5.LL,DIDCB5,CCGT,156.0,190.0,1,PG_Constraint_Import,VSCENTRAL,Trades and BM Actions,14.9,29.61,29.6,126.4,141.79,False,158.0,False,135.2,43.7,91.6,True,fuel_week,1,False,,2025091502
2025-09-15,2,2025-09-14 23:30:00,2025-09-15 00:30:00,SEP-2025,,Drax Power Ltd.DRAXX-1.LL,DRAXX-1,BIOMASS,125.0,150.0,1,PG_Constraint_Import,VDRAX,Trades and BM Actions,14.15,26.32,26.3,98.7,122.26999999999998,False,127.6,False,103.4,58.1,45.2,True,bmu,1,False,,2025091503
2025-09-15,2,2025-09-14 23:30:00,2025-09-15 00:30:00,SEP-2025,,RWE Supply & Trad~1.DIDCB5.LL,DIDCB5,CCGT,156.0,190.0,1,PG_Constraint_Import,VSCENTRAL,Trades and BM Actions,14.15,26.32,26.3,129.7,141.79,False,158.0,False,135.2,43.7,91.6,True,fuel_week,1,False,,2025091504
2025-09-15,3,2025-09-15 00:00:00,2025-09-15 01:00:00,SEP-2025,,Drax Power Ltd.DRAXX-1.LL,DRAXX-1,BIOMASS,125.0,150.0,1,PG_Constraint_Import,VDRAX,Trades and BM Actions,16.49,37.67,37.7,87.3,122.26999999999998,False,127.6,False,103.4,58.1,45.2,True,bmu,1,False,,2025091505
2025-09-15,3,2025-09-15 00:00:00,2025-09-15 01:00:00,SEP-2025,,RWE Supply & Trad~1.DIDCB5.LL,DIDCB5,CCGT,156.0,190.0,1,PG_Constraint_Import,VSCENTRAL,Trades and BM Actions,16.49,37.67,37.7,118.3,141.79,False,158.0,False,135.2,43.7,91.6,True,fuel_week,1,False,,2025091506
2025-09-15,4,2025-09-15 00:30:00,2025-09-15 01:30:00,SEP-2025,,Drax Power Ltd.DRAXX-1.LL,DRAXX-1,BIOMASS,125.0,150.0,1,PG_Constraint_Import,VDRAX,Trades and BM Actions,12.93,38.82,38.8,86.2,122.26999999999998,False,127.6,False,103.4,58.1,45.2,True,bmu,1,False,,2025091507
2025-09-15,4,2025-09-15 00:30:00,2025-09-15 01:30:00,SEP-2025,,RWE Supply & Trad~1.DIDCB5.LL,DIDCB5,CCGT,156.0,190.0,1,PG_Constraint_Import,VSCENTRAL,Trades and BM Actions,12.93,38.82,38.8,117.2,141.79,False,158.0,False,135.2,43.7,91.6,True,fuel_week,1,False,,2025091508
2025-09-15,5,2025-09-15 01:00:00,2025-09-15 02:00:00,SEP-2025,,Drax Power Ltd.DRAXX-1.LL,DRAXX-1,BIOMASS,125.0,150.0,1,PG_Constraint_Import,VDRAX,Trades and BM Actions,8.53,20.48,20.5,104.5,122.26999999999998,False,127.6,False,103.4,58.1,45.2,True,bmu,1,False,,2025091509
2025-09-15,5,2025-09-15 01:00:00,2025-09-15 02:00:00,SEP-2025,,RWE Supply & Trad~1.DIDCB5.LL,DIDCB5,CCGT,156.0,190.0,1,PG_Constraint_Import,VSCENTRAL,Trades and BM Actions,8.53,20.48,20.5,135.5,141.79,False,158.0,False,135.2,43.7,91.6,True,fuel_week,1,False,,2025091510
2025-09-15,6,2025-09-15 01:30:00,2025-09-15 02:30:00,SEP-2025,,Drax Power Ltd.DRAXX-1.LL,DRAXX-1,BIOMASS,125.0,150.0,1,PG_Constraint_Import,VDRAX,Trades and BM Actions,6.78,23.83,23.8,101.2,122.26999999999998,False,127.6,False,103.4,58.1,45.2,True,bmu,1,False,,2025091511
2025-09-15,6,2025-09-15 01:30:00,2025-09-15 02:30:00,SEP-2025,,RWE Supply & Trad~1.DIDCB5.LL,DIDCB5,CCGT,156.0,190.0,1,PG_Constraint_Import,VSCENTRAL,Trades and BM Actions,6.78,23.83,23.8,132.2,141.79,False,158.0,False,135.2,43.7,91.6,True,fuel_week,1,False,,2025091512
2025-09-15,7,2025-09-15 02:00:00,2025-09-15 03:00:00,SEP-2025,,Drax Power Ltd.DRAXX-1.LL,DRAXX-1,BIOMASS,125.0,150.0,1,PG_Constraint_Import,VDRAX,Trades and BM Actions,2.44,20.98,21.0,104.0,122.26999999999998,False,127.6,False,103.4,58.1,45.2,True,bmu,1,False,,2025091513
2025-09-15,7,2025-09-15 02:00:00,2025-09-15 03:00:00,SEP-2025,,RWE Supply & Trad~1.DIDCB5.LL,DIDCB5,CCGT,156.0,190.0,1,PG_Constraint_Import,VSCENTRAL,Trades and BM Actions,2.44,20.98,21.0,135.0,141.79,False,158.0,False,135.2,43.7,91.6,True,fuel_week,1,False,,2025091514
2025-09-15,8,2025-09-15 02:30:00,2025-09-15 03:30:00,SEP-2025,,Drax Power Ltd.DRAXX-1.LL,DRAXX-1,BIOMASS,125.0,150.0,1,PG_Constraint_Import,VDRAX,Trades and BM Actions,2.5,12.22,12.2,112.8,122.26999999999998,False,127.6,False,103.4,58.1,45.2,True,bmu,1,False,,2025091515
2025-09-15,8,2025-09-15 02:30:00,2025-09-15 03:30:00,SEP-2025,,RWE Supply & Trad~1.DIDCB5.LL,DIDCB5,CCGT,156.0,190.0,1,PG_Constraint_Import,VSCENTRAL,Trades and BM Actions,2.5,12.22,12.2,143.8,141.79,True,158.0,False,135.2,43.7,91.6,True,fuel_week,2,True,"C1,C3 | Delta=91.6 | Offer_price=156.0",2025091516
2025-09-15,9,2025-09-15 03:00:00,2025-09-15 04:00:00,SEP-2025,,Drax Power Ltd.DRAXX-1.LL,DRAXX-1,BIOMASS,125.0,150.0,1,PG_Constraint_Import,VDRAX,Trades and BM Actions,4.14,14.07,14.1,110.9,122.26999999999998,False,127.6,False,103.4,58.1,45.2,True,bmu,1,False,,2025091517
2025-09-15,9,2025-09-15 03:00:00,2025-09-15 04:00:00,SEP-2025,,RWE Supply & Trad~1.DIDCB5.LL,DIDCB5,CCGT,156.0,190.0,1,PG_Constraint_Import,VSCENTRAL,Trades and BM Actions,4.14,14.07,14.1,141.9,141.79,True,158.0,False,135.2,43.7,91.6,True,fuel_week,2,True,"C1,C3 | Delta=91.6 | Offer_price=156.0",2025091518
2025-09-15,10,2025-09-15 03:30:00,2025-09-15 04:30:00,SEP-2025,,Drax Power Ltd.DRAXX-1.LL,DRAXX-1,BIOMASS,125.0,150.0,1,PG_Constraint_Import,VDRAX,Trades and BM Actions,2.71,15.5,15.5,109.5,122.26999999999998,False,127.6,False,103.4,58.1,45.2,True,bmu,1,False,,2025091519
2025-09-15,10,2025-09-15 03:30:00,2025-09-15 04:30:00,SEP-2025,,RWE Supply & Trad~1.DIDCB5.LL,DIDCB5,CCGT,156.0,190.0,1,PG_Constraint_Import,VSCENTRAL,Trades and BM Actions,2.71,15.5,15.5,140.5,141.79,False,158.0,False,135.2,43.7,91.6,True,fuel_week,1,False,,2025091520
2025-09-15,11,2025-09-15 04:00:00,2025-09-15 05:00:00,SEP-2025,,Drax Power Ltd.DRAXX-1.LL,DRAXX-1,BIOMASS,125.0,150.0,1,PG_Constraint_Import,VDRAX,Trades and BM Actions,-12.74,6.67,6.7,118.3,122.26999999999998,False,127.6,False,103.4,58.1,45.2,True,bmu,1,False,,2025091521
2025-09-15,11,2025-09-15 04:00:00,2025-09-15 05:00:00,SEP-2025,,RWE Supply & Trad~1.DIDCB5.LL,DIDCB5,CCGT,156.0,190.0,1,PG_Constraint_Import,VSCENTRAL,Trades and BM Actions,-12.74,6.67,6.7,149.3,141.79,True,158.0,False,135.2,43.7,91.6,True,fuel_week,2,True,"C1,C3 | Delta=91.6 | Offer_price=156.0",2025091522
2025-09-15,12,2025-09-15 04:30:00,2025-09-15 05:30:00,SEP-2025,,Drax Power Ltd.DRAXX-1.LL,DRAXX-1,BIOMASS,125.0,150.0,1,PG_Constraint_Import,VDRAX,Trades and BM Actions,-7.67,4.95,5.0,120.0,122.26999999999998,False,127.6,False,103.4,58.1,45.2,True,bmu,1,False,,2025091523
2025-09-15,12,2025-09-15 04:30:00,2025-09-15 05:30:00,SEP-2025,,RWE Supply & Trad~1.DIDCB5.LL,DIDCB5,CCGT,156.0,190.0,1,PG_Constraint_Import,VSCENTRAL,Trades and BM Actions,-7.67,4.95,5.0,151.0,141.79,True,158.0,False,135.2,43.7,91.6,True,fuel_week,2,True,"C1,C3 | Delta=91.6 | Offer_price=156.0",2025091524
2025-09-15,13,2025-09-15 05:00:00,2025-09-15 06:00:00,SEP-2025,,Drax Power Ltd.DRAXX-1.LL,DRAXX-1,BIOMASS,125.0,150.0,1,PG_Constraint_Import,VDRAX,Trades and BM Actions,-1.54,14.3,14.3,110.7,122.26999999999998,False,127.6,False,103.4,58.1,45.2,True,bmu,1,False,,2025091525
2025-09-15,13,2025-09-15 05:00:00,2025-09-15 06:00:00,SEP-2025,,RWE Supply & Trad~1.DIDCB5.LL,DIDCB5,CCGT,156.0,190.0,1,PG_Constraint_Import,VSCENTRAL,Trades and BM Actions,-1.54,14.3,14.3,141.7,141.79,False,158.0,False,135.2,43.7,91.6,True,fuel_week,1,False,,2025091526
2025-09-15,14,2025-09-15 05:30:00,2025-09-15 06:30:00,SEP-2025,,Drax Power Ltd.DRAXX-1.LL,DRAXX-1,BIOMASS,125.0,150.0,1,PG_Constraint_Import,VDRAX,Trades and BM Actions,18.42,52.66,52.7,72.3,122.26999999999998,False,127.6,False,103.4,58.1,45.2,True,bmu,1,False,,2025091527
2025-09-15,14,2025-09-15 05:30:00,2025-09-15 06:30:00,SEP-2025,,RWE Supply & Trad~1.DIDCB5.LL,DIDCB5,CCGT,156.0,190.0,1,PG_Constraint_Import,VSCENTRAL,Trades and BM Actions,18.42,52.66,52.7,103.3,141.79,False,158.0,False,135.2,43.7,91.6,True,fuel_week,1,False,,2025091528
2025-09-15,43,2025-09-15 20:00:00,2025-09-15 21:00:00,SEP-2025,,SSE Energy Supply~1.MRWD-1.LL,MRWD-1,GAS,167.5,225.0,1,PG_Constraint_Import,VSCENTRAL,Trades and BM Actions,101.64,125.44,125.4,42.1,166.4,False,146.8,False,86.6,75.3,11.4,True,bmu,1,False,,2025091529
2025-09-15,44,2025-09-15 20:30:00,2025-09-15 21:30:00,SEP-2025,,SSE Energy Supply~1.MRWD-1.LL,MRWD-1,GAS,167.5,225.0,1,PG_Constraint_Import,VSCENTRAL,Trades and BM Actions,78.98,125.36,125.4,42.1,166.4,False,146.8,False,86.6,75.3,11.4,True,bmu,1,False,,2025091530
2025-09-15,45,2025-09-15 21:00:00,2025-09-15 22:00:00,SEP-2025,,SSE Energy Supply~1.MRWD-1.LL,MRWD-1,GAS,167.5,225.0,1,PG_Constraint_Import,VSCENTRAL,Trades and BM Actions,67.47,105.95,106.0,61.6,166.4,False,146.8,False,86.6,75.3,11.4,True,bmu,1,False,,2025091531
2025-09-15,46,2025-09-15 21:30:00,2025-09-15 22:30:00,SEP-2025,,SSE Energy Supply~1.MRWD-1.LL,MRWD-1,GAS,167.5,225.0,1,PG_Constraint_Import,VSCENTRAL,Trades and BM Actions,17.7,55.76,55.8,111.7,166.4,False,146.8,False,86.6,75.3,11.4,True,bmu,1,False,,2025091532
2025-09-15,47,2025-09-15 22:00:00,2025-09-15 23:00:00,SEP-2025,,Drax Power Ltd.DRAXX-1.LL,DRAXX-1,BIOMASS,125.0,150.0,1,PG_Constraint_Import,VDRAX,Trades and BM Actions,18.22,42.79,42.8,82.2,122.26999999999998,False,127.6,False,103.4,58.1,45.2,True,bmu,1,False,,2025091533
2025-09-15,47,2025-09-15 22:00:00,2025-09-15 23:00:00,SEP-2025,,SSE Energy Supply~1.MRWD-1.LL,MRWD-1,GAS,167.5,225.0,1,PG_Constraint_Import,VSCENTRAL,Trades and BM Actions,18.22,42.79,42.8,124.7,166.4,False,146.8,False,86.6,75.3,11.4,True,bmu,1,False,,2025091534
2025-09-15,48,2025-09-15 22:30:00,2025-09-15 23:30:00,SEP-2025,,Drax Power Ltd.DRAXX-1.LL,DRAXX-1,BIOMASS,125.0,150.0,1,PG_Constraint_Import,VDRAX,Trades and BM Actions,5.51,22.27,22.3,102.7,122.26999999999998,False,127.6,False,103.4,58.1,45.2,True,bmu,1,False,,2025091535
2025-09-15,48,2025-09-15 22:30:00,2025-09-15 23:30:00,SEP-2025,,SSE Energy Supply~1.MRWD-1.LL,MRWD-1,GAS,167.5,225.0,1,PG_Constraint_Import,VSCENTRAL,Trades and BM Actions,5.51,22.27,22.3,145.2,166.4,False,146.8,False,86.6,75.3,11.4,True,bmu,1,False,,2025091536
2025-09-16,1,2025-09-15 23:00:00,2025-09-16 00:00:00,SEP-2025,,Drax Power Ltd.DRAXX-1.LL,DRAXX-1,BIOMASS,125.0,150.0,1,PG_Constraint_Import,VDRAX,Trades and BM Actions,1.34,20.68,20.7,104.3,122.26999999999998,False,127.6,False,103.9,55.5,48.4,True,fuel_week,1,False,,2025091601
2025-09-16,1,2025-09-15 23:00:00,2025-09-16 00:00:00,SEP-2025,,SSE Energy Supply~1.MRWD-1.LL,MRWD-1,GAS,167.5,225.0,1,PG_Constraint_Import,VSCENTRAL,Trades and BM Actions,1.34,20.68,20.7,146.8,166.4,False,146.8,True,146.4,27.0,119.4,True,bmu,2,True,"C2,C3 | Abs_threshold=146.8 | Delta=119.4 | Offer_price=167.5",2025091602
2025-09-16,2,2025-09-15 23:30:00,2025-09-16 00:30:00,SEP-2025,,Drax Power Ltd.DRAXX-1.LL,DRAXX-1,BIOMASS,125.0,150.0,1,PG_Constraint_Import,VDRAX,Trades and BM Actions,-3.36,21.66,21.7,103.3,122.26999999999998,False,127.6,False,103.9,55.5,48.4,True,fuel_week,1,False,,2025091603
2025-09-16,2,2025-09-15 23:30:00,2025-09-16 00:30:00,SEP-2025,,SSE Energy Supply~1.MRWD-1.LL,MRWD-1,GAS,167.5,225.0,1,PG_Constraint_Import,VSCENTRAL,Trades and BM Actions,-3.36,21.66,21.7,145.8,166.4,False,146.8,False,146.4,27.0,119.4,True,bmu,1,False,,2025091604
2025-09-16,3,2025-09-16 00:00:00,2025-09-16 01:00:00,SEP-2025,,Drax Power Ltd.DRAXX-1.LL,DRAXX-1,BIOMASS,125.0,150.0,1,PG_Constraint_Import,VDRAX,Trades and BM Actions,-2.73,15.71,15.7,109.3,122.26999999999998,False,127.6,False,103.9,55.5,48.4,True,fuel_week,1,False,,2025091605
2025-09-16,3,2025-09-16 00:00:00,2025-09-16 01:00:00,SEP-2025,,SSE Energy Supply~1.MRWD-1.LL,MRWD-1,GAS,167.5,225.0,1,PG_Constraint_Import,VSCENTRAL,Trades and BM Actions,-2.73,15.71,15.7,151.8,166.4,False,146.8,True,146.4,27.0,119.4,True,bmu,2,True,"C2,C3 | Abs_threshold=146.8 | Delta=119.4 | Offer_price=167.5",2025091606
2025-09-16,4,2025-09-16 00:30:00,2025-09-16 01:30:00,SEP-2025,,Drax Power Ltd.DRAXX-1.LL,DRAXX-1,BIOMASS,125.0,150.0,1,PG_Constraint_Import,VDRAX,Trades and BM Actions,-3.8,17.37,17.4,107.6,122.26999999999998,False,127.6,False,103.9,55.5,48.4,True,fuel_week,1,False,,2025091607
2025-09-16,4,2025-09-16 00:30:00,2025-09-16 01:30:00,SEP-2025,,SSE Energy Supply~1.MRWD-1.LL,MRWD-1,GAS,167.5,225.0,1,PG_Constraint_Import,VSCENTRAL,Trades and BM Actions,-3.8,17.37,17.4,150.1,166.4,False,146.8,True,146.4,27.0,119.4,True,bmu,2,True,"C2,C3 | Abs_threshold=146.8 | Delta=119.4 | Offer_price=167.5",2025091608
2025-09-16,5,2025-09-16 01:00:00,2025-09-16 02:00:00,SEP-2025,,Drax Power Ltd.DRAXX-1.LL,DRAXX-1,BIOMASS,125.0,150.0,1,PG_Constraint_Import,VDRAX,Trades and BM Actions,-6.92,29.4,29.4,95.6,122.26999999999998,False,127.6,False,103.9,55.5,48.4,True,fuel_week,1,False,,2025091609
2025-09-16,5,2025-09-16 01:00:00,2025-09-16 02:00:00,SEP-2025,,SSE Energy Supply~1.MRWD-1.LL,MRWD-1,GAS,167.5,225.0,1,PG_Constraint_Import,VSCENTRAL,Trades and BM Actions,-6.92,29.4,29.4,138.1,166.4,False,146.8,False,146.4,27.0,119.4,True,bmu,1,False,,2025091610
2025-09-16,6,2025-09-16 01:30:00,2025-09-16 02:30:00,SEP-2025,,Drax Power Ltd.DRAXX-1.LL,DRAXX-1,BIOMASS,125.0,150.0,1,PG_Constraint_Import,VDRAX,Trades and BM Actions,-7.86,4.81,4.8,120.2,122.26999999999998,False,127.6,False,103.9,55.5,48.4,True,fuel_week,1,False,,2025091611
2025-09-16,6,2025-09-16 01:30:00,2025-09-16 02:30:00,SEP-2025,,SSE Energy Supply~1.MRWD-1.LL,MRWD-1,GAS,167.5,225.0,1,PG_Constraint_Import,VSCENTRAL,Trades and BM Actions,-7.86,4.81,4.8,162.7,166.4,False,146.8,True,146.4,27.0,119.4,True,bmu,2,True,"C2,C3 | Abs_threshold=146.8 | Delta=119.4 | Offer_price=167.5",2025091612
2025-09-16,7,2025-09-16 02:00:00,2025-09-16 03:00:00,SEP-2025,,Drax Power Ltd.DRAXX-1.LL,DRAXX-1,BIOMASS,125.0,150.0,1,PG_Constraint_Import,VDRAX,Trades and BM Actions,-13.98,-2.12,-2.1,127.1,122.26999999999998,True,127.6,False,103.9,55.5,48.4,True,fuel_week,2,True,"C1,C3 | Delta=48.4 | Offer_price=125.0",2025091613
2025-09-16,7,2025-09-16 02:00:00,2025-09-16 03:00:00,SEP-2025,,SSE Energy Supply~1.MRWD-1.LL,MRWD-1,GAS,167.5,225.0,1,PG_Constraint_Import,VSCENTRAL,Trades and BM Actions,-13.98,-2.12,-2.1,169.6,166.4,True,146.8,True,146.4,27.0,119.4,True,bmu,3,True,"C1,C2,C3 | Abs_threshold=146.8 | Delta=119.4 | Offer_price=167.5",2025091614
2025-09-16,8,2025-09-16 02:30:00,2025-09-16 03:30:00,SEP-2025,,Drax Power Ltd.DRAXX-1.LL,DRAXX-1,BIOMASS,125.0,150.0,1,PG_Constraint_Import,VDRAX,Trades and BM Actions,-14.98,-2.2,-2.2,127.2,122.26999999999998,True,127.6,False,103.9,55.5,48.4,True,fuel_week,2,True,"C1,C3 | Delta=48.4 | Offer_price=125.0",2025091615
2025-09-16,8,2025-09-16 02:30:00,2025-09-16 03:30:00,SEP-2025,,SSE Energy Supply~1.MRWD-1.LL,MRWD-1,GAS,167.5,225.0,1,PG_Constraint_Import,VSCENTRAL,Trades and BM Actions,-14.98,-2.2,-2.2,169.7,166.4,True,146.8,True,146.4,27.0,119.4,True,bmu,3,True,"C1,C2,C3 | Abs_threshold=146.8 | Delta=119.4 | Offer_price=167.5",2025091616
2025-09-16,9,2025-09-16 03:00:00,2025-09-16 04:00:00,SEP-2025,,Drax Power Ltd.DRAXX-1.LL,DRAXX-1,BIOMASS,125.0,150.0,1,PG_Constraint_Import,VDRAX,Trades and BM Actions,-4.92,12.92,12.9,112.1,122.26999999999998,False,127.6,False,103.9,55.5,48.4,True,fuel_week,1,False,,2025091617
2025-09-16,9,2025-09-16 03:00:00,2025-09-16 04:00:00,SEP-2025,,SSE Energy Supply~1.MRWD-1.LL,MRWD-1,GAS,167.5,225.0,1,PG_Constraint_Import,VSCENTRAL,Trades and BM Actions,-4.92,12.92,12.9,154.6,166.4,False,146.8,True,146.4,27.0,119.4,True,bmu,2,True,"C2,C3 | Abs_threshold=146.8 | Delta=119.4 | Offer_price=167.5",2025091618
2025-09-16,10,2025-09-16 03:30:00,2025-09-16 04:30:00,SEP-2025,,Drax Power Ltd.DRAXX-1.LL,DRAXX-1,BIOMASS,125.0,150.0,1,PG_Constraint_Import,VDRAX,Trades and BM Actions,-1.77,21.53,21.5,103.5,122.26999999999998,False,127.6,False,103.9,55.5,48.4,True,fuel_week,1,False,,2025091619
2025-09-16,10,2025-09-16 03:30:00,2025-09-16 04:30:00,SEP-2025,,SSE Energy Supply~1.MRWD-1.LL,MRWD-1,GAS,167.5,225.0,1,PG_Constraint_Import,VSCENTRAL,Trades and BM Actions,-1.77,21.53,21.5,146.0,166.4,False,146.8,False,146.4,27.0,119.4,True,bmu,1,False,,2025091620
2025-09-16,11,2025-09-16 04:00:00,2025-09-16 05:00:00,SEP-2025,,Drax Power Ltd.DRAXX-1.LL,DRAXX-1,BIOMASS,125.0,150.0,1,PG_Constraint_Import,VDRAX,Trades and BM Actions,11.38,38.47,38.5,86.5,122.26999999999998,False,127.6,False,103.9,55.5,48.4,True,fuel_week,1,False,,2025091621
2025-09-16,11,2025-09-16 04:00:00,2025-09-16 05:00:00,SEP-2025,,SSE Energy Supply~1.MRWD-1.LL,MRWD-1,GAS,167.5,225.0,1,PG_Constraint_Import,VSCENTRAL,Trades and BM Actions,11.38,38.47,38.5,129.0,166.4,False,146.8,False,146.4,27.0,119.4,True,bmu,1,False,,2025091622
2025-09-16,12,2025-09-16 04:30:00,2025-09-16 05:30:00,SEP-2025,,Drax Power Ltd.DRAXX-1.LL,DRAXX-1,BIOMASS,125.0,150.0,1,PG_Constraint_Import,VDRAX,Trades and BM Actions,14.46,35.97,36.0,89.0,122.26999999999998,False,127.6,False,103.9,55.5,48.4,True,fuel_week,1,False,,2025091623
2025-09-16,12,2025-09-16 04:30:00,2025-09-16 05:30:00,SEP-2025,,SSE Energy Supply~1.MRWD-1.LL,MRWD-1,GAS,167.5,225.0,1,PG_Constraint_Import,VSCENTRAL,Trades and BM Actions,14.46,35.97,36.0,131.5,166.4,False,146.8,False,146.4,27.0,119.4,True,bmu,1,False,,2025091624
2025-09-16,13,2025-09-16 05:00:00,2025-09-16 06:00:00,SEP-2025,,Drax Power Ltd.DRAXX-1.LL,DRAXX-1,BIOMASS,125.0,150.0,1,PG_Constraint_Import,VDRAX,Trades and BM Actions,22.72,40.0,40.0,85.0,122.26999999999998,False,127.6,False,103.9,55.5,48.4,True,fuel_week,1,False,,2025091625
2025-09-16,13,2025-09-16 05:00:00,2025-09-16 06:00:00,SEP-2025,,SSE Energy Supply~1.MRWD-1.LL,MRWD-1,GAS,167.5,225.0,1,PG_Constraint_Import,VSCENTRAL,Trades and BM Actions,22.72,40.0,40.0,127.5,166.4,False,146.8,False,146.4,27.0,119.4,True,bmu,1,False,,2025091626
2025-09-16,14,2025-09-16 05:30:00,2025-09-16 06:30:00,SEP-2025,,Drax Power Ltd.DRAXX-1.LL,DRAXX-1,BIOMASS,125.0,150.0,1,PG_Constraint_Import,VDRAX,Trades and BM Actions,38.78,63.6,63.6,61.4,122.26999999999998,False,127.6,False,103.9,55.5,48.4,True,fuel_week,1,False,,2025091627
2025-09-16,14,2025-09-16 05:30:00,2025-09-16 06:30:00,SEP-2025,,SSE Energy Supply~1.MRWD-1.LL,MRWD-1,GAS,167.5,225.0,1,PG_Constraint_Import,VSCENTRAL,Trades and BM Actions,38.78,63.6,63.6,103.9,166.4,False,146.8,False,146.4,27.0,119.4,True,bmu,1,False,,2025091628
2025-09-18,45,2025-09-18 21:00:00,2025-09-18 22:00:00,SEP-2025,,RWE Supply & Trad~1.DIDCB5.LL,DIDCB5,CCGT,158.0,190.0,1,PG_Constraint_Import,VSCENTRAL,Trades and BM Actions,79.66,92.84,92.8,65.2,141.79,False,158.0,False,78.4,43.7,34.6,True,fuel_week,1,False,,2025091801
2025-09-18,46,2025-09-18 21:30:00,2025-09-18 22:30:00,SEP-2025,,RWE Supply & Trad~1.DIDCB5.LL,DIDCB5,CCGT,158.0,190.0,1,PG_Constraint_Import,VSCENTRAL,Trades and BM Actions,65.16,80.5,80.5,77.5,141.79,False,158.0,False,78.4,43.7,34.6,True,fuel_week,1,False,,2025091802
2025-09-18,47,2025-09-18 22:00:00,2025-09-18 23:00:00,SEP-2025,,RWE Supply & Trad~1.DIDCB5.LL,DIDCB5,CCGT,158.0,190.0,1,PG_Constraint_Import,VSCENTRAL,Trades and BM Actions,46.47,78.75,78.8,79.2,141.79,False,158.0,False,78.4,43.7,34.6,True,fuel_week,1,False,,2025091803
2025-09-18,47,2025-09-18 22:00:00,2025-09-18 23:00:00,SEP-2025,,Shell Energy Euro~1.SEAB-2.LL,SEAB-2,CCGT,145.0,120.0,1,PG_Constraint_Import,VSCENTRAL,Trades and BM Actions,46.47,78.75,78.8,66.2,154.6,False,158.0,False,80.0,43.7,36.3,True,fuel_week,1,False,,2025091804
2025-09-18,48,2025-09-18 22:30:00,2025-09-18 23:30:00,SEP-2025,,RWE Supply & Trad~1.DIDCB5.LL,DIDCB5,CCGT,158.0,190.0,1,PG_Constraint_Import,VSCENTRAL,Trades and BM Actions,27.76,51.21,51.2,106.8,141.79,False,158.0,False,78.4,43.7,34.6,True,fuel_week,1,False,,2025091805
2025-09-18,48,2025-09-18 22:30:00,2025-09-18 23:30:00,SEP-2025,,Shell Energy Euro~1.SEAB-2.LL,SEAB-2,CCGT,145.0,120.0,1,PG_Constraint_Import,VSCENTRAL,Trades and BM Actions,27.76,51.21,51.2,93.8,154.6,False,158.0,False,80.0,43.7,36.3,True,fuel_week,1,False,,2025091806
2025-09-19,1,2025-09-18 23:00:00,2025-09-19 00:00:00,SEP-2025,,RWE Supply & Trad~1.DIDCB5.LL,DIDCB5,CCGT,158.0,190.0,1,PG_Constraint_Import,VSCENTRAL,Trades and BM Actions,27.86,47.98,48.0,110.0,141.79,False,158.0,False,122.0,21.3,100.7,True,bmu,1,False,,2025091901
2025-09-19,1,2025-09-18 23:00:00,2025-09-19 00:00:00,SEP-2025,,Shell Energy Euro~1.SEAB-2.LL,SEAB-2,CCGT,145.0,120.0,1,PG_Constraint_Import,VSCENTRAL,Trades and BM Actions,27.86,47.98,48.0,97.0,154.6,False,158.0,False,109.0,20.1,88.9,True,fuel_day,1,False,,2025091902
2025-09-19,2,2025-09-18 23:30:00,2025-09-19 00:30:00,SEP-2025,,RWE Supply & Trad~1.DIDCB5.LL,DIDCB5,CCGT,158.0,190.0,1,PG_Constraint_Import,VSCENTRAL,Trades and BM Actions,20.4,45.0,45.0,113.0,141.79,False,158.0,False,122.0,21.3,100.7,True,bmu,1,False,,2025091903
2025-09-19,2,2025-09-18 23:30:00,2025-09-19 00:30:00,SEP-2025,,Shell Energy Euro~1.SEAB-2.LL,SEAB-2,CCGT,145.0,120.0,1,PG_Constraint_Import,VSCENTRAL,Trades and BM Actions,20.4,45.0,45.0,100.0,154.6,False,158.0,False,109.0,20.1,88.9,True,fuel_day,1,False,,2025091904
2025-09-19,3,2025-09-19 00:00:00,2025-09-19 01:00:00,SEP-2025,,RWE Supply & Trad~1.DIDCB5.LL,DIDCB5,CCGT,158.0,190.0,1,PG_Constraint_Import,VSCENTRAL,Trades and BM Actions,18.66,46.62,46.6,111.4,141.79,False,158.0,False,122.0,21.3,100.7,True,bmu,1,False,,2025091905
2025-09-19,3,2025-09-19 00:00:00,2025-09-19 01:00:00,SEP-2025,,Shell Energy Euro~1.SEAB-2.LL,SEAB-2,CCGT,145.0,120.0,1,PG_Constraint_Import,VSCENTRAL,Trades and BM Actions,18.66,46.62,46.6,98.4,154.6,False,158.0,False,109.0,20.1,88.9,True,fuel_day,1,False,,2025091906
2025-09-19,4,2025-09-19 00:30:00,2025-09-19 01:30:00,SEP-2025,,RWE Supply & Trad~1.DIDCB5.LL,DIDCB5,CCGT,158.0,190.0,1,PG_Constraint_Import,VSCENTRAL,Trades and BM Actions,14.87,32.66,32.7,125.3,141.79,False,158.0,False,122.0,21.3,100.7,True,bmu,1,False,,2025091907
2025-09-19,4,2025-09-19 00:30:00,2025-09-19 01:30:00,SEP-2025,,Shell Energy Euro~1.SEAB-2.LL,SEAB-2,CCGT,145.0,120.0,1,PG_Constraint_Import,VSCENTRAL,Trades and BM Actions,14.87,32.66,32.7,112.3,154.6,False,158.0,False,109.0,20.1,88.9,True,fuel_day,1,False,,2025091908
2025-09-19,5,2025-09-19 01:00:00,2025-09-19 02:00:00,SEP-2025,,RWE Supply & Trad~1.DIDCB5.LL,DIDCB5,CCGT,158.0,190.0,1,PG_Constraint_Import,VSCENTRAL,Trades and BM Actions,9.8,29.76,29.8,128.2,141.79,False,158.0,False,122.0,21.3,100.7,True,bmu,1,False,,2025091909
2025-09-19,5,2025-09-19 01:00:00,2025-09-19 02:00:00,SEP-2025,,Shell Energy Euro~1.SEAB-2.LL,SEAB-2,CCGT,145.0,120.0,1,PG_Constraint_Import,VSCENTRAL,Trades and BM Actions,9.8,29.76,29.8,115.2,154.6,False,158.0,False,109.0,20.1,88.9,True,fuel_day,1,False,,2025091910
2025-09-19,6,2025-09-19 01:30:00,2025-09-19 02:30:00,SEP-2025,,RWE Supply & Trad~1.DIDCB5.LL,DIDCB5,CCGT,158.0,190.0,1,PG_Constraint_Import,VSCENTRAL,Trades and BM Actions,5.78,28.12,28.1,129.9,141.79,False,158.0,False,122.0,21.3,100.7,True,bmu,1,False,,2025091911
2025-09-19,6,2025-09-19 01:30:00,2025-09-19 02:30:00,SEP-2025,,Shell Energy Euro~1.SEAB-2.LL,SEAB-2,CCGT,145.0,120.0,1,PG_Constraint_Import,VSCENTRAL,Trades and BM Actions,5.78,28.12,28.1,116.9,154.6,False,158.0,False,109.0,20.1,88.9,True,fuel_day,1,False,,2025091912
2025-09-19,7,2025-09-19 02:00:00,2025-09-19 03:00:00,SEP-2025,,RWE Supply & Trad~1.DIDCB5.LL,DIDCB5,CCGT,158.0,190.0,1,PG_Constraint_Import,VSCENTRAL,Trades and BM Actions,1.77,40.0,40.0,118.0,141.79,False,158.0,False,122.0,21.3,100.7,True,bmu,1,False,,2025091913
2025-09-19,7,2025-09-19 02:00:00,2025-09-19 03:00:00,SEP-2025,,Shell Energy Euro~1.SEAB-2.LL,SEAB-2,CCGT,145.0,120.0,1,PG_Constraint_Import,VSCENTRAL,Trades and BM Actions,1.77,40.0,40.0,105.0,154.6,False,158.0,False,109.0,20.1,88.9,True,fuel_day,1,False,,2025091914
2025-09-19,8,2025-09-19 02:30:00,2025-09-19 03:30:00,SEP-2025,,RWE Supply & Trad~1.DIDCB5.LL,DIDCB5,CCGT,158.0,190.0,1,PG_Constraint_Import,VSCENTRAL,Trades and BM Actions,-0.73,30.0,30.0,128.0,141.79,False,158.0,False,122.0,21.3,100.7,True,bmu,1,False,,2025091915
2025-09-19,8,2025-09-19 02:30:00,2025-09-19 03:30:00,SEP-2025,,Shell Energy Euro~1.SEAB-2.LL,SEAB-2,CCGT,145.0,120.0,1,PG_Constraint_Import,VSCENTRAL,Trades and BM Actions,-0.73,30.0,30.0,115.0,154.6,False,158.0,False,109.0,20.1,88.9,True,fuel_day,1,False,,2025091916
2025-09-19,9,2025-09-19 03:00:00,2025-09-19 04:00:00,SEP-2025,,RWE Supply & Trad~1.DIDCB5.LL,DIDCB5,CCGT,158.0,190.0,1,PG_Constraint_Import,VSCENTRAL,Trades and BM Actions,-0.58,34.03,34.0,124.0,141.79,False,158.0,False,122.0,21.3,100.7,True,bmu,1,False,,2025091917
2025-09-19,9,2025-09-19 03:00:00,2025-09-19 04:00:00,SEP-2025,,Shell Energy Euro~1.SEAB-2.LL,SEAB-2,CCGT,145.0,120.0,1,PG_Constraint_Import,VSCENTRAL,Trades and BM Actions,-0.58,34.03,34.0,111.0,154.6,False,158.0,False,109.0,20.1,88.9,True,fuel_day,1,False,,2025091918
2025-09-19,10,2025-09-19 03:30:00,2025-09-19 04:30:00,SEP-2025,,RWE Supply & Trad~1.DIDCB5.LL,DIDCB5,CCGT,158.0,190.0,1,PG_Constraint_Import,VSCENTRAL,Trades and BM Actions,-2.96,35.79,35.8,122.2,141.79,False,158.0,False,122.0,21.3,100.7,True,bmu,1,False,,2025091919
2025-09-19,10,2025-09-19 03:30:00,2025-09-19 04:30:00,SEP-2025,,Shell Energy Euro~1.SEAB-2.LL,SEAB-2,CCGT,145.0,120.0,1,PG_Constraint_Import,VSCENTRAL,Trades and BM Actions,-2.96,35.79,35.8,109.2,154.6,False,158.0,False,109.0,20.1,88.9,True,fuel_day,1,False,,2025091920
2025-09-19,11,2025-09-19 04:00:00,2025-09-19 05:00:00,SEP-2025,,RWE Supply & Trad~1.DIDCB5.LL,DIDCB5,CCGT,158.0,190.0,1,PG_Constraint_Import,VSCENTRAL,Trades and BM Actions,0.84,20.0,20.0,138.0,141.79,False,158.0,False,122.0,21.3,100.7,True,bmu,1,False,,2025091921
2025-09-19,11,2025-09-19 04:00:00,2025-09-19 05:00:00,SEP-2025,,Shell Energy Euro~1.SEAB-2.LL,SEAB-2,CCGT,145.0,120.0,1,PG_Constraint_Import,VSCENTRAL,Trades and BM Actions,0.84,20.0,20.0,125.0,154.6,False,158.0,False,109.0,20.1,88.9,True,fuel_day,1,False,,2025091922
2025-09-19,12,2025-09-19 04:30:00,2025-09-19 05:30:00,SEP-2025,,RWE Supply & Trad~1.DIDCB5.LL,DIDCB5,CCGT,158.0,190.0,1,PG_Constraint_Import,VSCENTRAL,Trades and BM Actions,13.14,36.24,36.2,121.8,141.79,False,158.0,False,122.0,21.3,100.7,True,bmu,1,False,,2025091923
2025-09-19,12,2025-09-19 04:30:00,2025-09-19 05:30:00,SEP-2025,,Shell Energy Euro~1.SEAB-2.LL,SEAB-2,CCGT,145.0,120.0,1,PG_Constraint_Import,VSCENTRAL,Trades and BM Actions,13.14,36.24,36.2,108.8,154.6,False,158.0,False,109.0,20.1,88.9,True,fuel_day,1,False,,2025091924
2025-09-19,13,2025-09-19 05:00:00,2025-09-19 06:00:00,SEP-2025,,RWE Supply & Trad~1.DIDCB5.LL,DIDCB5,CCGT,158.0,190.0,1,PG_Constraint_Import,VSCENTRAL,Trades and BM Actions,31.08,42.98,43.0,115.0,141.79,False,158.0,False,122.0,21.3,100.7,True,bmu,1,False,,2025091925
2025-09-19,13,2025-09-19 05:00:00,2025-09-19 06:00:00,SEP-2025,,Shell Energy Euro~1.SEAB-2.LL,SEAB-2,CCGT,145.0,120.0,1,PG_Constraint_Import,VSCENTRAL,Trades and BM Actions,31.08,42.98,43.0,102.0,154.6,False,158.0,False,109.0,20.1,88.9,True,fuel_day,1,False,,2025091926
2025-09-19,14,2025-09-19 05:30:00,2025-09-19 06:30:00,SEP-2025,,RWE Supply & Trad~1.DIDCB5.LL,DIDCB5,CCGT,158.0,190.0,1,PG_Constraint_Import,VSCENTRAL,Trades and BM Actions,64.89,100.0,100.0,58.0,141.79,False,158.0,False,122.0,21.3,100.7,True,bmu,1,False,,2025091927
2025-09-19,14,2025-09-19 05:30:00,2025-09-19 06:30:00,SEP-2025,,Shell Energy Euro~1.SEAB-2.LL,SEAB-2,CCGT,145.0,120.0,1,PG_Constraint_Import,VSCENTRAL,Trades and BM Actions,64.89,100.0,100.0,45.0,154.6,False,158.0,False,109.0,20.1,88.9,True,fuel_day,1,False,,2025091928
2025-09-25,47,2025-09-25 22:00:00,2025-09-25 23:00:00,SEP-2025,,RWE Supply & Trad~1.PEMB-31.LL,PEMB-31,CCGT,143.0,109.5,1,PG_Constraint_Import,VSWALES,Trades and BM Actions,82.56,95.31,95.3,47.7,143.76,False,158.0,False,51.8,13.8,38.0,True,fuel_week,1,False,,2025092501
2025-09-25,48,2025-09-25 22:30:00,2025-09-25 23:30:00,SEP-2025,,RWE Supply & Trad~1.PEMB-31.LL,PEMB-31,CCGT,143.0,109.5,1,PG_Constraint_Import,VSWALES,Trades and BM Actions,77.23,87.0,87.0,56.0,143.76,False,158.0,False,51.8,13.8,38.0,True,fuel_week,1,False,,2025092502
2025-09-26,1,2025-09-25 23:00:00,2025-09-26 00:00:00,SEP-2025,,RWE Supply & Trad~1.PEMB-31.LL,PEMB-31,CCGT,143.0,109.5,1,PG_Constraint_Import,VSWALES,Trades and BM Actions,79.25,99.62,99.6,43.4,143.76,False,158.0,False,51.9,4.8,47.1,True,bmu,1,False,,2025092601
2025-09-26,2,2025-09-25 23:30:00,2025-09-26 00:30:00,SEP-2025,,RWE Supply & Trad~1.PEMB-31.LL,PEMB-31,CCGT,143.0,109.5,1,PG_Constraint_Import,VSWALES,Trades and BM Actions,79.43,91.97,92.0,51.0,143.76,False,158.0,False,51.9,4.8,47.1,True,bmu,1,False,,2025092602
2025-09-26,3,2025-09-26 00:00:00,2025-09-26 01:00:00,SEP-2025,,RWE Supply & Trad~1.PEMB-31.LL,PEMB-31,CCGT,143.0,109.5,1,PG_Constraint_Import,VSWALES,Trades and BM Actions,71.77,81.84,81.8,61.2,143.76,False,158.0,False,51.9,4.8,47.1,True,bmu,1,False,,2025092603
2025-09-26,4,2025-09-26 00:30:00,2025-09-26 01:30:00,SEP-2025,,RWE Supply & Trad~1.PEMB-31.LL,PEMB-31,CCGT,143.0,109.5,1,PG_Constraint_Import,VSWALES,Trades and BM Actions,73.29,88.39,88.4,54.6,143.76,False,158.0,False,51.9,4.8,47.1,True,bmu,1,False,,2025092604
2025-09-26,5,2025-09-26 01:00:00,2025-09-26 02:00:00,SEP-2025,,RWE Supply & Trad~1.PEMB-31.LL,PEMB-31,CCGT,143.0,109.5,1,PG_Constraint_Import,VSWALES,Trades and BM Actions,79.38,93.61,93.6,49.4,143.76,False,158.0,False,51.9,4.8,47.1,True,bmu,1,False,,2025092605
2025-09-26,6,2025-09-26 01:30:00,2025-09-26 02:30:00,SEP-2025,,RWE Supply & Trad~1.PEMB-31.LL,PEMB-31,CCGT,143.0,109.5,1,PG_Constraint_Import,VSWALES,Trades and BM Actions,80.92,95.98,96.0,47.0,143.76,False,158.0,False,51.9,4.8,47.1,True,bmu,1,False,,2025092606
2025-09-26,7,2025-09-26 02:00:00,2025-09-26 03:00:00,SEP-2025,,RWE Supply & Trad~1.PEMB-31.LL,PEMB-31,CCGT,143.0,109.5,1,PG_Constraint_Import,VSWALES,Trades and BM Actions,82.26,92.0,92.0,51.0,143.76,False,158.0,False,51.9,4.8,47.1,True,bmu,1,False,,2025092607
2025-09-26,8,2025-09-26 02:30:00,2025-09-26 03:30:00,SEP-2025,,RWE Supply & Trad~1.PEMB-31.LL,PEMB-31,CCGT,143.0,109.5,1,PG_Constraint_Import,VSWALES,Trades and BM Actions,81.05,88.28,88.3,54.7,143.76,False,158.0,False,51.9,4.8,47.1,True,bmu,1,False,,2025092608
2025-09-26,9,2025-09-26 03:00:00,2025-09-26 04:00:00,SEP-2025,,RWE Supply & Trad~1.PEMB-31.LL,PEMB-31,CCGT,143.0,109.5,1,PG_Constraint_Import,VSWALES,Trades and BM Actions,79.65,88.47,88.5,54.5,143.76,False,158.0,False,51.9,4.8,47.1,True,bmu,1,False,,2025092609
2025-09-26,10,2025-09-26 03:30:00,2025-09-26 04:30:00,SEP-2025,,RWE Supply & Trad~1.PEMB-31.LL,PEMB-31,CCGT,143.0,109.5,1,PG_Constraint_Import,VSWALES,Trades and BM Actions,79.18,84.85,84.8,58.2,143.76,False,158.0,False,51.9,4.8,47.1,True,bmu,1,False,,2025092610
2025-09-26,11,2025-09-26 04:00:00,2025-09-26 05:00:00,SEP-2025,,RWE Supply & Trad~1.PEMB-31.LL,PEMB-31,CCGT,143.0,109.5,1,PG_Constraint_Import,VSWALES,Trades and BM Actions,73.06,96.01,96.0,47.0,143.76,False,158.0,False,51.9,4.8,47.1,True,bmu,1,False,,2025092611
2025-09-26,12,2025-09-26 04:30:00,2025-09-26 05:30:00,SEP-2025,,RWE Supply & Trad~1.PEMB-31.LL,PEMB-31,CCGT,143.0,109.5,1,PG_Constraint_Import,VSWALES,Trades and BM Actions,70.63,90.22,90.2,52.8,143.76,False,158.0,False,51.9,4.8,47.1,True,bmu,1,False,,2025092612
2025-09-28,47,2025-09-28 22:00:00,2025-09-28 23:00:00,SEP-2025,,SSE Energy Supply~1.MRWD-1.LL,MRWD-1,GAS,163.0,225.0,1,PG_Constraint_Import,VSCENTRAL,Trades and BM Actions ,89.41,102.99,103.0,60.0,166.4,False,146.8,False,63.0,20.5,42.5,True,bmu,1,False,,2025092801
2025-09-28,48,2025-09-28 22:30:00,2025-09-28 23:30:00,SEP-2025,,SSE Energy Supply~1.MRWD-1.LL,MRWD-1,GAS,163.0,225.0,1,PG_Constraint_Import,VSCENTRAL,Trades and BM Actions ,82.92,97.0,97.0,66.0,166.4,False,146.8,False,63.0,20.5,42.5,True,bmu,1,False,,2025092802
2025-09-29,1,2025-09-28 23:00:00,2025-09-29 00:00:00,SEP-2025,,SSE Energy Supply~1.MRWD-1.LL,MRWD-1,GAS,163.0,225.0,1,PG_Constraint_Import,VSCENTRAL,Trades,79.15,87.41,87.4,75.6,166.4,False,146.8,False,76.5,7.4,69.1,True,fuel_week,1,False,,2025092901
2025-09-29,2,2025-09-28 23:30:00,2025-09-29 00:30:00,SEP-2025,,SSE Energy Supply~1.MRWD-1.LL,MRWD-1,GAS,163.0,225.0,1,PG_Constraint_Import,VSCENTRAL,Trades,76.84,85.55,85.6,77.4,166.4,False,146.8,False,76.5,7.4,69.1,True,fuel_week,1,False,,2025092902
2025-09-29,3,2025-09-29 00:00:00,2025-09-29 01:00:00,SEP-2025,,SSE Energy Supply~1.MRWD-1.LL,MRWD-1,GAS,163.0,225.0,1,PG_Constraint_Import,VSCENTRAL,Trades,82.25,90.02,90.0,73.0,166.4,False,146.8,False,76.5,7.4,69.1,True,fuel_week,1,False,,2025092903
2025-09-29,4,2025-09-29 00:30:00,2025-09-29 01:30:00,SEP-2025,,SSE Energy Supply~1.MRWD-1.LL,MRWD-1,GAS,163.0,225.0,1,PG_Constraint_Import,VSCENTRAL,Trades,81.98,94.53,94.5,68.5,166.4,False,146.8,False,76.5,7.4,69.1,True,fuel_week,1,False,,2025092904
2025-09-29,5,2025-09-29 01:00:00,2025-09-29 02:00:00,SEP-2025,,SSE Energy Supply~1.MRWD-1.LL,MRWD-1,GAS,163.0,225.0,1,PG_Constraint_Import,VSCENTRAL,Trades,81.87,89.99,90.0,73.0,166.4,False,146.8,False,76.5,7.4,69.1,True,fuel_week,1,False,,2025092905
2025-09-29,6,2025-09-29 01:30:00,2025-09-29 02:30:00,SEP-2025,,SSE Energy Supply~1.MRWD-1.LL,MRWD-1,GAS,163.0,225.0,1,PG_Constraint_Import,VSCENTRAL,Trades,78.43,85.4,85.4,77.6,166.4,False,146.8,False,76.5,7.4,69.1,True,fuel_week,1,False,,2025092906
2025-09-29,7,2025-09-29 02:00:00,2025-09-29 03:00:00,SEP-2025,,SSE Energy Supply~1.MRWD-1.LL,MRWD-1,GAS,163.0,225.0,1,PG_Constraint_Import,VSCENTRAL,Trades,78.93,84.46,84.5,78.5,166.4,False,146.8,False,76.5,7.4,69.1,True,fuel_week,1,False,,2025092907
2025-09-29,8,2025-09-29 02:30:00,2025-09-29 03:30:00,SEP-2025,,SSE Energy Supply~1.MRWD-1.LL,MRWD-1,GAS,163.0,225.0,1,PG_Constraint_Import,VSCENTRAL,Trades,77.11,84.17,84.2,78.8,166.4,False,146.8,False,76.5,7.4,69.1,True,fuel_week,1,False,,2025092908
2025-09-29,9,2025-09-29 03:00:00,2025-09-29 04:00:00,SEP-2025,,SSE Energy Supply~1.MRWD-1.LL,MRWD-1,GAS,163.0,225.0,1,PG_Constraint_Import,VSCENTRAL,Trades,80.25,90.82,90.8,72.2,166.4,False,146.8,False,76.5,7.4,69.1,True,fuel_week,1,False,,2025092909
2025-09-29,10,2025-09-29 03:30:00,2025-09-29 04:30:00,SEP-2025,,SSE Energy Supply~1.MRWD-1.LL,MRWD-1,GAS,163.0,225.0,1,PG_Constraint_Import,VSCENTRAL,Trades,74.48,80.73,80.7,82.3,166.4,False,146.8,False,76.5,7.4,69.1,True,fuel_week,1,False,,2025092910
2025-09-30,35,2025-09-30 16:00:00,2025-09-30 17:00:00,SEP-2025,,C A Commodities  ~1.ING-CACM1.LL,ING-CACM1,INTERCONNECTOR,182.7,15.0,1,PG_Constraint_Import,SEIMPPR33,Trades,114.45,138.11,138.1,44.6,44.675000000000004,False,147.3,False,37.6,2.9,34.6,True,fuel_week,1,False,,2025093001
2025-09-30,35,2025-09-30 16:00:00,2025-09-30 17:00:00,SEP-2025,,Danske Commoditie~1.ING-DSKC1.LL,ING-DSKC1,INTERCONNECTOR,183.365,50.0,1,PG_Constraint_Import,SEIMPPR33,Trades and BM Actions,114.45,138.11,138.1,45.3,44.675000000000004,True,147.3,False,38.8,2.9,35.8,True,fuel_week,2,True,"C1,C3 | Delta=35.8 | Offer_price=183.4",2025093002
2025-09-30,35,2025-09-30 16:00:00,2025-09-30 17:00:00,SEP-2025,,MFT Energy A/S.ING-MFTE1.LL,ING-MFTE1,INTERCONNECTOR,184.4,25.0,1,PG_Constraint_Import,SEIMPPR33,Trades and BM Actions,114.45,138.11,138.1,46.3,44.675000000000004,True,147.3,False,8.6,2.9,5.7,False,fuel_week,1,False,,2025093003
2025-09-30,35,2025-09-30 16:00:00,2025-09-30 17:00:00,SEP-2025,,Northpool B_V_.ING-NTPL1.LL,ING-NTPL1,INTERCONNECTOR,177.48,100.0,1,PG_Constraint_Import,SEIMPPR33,Trades and BM Actions,114.45,138.11,138.1,39.4,44.675000000000004,False,147.3,False,38.2,2.9,35.4,True,fuel_week,1,False,,2025093004
2025-09-30,35,2025-09-30 16:00:00,2025-09-30 17:00:00,SEP-2025,,Outlook Energy Ltd.ING-OUTL1.LL,ING-OUTL1,INTERCONNECTOR,187.66,110.0,1,PG_Constraint_Import,SEIMPPR33,Trades and BM Actions,114.45,138.11,138.1,49.5,44.675000000000004,True,147.3,False,-4.0,2.9,-6.8,False,fuel_week,1,False,,2025093005
2025-09-30,35,2025-09-30 16:00:00,2025-09-30 17:00:00,SEP-2025,,PowerMart ApS.ING-PWMR1.LL,ING-PWMR1,INTERCONNECTOR,182.85,250.0,1,PG_Constraint_Import,SEIMPPR33,Trades and BM Actions,114.45,138.11,138.1,44.7,44.675000000000004,True,147.3,False,34.8,2.9,32.0,True,fuel_week,2,True,"C1,C3 | Delta=32.0 | Offer_price=182.8",2025093006
2025-09-30,36,2025-09-30 16:30:00,2025-09-30 17:30:00,SEP-2025,,C A Commodities  ~1.ING-CACM1.LL,ING-CACM1,INTERCONNECTOR,182.7,15.0,1,PG_Constraint_Import,SEIMPPR33,Trades,131.71,165.0,165.0,17.7,44.675000000000004,False,147.3,False,37.6,2.9,34.6,True,fuel_week,1,False,,2025093007
2025-09-30,36,2025-09-30 16:30:00,2025-09-30 17:30:00,SEP-2025,,Danske Commoditie~1.ING-DSKC1.LL,ING-DSKC1,INTERCONNECTOR,183.365,50.0,1,PG_Constraint_Import,SEIMPPR33,Trades and BM Actions,131.71,165.0,165.0,18.4,44.675000000000004,False,147.3,False,38.8,2.9,35.8,True,fuel_week,1,False,,2025093008
2025-09-30,36,2025-09-30 16:30:00,2025-09-30 17:30:00,SEP-2025,,MFT Energy A/S.ING-MFTE1.LL,ING-MFTE1,INTERCONNECTOR,184.4,25.0,1,PG_Constraint_Import,SEIMPPR33,Trades and BM Actions,131.71,165.0,165.0,19.4,44.675000000000004,False,147.3,False,8.6,2.9,5.7,False,fuel_week,0,False,,2025093009
2025-09-30,36,2025-09-30 16:30:00,2025-09-30 17:30:00,SEP-2025,,Northpool B_V_.ING-NTPL1.LL,ING-NTPL1,INTERCONNECTOR,177.48,100.0,1,PG_Constraint_Import,SEIMPPR33,Trades and BM Actions,131.71,165.0,165.0,12.5,44.675000000000004,False,147.3,False,38.2,2.9,35.4,True,fuel_week,1,False,,2025093010
2025-09-30,36,2025-09-30 16:30:00,2025-09-30 17:30:00,SEP-2025,,Outlook Energy Ltd.ING-OUTL1.LL,ING-OUTL1,INTERCONNECTOR,187.66,110.0,1,PG_Constraint_Import,SEIMPPR33,Trades and BM Actions,131.71,165.0,165.0,22.7,44.675000000000004,False,147.3,False,-4.0,2.9,-6.8,False,fuel_week,0,False,,2025093011
2025-09-30,36,2025-09-30 16:30:00,2025-09-30 17:30:00,SEP-2025,,PowerMart ApS.ING-PWMR1.LL,ING-PWMR1,INTERCONNECTOR,182.85,250.0,1,PG_Constraint_Import,SEIMPPR33,Trades and BM Actions,131.71,165.0,165.0,17.8,44.675000000000004,False,147.3,False,34.8,2.9,32.0,True,fuel_week,1,False,,2025093012
2025-09-30,37,2025-09-30 17:00:00,2025-09-30 18:00:00,SEP-2025,,C A Commodities  ~1.ING-CACM1.LL,ING-CACM1,INTERCONNECTOR,194.88,15.0,1,PG_Constraint_Import,SEIMPPR33,Trades,133.62,158.64,158.6,36.2,44.675000000000004,False,147.3,False,37.6,2.9,34.6,True,fuel_week,1,False,,2025093013
2025-09-30,37,2025-09-30 17:00:00,2025-09-30 18:00:00,SEP-2025,,Danske Commoditie~1.ING-DSKC1.LL,ING-DSKC1,INTERCONNECTOR,196.068,100.0,1,PG_Constraint_Import,SEIMPPR33,Trades and BM Actions,133.62,158.64,158.6,37.4,44.675000000000004,False,147.3,False,38.8,2.9,35.8,True,fuel_week,1,False,,2025093014
2025-09-30,37,2025-09-30 17:00:00,2025-09-30 18:00:00,SEP-2025,,In Commodities A/S.IBG-INCM1.LL,IBG-INCM1,INTERCONNECTOR,200.58,50.0,1,PG_Constraint_Import,SEIMPPR33,Trades and BM Actions,133.62,158.64,158.6,41.9,44.675000000000004,False,147.3,False,43.2,2.9,40.4,True,fuel_week,1,False,,2025093015
2025-09-30,37,2025-09-30 17:00:00,2025-09-30 18:00:00,SEP-2025,,MFT Energy A/S.ING-MFTE1.LL,ING-MFTE1,INTERCONNECTOR,196.01,25.0,1,PG_Constraint_Import,SEIMPPR33,Trades and BM Actions,133.62,158.64,158.6,37.4,44.675000000000004,False,147.3,False,8.6,2.9,5.7,False,fuel_week,0,False,,2025093016
2025-09-30,37,2025-09-30 17:00:00,2025-09-30 18:00:00,SEP-2025,,Northpool B_V_.ING-NTPL1.LL,ING-NTPL1,INTERCONNECTOR,195.75,50.0,1,PG_Constraint_Import,SEIMPPR33,Trades and BM Actions,133.62,158.64,158.6,37.1,44.675000000000004,False,147.3,False,38.2,2.9,35.4,True,fuel_week,1,False,,2025093017
2025-09-30,37,2025-09-30 17:00:00,2025-09-30 18:00:00,SEP-2025,,PowerMart ApS.ING-PWMR1.LL,ING-PWMR1,INTERCONNECTOR,192.167,210.0,1,PG_Constraint_Import,SEIMPPR33,Trades and BM Actions,133.62,158.64,158.6,33.5,44.675000000000004,False,147.3,False,34.8,2.9,32.0,True,fuel_week,1,False,,2025093018
2025-09-30,38,2025-09-30 17:30:00,2025-09-30 18:30:00,SEP-2025,,C A Commodities  ~1.ING-CACM1.LL,ING-CACM1,INTERCONNECTOR,194.88,15.0,1,PG_Constraint_Import,SEIMPPR33,Trades,130.27,155.99,156.0,38.9,44.675000000000004,False,147.3,False,37.6,2.9,34.6,True,fuel_week,1,False,,2025093019
2025-09-30,38,2025-09-30 17:30:00,2025-09-30 18:30:00,SEP-2025,,Danske Commoditie~1.ING-DSKC1.LL,ING-DSKC1,INTERCONNECTOR,196.068,100.0,1,PG_Constraint_Import,SEIMPPR33,Trades and BM Actions,130.27,155.99,156.0,40.1,44.675000000000004,False,147.3,False,38.8,2.9,35.8,True,fuel_week,1,False,,2025093020
2025-09-30,38,2025-09-30 17:30:00,2025-09-30 18:30:00,SEP-2025,,In Commodities A/S.IBG-INCM1.LL,IBG-INCM1,INTERCONNECTOR,200.58,50.0,1,PG_Constraint_Import,SEIMPPR33,Trades and BM Actions,130.27,155.99,156.0,44.6,44.675000000000004,False,147.3,False,43.2,2.9,40.4,True,fuel_week,1,False,,2025093021
2025-09-30,38,2025-09-30 17:30:00,2025-09-30 18:30:00,SEP-2025,,MFT Energy A/S.ING-MFTE1.LL,ING-MFTE1,INTERCONNECTOR,196.01,25.0,1,PG_Constraint_Import,SEIMPPR33,Trades and BM Actions,130.27,155.99,156.0,40.0,44.675000000000004,False,147.3,False,8.6,2.9,5.7,False,fuel_week,0,False,,2025093022
2025-09-30,38,2025-09-30 17:30:00,2025-09-30 18:30:00,SEP-2025,,Northpool B_V_.ING-NTPL1.LL,ING-NTPL1,INTERCONNECTOR,195.75,50.0,1,PG_Constraint_Import,SEIMPPR33,Trades and BM Actions,130.27,155.99,156.0,39.8,44.675000000000004,False,147.3,False,38.2,2.9,35.4,True,fuel_week,1,False,,2025093023
2025-09-30,38,2025-09-30 17:30:00,2025-09-30 18:30:00,SEP-2025,,PowerMart ApS.ING-PWMR1.LL,ING-PWMR1,INTERCONNECTOR,192.167,210.0,1,PG_Constraint_Import,SEIMPPR33,Trades and BM Actions,130.27,155.99,156.0,36.2,44.675000000000004,False,147.3,False,34.8,2.9,32.0,True,fuel_week,1,False,,2025093024
2025-09-30,39,2025-09-30 18:00:00,2025-09-30 19:00:00,SEP-2025,,C A Commodities  ~1.IBG-CACM1.LL,IBG-CACM1,INTERCONNECTOR,111.8,11.5,1,PG_Constraint_Import,SEIMPPR33,Trades and BM Actions,107.44,124.02,124.0,-12.2,44.675000000000004,False,147.3,False,-8.7,2.9,-11.6,False,fuel_week,0,False,,2025093025
2025-09-30,39,2025-09-30 18:00:00,2025-09-30 19:00:00,SEP-2025,,Danske Commoditie~1.IBG-DSKC1.LL,IBG-DSKC1,INTERCONNECTOR,112.74,9.0,1,PG_Constraint_Import,SEIMPPR33,Trades and BM Actions,107.44,124.02,124.0,-11.3,44.675000000000004,False,147.3,False,-7.8,2.9,-10.6,False,fuel_week,0,False,,2025093026
2025-09-30,39,2025-09-30 18:00:00,2025-09-30 19:00:00,SEP-2025,,MFT Energy A/S.IBG-MFTE1.LL,IBG-MFTE1,INTERCONNECTOR,111.64,50.0,1,PG_Constraint_Import,SEIMPPR33,Trades and BM Actions,107.44,124.02,124.0,-12.4,44.675000000000004,False,147.3,False,-8.8,2.9,-11.8,False,fuel_week,0,False,,2025093027
2025-09-30,39,2025-09-30 18:00:00,2025-09-30 19:00:00,SEP-2025,,MFT Energy A/S.ING-MFTE1.LL,ING-MFTE1,INTERCONNECTOR,110.07,49.5,1,PG_Constraint_Import,SEIMPPR33,Trades and BM Actions,107.44,124.02,124.0,-14.0,44.675000000000004,False,147.3,False,8.6,2.9,5.7,False,fuel_week,0,False,,2025093028
2025-09-30,39,2025-09-30 18:00:00,2025-09-30 19:00:00,SEP-2025,,Nitor Energy A/S.ING-NITR1.LL,ING-NITR1,INTERCONNECTOR,112.17,10.0,1,PG_Constraint_Import,SEIMPPR33,Trades and BM Actions,107.44,124.02,124.0,-11.8,44.675000000000004,False,147.3,False,-8.3,2.9,-11.2,False,fuel_week,0,False,,2025093029
2025-09-30,39,2025-09-30 18:00:00,2025-09-30 19:00:00,SEP-2025,,Northpool B_V_.IBG-NTPL1.LL,IBG-NTPL1,INTERCONNECTOR,111.36,100.0,1,PG_Constraint_Import,SEIMPPR33,Trades and BM Actions,107.44,124.02,124.0,-12.7,44.675000000000004,False,147.3,False,-9.1,2.9,-12.0,False,fuel_week,0,False,,2025093030
2025-09-30,39,2025-09-30 18:00:00,2025-09-30 19:00:00,SEP-2025,,Outlook Energy Ltd.ING-OUTL1.LL,ING-OUTL1,INTERCONNECTOR,112.58,95.0,1,PG_Constraint_Import,SEIMPPR33,Trades and BM Actions,107.44,124.02,124.0,-11.4,44.675000000000004,False,147.3,False,-4.0,2.9,-6.8,False,fuel_week,0,False,,2025093031
2025-09-30,39,2025-09-30 18:00:00,2025-09-30 19:00:00,SEP-2025,,PowerMart ApS.IBG-PWMR1.LL,IBG-PWMR1,INTERCONNECTOR,102.5,50.0,1,PG_Constraint_Import,SEIMPPR33,Trades and BM Actions,107.44,124.02,124.0,-21.5,44.675000000000004,False,147.3,False,-18.0,2.9,-20.9,False,fuel_week,0,False,,2025093032
2025-09-30,40,2025-09-30 18:30:00,2025-09-30 19:30:00,SEP-2025,,C A Commodities  ~1.IBG-CACM1.LL,IBG-CACM1,INTERCONNECTOR,111.8,11.5,1,PG_Constraint_Import,SEIMPPR33,Trades and BM Actions,100.59,116.99,117.0,-5.2,44.675000000000004,False,147.3,False,-8.7,2.9,-11.6,False,fuel_week,0,False,,2025093033
2025-09-30,40,2025-09-30 18:30:00,2025-09-30 19:30:00,SEP-2025,,Danske Commoditie~1.IBG-DSKC1.LL,IBG-DSKC1,INTERCONNECTOR,112.74,9.0,1,PG_Constraint_Import,SEIMPPR33,Trades and BM Actions,100.59,116.99,117.0,-4.2,44.675000000000004,False,147.3,False,-7.8,2.9,-10.6,False,fuel_week,0,False,,2025093034
2025-09-30,40,2025-09-30 18:30:00,2025-09-30 19:30:00,SEP-2025,,MFT Energy A/S.IBG-MFTE1.LL,IBG-MFTE1,INTERCONNECTOR,111.64,50.0,1,PG_Constraint_Import,SEIMPPR33,Trades and BM Actions,100.59,116.99,117.0,-5.3,44.675000000000004,False,147.3,False,-8.8,2.9,-11.8,False,fuel_week,0,False,,2025093035
2025-09-30,40,2025-09-30 18:30:00,2025-09-30 19:30:00,SEP-2025,,MFT Energy A/S.ING-MFTE1.LL,ING-MFTE1,INTERCONNECTOR,110.07,49.5,1,PG_Constraint_Import,SEIMPPR33,Trades and BM Actions,100.59,116.99,117.0,-6.9,44.675000000000004,False,147.3,False,8.6,2.9,5.7,False,fuel_week,0,False,,2025093036
2025-09-30,40,2025-09-30 18:30:00,2025-09-30 19:30:00,SEP-2025,,Nitor Energy A/S.ING-NITR1.LL,ING-NITR1,INTERCONNECTOR,112.17,10.0,1,PG_Constraint_Import,SEIMPPR33,Trades and BM Actions,100.59,116.99,117.0,-4.8,44.675000000000004,False,147.3,False,-8.3,2.9,-11.2,False,fuel_week,0,False,,2025093037
2025-09-30,40,2025-09-30 18:30:00,2025-09-30 19:30:00,SEP-2025,,Northpool B_V_.IBG-NTPL1.LL,IBG-NTPL1,INTERCONNECTOR,111.36,100.0,1,PG_Constraint_Import,SEIMPPR33,Trades and BM Actions,100.59,116.99,117.0,-5.6,44.675000000000004,False,147.3,False,-9.1,2.9,-12.0,False,fuel_week,0,False,,2025093038
2025-09-30,40,2025-09-30 18:30:00,2025-09-30 19:30:00,SEP-2025,,Outlook Energy Ltd.ING-OUTL1.LL,ING-OUTL1,INTERCONNECTOR,112.58,95.0,1,PG_Constraint_Import,SEIMPPR33,Trades and BM Actions,100.59,116.99,117.0,-4.4,44.675000000000004,False,147.3,False,-4.0,2.9,-6.8,False,fuel_week,0,False,,2025093039
2025-09-30,40,2025-09-30 18:30:00,2025-09-30 19:30:00,SEP-2025,,PowerMart ApS.IBG-PWMR1.LL,IBG-PWMR1,INTERCONNECTOR,102.5,50.0,1,PG_Constraint_Import,SEIMPPR33,Trades and BM Actions,100.59,116.99,117.0,-14.5,44.675000000000004,False,147.3,False,-18.0,2.9,-20.9,False,fuel_week,0,False,,2025093040
2025-09-30,41,2025-09-30 19:00:00,2025-09-30 20:00:00,SEP-2025,,MFT Energy A/S.IBG-MFTE1.LL,IBG-MFTE1,INTERCONNECTOR,93.74,3.0,1,PG_Constraint_Import,SEIMPPR33,Trades and BM Actions,94.51,111.44,111.4,-17.7,44.675000000000004,False,147.3,False,-8.8,2.9,-11.8,False,fuel_week,0,False,,2025093041
2025-09-30,41,2025-09-30 19:00:00,2025-09-30 20:00:00,SEP-2025,,MFT Energy A/S.ING-MFTE1.LL,ING-MFTE1,INTERCONNECTOR,92.54,49.5,1,PG_Constraint_Import,SEIMPPR33,Trades and BM Actions,94.51,111.44,111.4,-18.9,44.675000000000004,False,147.3,False,8.6,2.9,5.7,False,fuel_week,0,False,,2025093042
2025-09-30,41,2025-09-30 19:00:00,2025-09-30 20:00:00,SEP-2025,,Outlook Energy Ltd.ING-OUTL1.LL,ING-OUTL1,INTERCONNECTOR,91.14,47.5,1,PG_Constraint_Import,SEIMPPR33,Trades and BM Actions,94.51,111.44,111.4,-20.3,44.675000000000004,False,147.3,False,-4.0,2.9,-6.8,False,fuel_week,0,False,,2025093043
2025-09-30,42,2025-09-30 19:30:00,2025-09-30 20:30:00,SEP-2025,,MFT Energy A/S.IBG-MFTE1.LL,IBG-MFTE1,INTERCONNECTOR,93.74,3.0,1,PG_Constraint_Import,SEIMPPR33,Trades and BM Actions,81.2,94.68,94.7,-0.9,44.675000000000004,False,147.3,False,-8.8,2.9,-11.8,False,fuel_week,0,False,,2025093044
2025-09-30,42,2025-09-30 19:30:00,2025-09-30 20:30:00,SEP-2025,,MFT Energy A/S.ING-MFTE1.LL,ING-MFTE1,INTERCONNECTOR,92.54,49.5,1,PG_Constraint_Import,SEIMPPR33,Trades and BM Actions,81.2,94.68,94.7,-2.1,44.675000000000004,False,147.3,False,8.6,2.9,5.7,False,fuel_week,0,False,,2025093045
2025-09-30,42,2025-09-30 19:30:00,2025-09-30 20:30:00,SEP-2025,,Outlook Energy Ltd.ING-OUTL1.LL,ING-OUTL1,INTERCONNECTOR,91.14,47.5,1,PG_Constraint_Import,SEIMPPR33,Trades and BM Actions,81.2,94.68,94.7,-3.5,44.675000000000004,False,147.3,False,-4.0,2.9,-6.8,False,fuel_week,0,False,,2025093046
